2026-06-11 15:01:51  INFO     ============================================================
2026-06-11 15:01:51  INFO     COM session START: test.docx
2026-06-11 15:01:51  DEBUG      Platform: Windows
2026-06-11 15:01:51  DEBUG      pywin32 imported OK
2026-06-11 15:01:51  DEBUG      CoInitialize OK
2026-06-11 15:01:53  DEBUG      Word.Application dispatched OK
2026-06-11 15:01:53  DEBUG      Document opened OK: D:\.IT_Projects\CLIs\Rhema - Auto Formatter\version 5\Rhema\output\test.docx
2026-06-11 15:01:53  INFO       Applying professional formatting rules ...
2026-06-11 15:01:53  DEBUG      Total paragraphs in document: 703
2026-06-11 15:01:53  DEBUG      Body scan error at para 1: '<win32com.gen_py.Microsoft Word 16.0 Object Library.Style instance at 0x2668487611392>' object has no attribute 'Name'
2026-06-11 15:01:53  DEBUG      Body scan error at para 2: '<win32com.gen_py.Microsoft Word 16.0 Object Library.Style instance at 0x2668488050000>' object has no attribute 'Name'
2026-06-11 15:01:53  DEBUG      Body scan error at para 3: '<win32com.gen_py.Microsoft Word 16.0 Object Library.Style instance at 0x2668488059280>' object has no attribute 'Name'
2026-06-11 15:01:53  DEBUG      Body scan error at para 4: '<win32com.gen_py.Microsoft Word 16.0 Object Library.Style instance at 0x2668487834240>' object has no attribute 'Name'
2026-06-11 15:01:54  DEBUG      Body scan error at para 5: '<win32com.gen_py.Microsoft Word 16.0 Object Library.Style instance at 0x2668487834544>' object has no attribute 'Name'
2026-06-11 15:01:54  DEBUG      Body scan error at para 6: '<win32com.gen_py.Microsoft Word 16.0 Object Library.Style instance at 0x2668533235248>' object has no attribute 'Name'
2026-06-11 15:01:54  DEBUG      Body scan error at para 7: '<win32com.gen_py.Microsoft Word 16.0 Object Library.Style instance at 0x2668537004928>' object has no attribute 'Name'
2026-06-11 15:01:54  DEBUG      Body scan error at para 8: '<win32com.gen_py.Microsoft Word 16.0 Object Library.Style instance at 0x2668537004656>' object has no attribute 'Name'
2026-06-11 15:01:54  DEBUG      Body scan error at para 9: '<win32com.gen_py.Microsoft Word 16.0 Object Library.Style instance at 0x2668487849808>' object has no attribute 'Name'
2026-06-11 15:01:54  DEBUG      Body scan error at para 10: '<win32com.gen_py.Microsoft Word 16.0 Object Library.Style instance at 0x2668487849808>' object has no attribute 'Name'
2026-06-11 15:01:54  DEBUG      Body scan error at para 11: '<win32com.gen_py.Microsoft Word 16.0 Object Library.Style instance at 0x2668487029728>' object has no attribute 'Name'
2026-06-11 15:01:54  DEBUG      Body scan error at para 12: '<win32com.gen_py.Microsoft Word 16.0 Object Library.Style instance at 0x2668487029248>' object has no attribute 'Name'
2026-06-11 15:01:54  DEBUG      Body scan error at para 13: '<win32com.gen_py.Microsoft Word 16.0 Object Library.Style instance at 0x2668487521264>' object has no attribute 'Name'
2026-06-11 15:01:54  DEBUG      Body scan error at para 14: '<win32com.gen_py.Microsoft Word 16.0 Object Library.Style instance at 0x2668487520368>' object has no attribute 'Name'
2026-06-11 15:01:54  DEBUG      Body scan error at para 15: '<win32com.gen_py.Microsoft Word 16.0 Object Library.Style instance at 0x2668487715472>' object has no attribute 'Name'
2026-06-11 15:01:54  DEBUG      Body scan error at para 16: '<win32com.gen_py.Microsoft Word 16.0 Object Library.Style instance at 0x2668487389072>' object has no attribute 'Name'
2026-06-11 15:01:54  DEBUG      Body scan error at para 17: '<win32com.gen_py.Microsoft Word 16.0 Object Library.Style instance at 0x2668487388880>' object has no attribute 'Name'
2026-06-11 15:01:54  DEBUG      Body scan error at para 18: '<win32com.gen_py.Microsoft Word 16.0 Object Library.Style instance at 0x2668488000272>' object has no attribute 'Name'
2026-06-11 15:01:54  DEBUG      Body scan error at para 19: '<win32com.gen_py.Microsoft Word 16.0 Object Library.Style instance at 0x2668487681568>' object has no attribute 'Name'
2026-06-11 15:01:54  DEBUG      Body scan error at para 20: '<win32com.gen_py.Microsoft Word 16.0 Object Library.Style instance at 0x2668532126960>' object has no attribute 'Name'
2026-06-11 15:01:54  DEBUG      Body scan error at para 21: '<win32com.gen_py.Microsoft Word 16.0 Object Library.Style instance at 0x2668532130960>' object has no attribute 'Name'
2026-06-11 15:01:54  DEBUG      Body scan error at para 22: '<win32com.gen_py.Microsoft Word 16.0 Object Library.Style instance at 0x2668488339488>' object has no attribute 'Name'
2026-06-11 15:01:54  DEBUG      Body scan error at para 23: '<win32com.gen_py.Microsoft Word 16.0 Object Library.Style instance at 0x2668488024528>' object has no attribute 'Name'
2026-06-11 15:01:54  DEBUG      Body scan error at para 24: '<win32com.gen_py.Microsoft Word 16.0 Object Library.Style instance at 0x2668537066960>' object has no attribute 'Name'
2026-06-11 15:01:54  DEBUG      Body scan error at para 25: '<win32com.gen_py.Microsoft Word 16.0 Object Library.Style instance at 0x2668488035472>' object has no attribute 'Name'
2026-06-11 15:01:54  DEBUG      Body scan error at para 26: '<win32com.gen_py.Microsoft Word 16.0 Object Library.Style instance at 0x2668532094176>' object has no attribute 'Name'
2026-06-11 15:01:54  DEBUG      Body scan error at para 27: '<win32com.gen_py.Microsoft Word 16.0 Object Library.Style instance at 0x2668533320688>' object has no attribute 'Name'
2026-06-11 15:01:54  DEBUG      Body scan error at para 28: '<win32com.gen_py.Microsoft Word 16.0 Object Library.Style instance at 0x2668533332208>' object has no attribute 'Name'
2026-06-11 15:01:54  DEBUG      Body scan error at para 29: '<win32com.gen_py.Microsoft Word 16.0 Object Library.Style instance at 0x2668537090032>' object has no attribute 'Name'
2026-06-11 15:01:54  DEBUG      Body scan error at para 30: '<win32com.gen_py.Microsoft Word 16.0 Object Library.Style instance at 0x2668537090032>' object has no attribute 'Name'
2026-06-11 15:01:54  DEBUG      Body scan error at para 31: '<win32com.gen_py.Microsoft Word 16.0 Object Library.Style instance at 0x2668537090032>' object has no attribute 'Name'
2026-06-11 15:01:54  DEBUG      Body scan error at para 32: '<win32com.gen_py.Microsoft Word 16.0 Object Library.Style instance at 0x2668537090032>' object has no attribute 'Name'
2026-06-11 15:01:54  DEBUG      Body scan error at para 33: '<win32com.gen_py.Microsoft Word 16.0 Object Library.Style instance at 0x2668537090032>' object has no attribute 'Name'
2026-06-11 15:01:54  DEBUG      Body scan error at para 34: '<win32com.gen_py.Microsoft Word 16.0 Object Library.Style instance at 0x2668537090032>' object has no attribute 'Name'
2026-06-11 15:01:54  DEBUG      Body scan error at para 35: '<win32com.gen_py.Microsoft Word 16.0 Object Library.Style instance at 0x2668537090032>' object has no attribute 'Name'
2026-06-11 15:01:54  DEBUG      Body scan error at para 36: '<win32com.gen_py.Microsoft Word 16.0 Object Library.Style instance at 0x2668537090032>' object has no attribute 'Name'
2026-06-11 15:01:54  DEBUG      Body scan error at para 37: '<win32com.gen_py.Microsoft Word 16.0 Object Library.Style instance at 0x2668537090032>' object has no attribute 'Name'
2026-06-11 15:01:54  DEBUG      Body scan error at para 38: '<win32com.gen_py.Microsoft Word 16.0 Object Library.Style instance at 0x2668537090032>' object has no attribute 'Name'
2026-06-11 15:01:54  DEBUG      Body scan error at para 39: '<win32com.gen_py.Microsoft Word 16.0 Object Library.Style instance at 0x2668537090032>' object has no attribute 'Name'
2026-06-11 15:01:54  DEBUG      Body scan error at para 40: '<win32com.gen_py.Microsoft Word 16.0 Object Library.Style instance at 0x2668537090032>' object has no attribute 'Name'
2026-06-11 15:01:54  DEBUG      Body scan error at para 41: '<win32com.gen_py.Microsoft Word 16.0 Object Library.Style instance at 0x2668537090032>' object has no attribute 'Name'
2026-06-11 15:01:54  DEBUG      Body scan error at para 42: '<win32com.gen_py.Microsoft Word 16.0 Object Library.Style instance at 0x2668537090032>' object has no attribute 'Name'
2026-06-11 15:01:54  DEBUG      Body scan error at para 43: '<win32com.gen_py.Microsoft Word 16.0 Object Library.Style instance at 0x2668537090032>' object has no attribute 'Name'
2026-06-11 15:01:54  DEBUG      Body scan error at para 44: '<win32com.gen_py.Microsoft Word 16.0 Object Library.Style instance at 0x2668537090032>' object has no attribute 'Name'
2026-06-11 15:01:54  DEBUG      Body scan error at para 45: '<win32com.gen_py.Microsoft Word 16.0 Object Library.Style instance at 0x2668537090032>' object has no attribute 'Name'
2026-06-11 15:01:54  DEBUG      Body scan error at para 46: '<win32com.gen_py.Microsoft Word 16.0 Object Library.Style instance at 0x2668537090032>' object has no attribute 'Name'
2026-06-11 15:01:54  DEBUG      Body scan error at para 47: '<win32com.gen_py.Microsoft Word 16.0 Object Library.Style instance at 0x2668537090032>' object has no attribute 'Name'
2026-06-11 15:01:54  DEBUG      Body scan error at para 48: '<win32com.gen_py.Microsoft Word 16.0 Object Library.Style instance at 0x2668537090032>' object has no attribute 'Name'
2026-06-11 15:01:54  DEBUG      Body scan error at para 49: '<win32com.gen_py.Microsoft Word 16.0 Object Library.Style instance at 0x2668537090032>' object has no attribute 'Name'
2026-06-11 15:01:54  DEBUG      Body scan error at para 50: '<win32com.gen_py.Microsoft Word 16.0 Object Library.Style instance at 0x2668537090032>' object has no attribute 'Name'
2026-06-11 15:01:54  DEBUG      Body scan error at para 51: '<win32com.gen_py.Microsoft Word 16.0 Object Library.Style instance at 0x2668537090032>' object has no attribute 'Name'
2026-06-11 15:01:54  DEBUG      Body scan error at para 52: '<win32com.gen_py.Microsoft Word 16.0 Object Library.Style instance at 0x2668537090032>' object has no attribute 'Name'
2026-06-11 15:01:54  DEBUG      Body scan error at para 53: '<win32com.gen_py.Microsoft Word 16.0 Object Library.Style instance at 0x2668537090032>' object has no attribute 'Name'
2026-06-11 15:01:54  DEBUG      Body scan error at para 54: '<win32com.gen_py.Microsoft Word 16.0 Object Library.Style instance at 0x2668537090032>' object has no attribute 'Name'
2026-06-11 15:01:54  DEBUG      Body scan error at para 55: '<win32com.gen_py.Microsoft Word 16.0 Object Library.Style instance at 0x2668537090032>' object has no attribute 'Name'
2026-06-11 15:01:54  DEBUG      Body scan error at para 56: '<win32com.gen_py.Microsoft Word 16.0 Object Library.Style instance at 0x2668537090032>' object has no attribute 'Name'
2026-06-11 15:01:54  DEBUG      Body scan error at para 57: '<win32com.gen_py.Microsoft Word 16.0 Object Library.Style instance at 0x2668537090032>' object has no attribute 'Name'
2026-06-11 15:01:54  DEBUG      Body scan error at para 58: '<win32com.gen_py.Microsoft Word 16.0 Object Library.Style instance at 0x2668537090032>' object has no attribute 'Name'
2026-06-11 15:01:54  DEBUG      Body scan error at para 59: '<win32com.gen_py.Microsoft Word 16.0 Object Library.Style instance at 0x2668537090032>' object has no attribute 'Name'
2026-06-11 15:01:54  DEBUG      Body scan error at para 60: '<win32com.gen_py.Microsoft Word 16.0 Object Library.Style instance at 0x2668537090032>' object has no attribute 'Name'
2026-06-11 15:01:54  DEBUG      Body scan error at para 61: '<win32com.gen_py.Microsoft Word 16.0 Object Library.Style instance at 0x2668537090032>' object has no attribute 'Name'
2026-06-11 15:01:54  DEBUG      Body scan error at para 62: '<win32com.gen_py.Microsoft Word 16.0 Object Library.Style instance at 0x2668537090032>' object has no attribute 'Name'
2026-06-11 15:01:54  DEBUG      Body scan error at para 63: '<win32com.gen_py.Microsoft Word 16.0 Object Library.Style instance at 0x2668537090032>' object has no attribute 'Name'
2026-06-11 15:01:54  DEBUG      Body scan error at para 64: '<win32com.gen_py.Microsoft Word 16.0 Object Library.Style instance at 0x2668537090032>' object has no attribute 'Name'
2026-06-11 15:01:54  DEBUG      Body scan error at para 65: '<win32com.gen_py.Microsoft Word 16.0 Object Library.Style instance at 0x2668537090032>' object has no attribute 'Name'
2026-06-11 15:01:54  DEBUG      Body scan error at para 66: '<win32com.gen_py.Microsoft Word 16.0 Object Library.Style instance at 0x2668537090032>' object has no attribute 'Name'
2026-06-11 15:01:54  DEBUG      Body scan error at para 67: '<win32com.gen_py.Microsoft Word 16.0 Object Library.Style instance at 0x2668537090032>' object has no attribute 'Name'
2026-06-11 15:01:54  DEBUG      Body scan error at para 68: '<win32com.gen_py.Microsoft Word 16.0 Object Library.Style instance at 0x2668537090032>' object has no attribute 'Name'
2026-06-11 15:01:54  DEBUG      Body scan error at para 69: '<win32com.gen_py.Microsoft Word 16.0 Object Library.Style instance at 0x2668537090032>' object has no attribute 'Name'
2026-06-11 15:01:54  DEBUG      Body scan error at para 70: '<win32com.gen_py.Microsoft Word 16.0 Object Library.Style instance at 0x2668537090032>' object has no attribute 'Name'
2026-06-11 15:01:54  DEBUG      Body scan error at para 71: '<win32com.gen_py.Microsoft Word 16.0 Object Library.Style instance at 0x2668537090032>' object has no attribute 'Name'
2026-06-11 15:01:54  DEBUG      Body scan error at para 72: '<win32com.gen_py.Microsoft Word 16.0 Object Library.Style instance at 0x2668537090032>' object has no attribute 'Name'
2026-06-11 15:01:54  DEBUG      Body scan error at para 73: '<win32com.gen_py.Microsoft Word 16.0 Object Library.Style instance at 0x2668537090032>' object has no attribute 'Name'
2026-06-11 15:01:54  DEBUG      Body scan error at para 74: '<win32com.gen_py.Microsoft Word 16.0 Object Library.Style instance at 0x2668537090032>' object has no attribute 'Name'
2026-06-11 15:01:54  DEBUG      Body scan error at para 75: '<win32com.gen_py.Microsoft Word 16.0 Object Library.Style instance at 0x2668537090032>' object has no attribute 'Name'
2026-06-11 15:01:54  DEBUG      Body scan error at para 76: '<win32com.gen_py.Microsoft Word 16.0 Object Library.Style instance at 0x2668537090032>' object has no attribute 'Name'
2026-06-11 15:01:54  DEBUG      Body scan error at para 77: '<win32com.gen_py.Microsoft Word 16.0 Object Library.Style instance at 0x2668537090032>' object has no attribute 'Name'
2026-06-11 15:01:54  DEBUG      Body scan error at para 78: '<win32com.gen_py.Microsoft Word 16.0 Object Library.Style instance at 0x2668537090032>' object has no attribute 'Name'
2026-06-11 15:01:54  DEBUG      Body scan error at para 79: '<win32com.gen_py.Microsoft Word 16.0 Object Library.Style instance at 0x2668537090032>' object has no attribute 'Name'
2026-06-11 15:01:54  DEBUG      Body scan error at para 80: '<win32com.gen_py.Microsoft Word 16.0 Object Library.Style instance at 0x2668537090032>' object has no attribute 'Name'
2026-06-11 15:01:54  DEBUG      Body scan error at para 81: '<win32com.gen_py.Microsoft Word 16.0 Object Library.Style instance at 0x2668537090032>' object has no attribute 'Name'
2026-06-11 15:01:54  DEBUG      Body scan error at para 82: '<win32com.gen_py.Microsoft Word 16.0 Object Library.Style instance at 0x2668537090032>' object has no attribute 'Name'
2026-06-11 15:01:54  DEBUG      Body scan error at para 83: '<win32com.gen_py.Microsoft Word 16.0 Object Library.Style instance at 0x2668537090032>' object has no attribute 'Name'
2026-06-11 15:01:54  DEBUG      Body scan error at para 84: '<win32com.gen_py.Microsoft Word 16.0 Object Library.Style instance at 0x2668537090032>' object has no attribute 'Name'
2026-06-11 15:01:54  DEBUG      Body scan error at para 85: '<win32com.gen_py.Microsoft Word 16.0 Object Library.Style instance at 0x2668537090032>' object has no attribute 'Name'
2026-06-11 15:01:54  DEBUG      Body scan error at para 86: '<win32com.gen_py.Microsoft Word 16.0 Object Library.Style instance at 0x2668537090032>' object has no attribute 'Name'
2026-06-11 15:01:54  DEBUG      Body scan error at para 87: '<win32com.gen_py.Microsoft Word 16.0 Object Library.Style instance at 0x2668537090032>' object has no attribute 'Name'
2026-06-11 15:01:54  DEBUG      Body scan error at para 88: '<win32com.gen_py.Microsoft Word 16.0 Object Library.Style instance at 0x2668537090032>' object has no attribute 'Name'
2026-06-11 15:01:54  DEBUG      Body scan error at para 89: '<win32com.gen_py.Microsoft Word 16.0 Object Library.Style instance at 0x2668537090032>' object has no attribute 'Name'
2026-06-11 15:01:54  DEBUG      Body scan error at para 90: '<win32com.gen_py.Microsoft Word 16.0 Object Library.Style instance at 0x2668537090032>' object has no attribute 'Name'
2026-06-11 15:01:55  DEBUG      Body scan error at para 91: '<win32com.gen_py.Microsoft Word 16.0 Object Library.Style instance at 0x2668537090032>' object has no attribute 'Name'
2026-06-11 15:01:55  DEBUG      Body scan error at para 92: '<win32com.gen_py.Microsoft Word 16.0 Object Library.Style instance at 0x2668537090032>' object has no attribute 'Name'
2026-06-11 15:01:55  DEBUG      Body scan error at para 93: '<win32com.gen_py.Microsoft Word 16.0 Object Library.Style instance at 0x2668537090032>' object has no attribute 'Name'
2026-06-11 15:01:55  DEBUG      Body scan error at para 94: '<win32com.gen_py.Microsoft Word 16.0 Object Library.Style instance at 0x2668537090032>' object has no attribute 'Name'
2026-06-11 15:01:55  DEBUG      Body scan error at para 95: '<win32com.gen_py.Microsoft Word 16.0 Object Library.Style instance at 0x2668537090032>' object has no attribute 'Name'
2026-06-11 15:01:55  DEBUG      Body scan error at para 96: '<win32com.gen_py.Microsoft Word 16.0 Object Library.Style instance at 0x2668537090032>' object has no attribute 'Name'
2026-06-11 15:01:55  DEBUG      Body scan error at para 97: '<win32com.gen_py.Microsoft Word 16.0 Object Library.Style instance at 0x2668537090032>' object has no attribute 'Name'
2026-06-11 15:01:55  DEBUG      Body scan error at para 98: '<win32com.gen_py.Microsoft Word 16.0 Object Library.Style instance at 0x2668537090032>' object has no attribute 'Name'
2026-06-11 15:01:55  DEBUG      Body scan error at para 99: '<win32com.gen_py.Microsoft Word 16.0 Object Library.Style instance at 0x2668537090032>' object has no attribute 'Name'
2026-06-11 15:01:55  DEBUG      Body scan error at para 100: '<win32com.gen_py.Microsoft Word 16.0 Object Library.Style instance at 0x2668537090032>' object has no attribute 'Name'
2026-06-11 15:01:55  DEBUG      Body scan error at para 101: '<win32com.gen_py.Microsoft Word 16.0 Object Library.Style instance at 0x2668537090032>' object has no attribute 'Name'
2026-06-11 15:01:55  DEBUG      Body scan error at para 102: '<win32com.gen_py.Microsoft Word 16.0 Object Library.Style instance at 0x2668537090032>' object has no attribute 'Name'
2026-06-11 15:01:55  DEBUG      Body scan error at para 103: '<win32com.gen_py.Microsoft Word 16.0 Object Library.Style instance at 0x2668537090032>' object has no attribute 'Name'
2026-06-11 15:01:55  DEBUG      Body scan error at para 104: '<win32com.gen_py.Microsoft Word 16.0 Object Library.Style instance at 0x2668537090032>' object has no attribute 'Name'
2026-06-11 15:01:55  DEBUG      Body scan error at para 105: '<win32com.gen_py.Microsoft Word 16.0 Object Library.Style instance at 0x2668537090032>' object has no attribute 'Name'
2026-06-11 15:01:55  DEBUG      Body scan error at para 106: '<win32com.gen_py.Microsoft Word 16.0 Object Library.Style instance at 0x2668537090032>' object has no attribute 'Name'
2026-06-11 15:01:55  DEBUG      Body scan error at para 107: '<win32com.gen_py.Microsoft Word 16.0 Object Library.Style instance at 0x2668537090032>' object has no attribute 'Name'
2026-06-11 15:01:55  DEBUG      Body scan error at para 108: '<win32com.gen_py.Microsoft Word 16.0 Object Library.Style instance at 0x2668537090032>' object has no attribute 'Name'
2026-06-11 15:01:55  DEBUG      Body scan error at para 109: '<win32com.gen_py.Microsoft Word 16.0 Object Library.Style instance at 0x2668537090032>' object has no attribute 'Name'
2026-06-11 15:01:55  DEBUG      Body scan error at para 110: '<win32com.gen_py.Microsoft Word 16.0 Object Library.Style instance at 0x2668537090032>' object has no attribute 'Name'
2026-06-11 15:01:55  DEBUG      Body scan error at para 111: '<win32com.gen_py.Microsoft Word 16.0 Object Library.Style instance at 0x2668537090032>' object has no attribute 'Name'
2026-06-11 15:01:55  DEBUG      Body scan error at para 112: '<win32com.gen_py.Microsoft Word 16.0 Object Library.Style instance at 0x2668537090032>' object has no attribute 'Name'
2026-06-11 15:01:55  DEBUG      Body scan error at para 113: '<win32com.gen_py.Microsoft Word 16.0 Object Library.Style instance at 0x2668537090032>' object has no attribute 'Name'
2026-06-11 15:01:55  DEBUG      Body scan error at para 114: '<win32com.gen_py.Microsoft Word 16.0 Object Library.Style instance at 0x2668537090032>' object has no attribute 'Name'
2026-06-11 15:01:55  DEBUG      Body scan error at para 115: '<win32com.gen_py.Microsoft Word 16.0 Object Library.Style instance at 0x2668537090032>' object has no attribute 'Name'
2026-06-11 15:01:55  DEBUG      Body scan error at para 116: '<win32com.gen_py.Microsoft Word 16.0 Object Library.Style instance at 0x2668537090032>' object has no attribute 'Name'
2026-06-11 15:01:55  DEBUG      Body scan error at para 117: '<win32com.gen_py.Microsoft Word 16.0 Object Library.Style instance at 0x2668537090032>' object has no attribute 'Name'
2026-06-11 15:01:55  DEBUG      Body scan error at para 118: '<win32com.gen_py.Microsoft Word 16.0 Object Library.Style instance at 0x2668537090032>' object has no attribute 'Name'
2026-06-11 15:01:55  DEBUG      Body scan error at para 119: '<win32com.gen_py.Microsoft Word 16.0 Object Library.Style instance at 0x2668537090032>' object has no attribute 'Name'
2026-06-11 15:01:55  DEBUG      Body scan error at para 120: '<win32com.gen_py.Microsoft Word 16.0 Object Library.Style instance at 0x2668537090032>' object has no attribute 'Name'
2026-06-11 15:01:55  DEBUG      Body scan error at para 121: '<win32com.gen_py.Microsoft Word 16.0 Object Library.Style instance at 0x2668537090032>' object has no attribute 'Name'
2026-06-11 15:01:55  DEBUG      Body scan error at para 122: '<win32com.gen_py.Microsoft Word 16.0 Object Library.Style instance at 0x2668537090032>' object has no attribute 'Name'
2026-06-11 15:01:55  DEBUG      Body scan error at para 123: '<win32com.gen_py.Microsoft Word 16.0 Object Library.Style instance at 0x2668537090032>' object has no attribute 'Name'
2026-06-11 15:01:55  DEBUG      Body scan error at para 124: '<win32com.gen_py.Microsoft Word 16.0 Object Library.Style instance at 0x2668537090032>' object has no attribute 'Name'
2026-06-11 15:01:55  DEBUG      Body scan error at para 125: '<win32com.gen_py.Microsoft Word 16.0 Object Library.Style instance at 0x2668537090032>' object has no attribute 'Name'
2026-06-11 15:01:55  DEBUG      Body scan error at para 126: '<win32com.gen_py.Microsoft Word 16.0 Object Library.Style instance at 0x2668537090032>' object has no attribute 'Name'
2026-06-11 15:01:55  DEBUG      Body scan error at para 127: '<win32com.gen_py.Microsoft Word 16.0 Object Library.Style instance at 0x2668537090032>' object has no attribute 'Name'
2026-06-11 15:01:55  DEBUG      Body scan error at para 128: '<win32com.gen_py.Microsoft Word 16.0 Object Library.Style instance at 0x2668537090032>' object has no attribute 'Name'
2026-06-11 15:01:55  DEBUG      Body scan error at para 129: '<win32com.gen_py.Microsoft Word 16.0 Object Library.Style instance at 0x2668537090032>' object has no attribute 'Name'
2026-06-11 15:01:55  DEBUG      Body scan error at para 130: '<win32com.gen_py.Microsoft Word 16.0 Object Library.Style instance at 0x2668537090032>' object has no attribute 'Name'
2026-06-11 15:01:55  DEBUG      Body scan error at para 131: '<win32com.gen_py.Microsoft Word 16.0 Object Library.Style instance at 0x2668537090032>' object has no attribute 'Name'
2026-06-11 15:01:55  DEBUG      Body scan error at para 132: '<win32com.gen_py.Microsoft Word 16.0 Object Library.Style instance at 0x2668537090032>' object has no attribute 'Name'
2026-06-11 15:01:55  DEBUG      Body scan error at para 133: '<win32com.gen_py.Microsoft Word 16.0 Object Library.Style instance at 0x2668537090032>' object has no attribute 'Name'
2026-06-11 15:01:55  DEBUG      Body scan error at para 134: '<win32com.gen_py.Microsoft Word 16.0 Object Library.Style instance at 0x2668537090032>' object has no attribute 'Name'
2026-06-11 15:01:55  DEBUG      Body scan error at para 135: '<win32com.gen_py.Microsoft Word 16.0 Object Library.Style instance at 0x2668537090032>' object has no attribute 'Name'
2026-06-11 15:01:55  DEBUG      Body scan error at para 136: '<win32com.gen_py.Microsoft Word 16.0 Object Library.Style instance at 0x2668537090032>' object has no attribute 'Name'
2026-06-11 15:01:55  DEBUG      Body scan error at para 137: '<win32com.gen_py.Microsoft Word 16.0 Object Library.Style instance at 0x2668537090032>' object has no attribute 'Name'
2026-06-11 15:01:55  DEBUG      Body scan error at para 138: '<win32com.gen_py.Microsoft Word 16.0 Object Library.Style instance at 0x2668537090032>' object has no attribute 'Name'
2026-06-11 15:01:55  DEBUG      Body scan error at para 139: '<win32com.gen_py.Microsoft Word 16.0 Object Library.Style instance at 0x2668537090032>' object has no attribute 'Name'
2026-06-11 15:01:55  DEBUG      Body scan error at para 140: '<win32com.gen_py.Microsoft Word 16.0 Object Library.Style instance at 0x2668537090032>' object has no attribute 'Name'
2026-06-11 15:01:55  DEBUG      Body scan error at para 141: '<win32com.gen_py.Microsoft Word 16.0 Object Library.Style instance at 0x2668537090032>' object has no attribute 'Name'
2026-06-11 15:01:55  DEBUG      Body scan error at para 142: '<win32com.gen_py.Microsoft Word 16.0 Object Library.Style instance at 0x2668537090032>' object has no attribute 'Name'
2026-06-11 15:01:55  DEBUG      Body scan error at para 143: '<win32com.gen_py.Microsoft Word 16.0 Object Library.Style instance at 0x2668537090032>' object has no attribute 'Name'
2026-06-11 15:01:55  DEBUG      Body scan error at para 144: '<win32com.gen_py.Microsoft Word 16.0 Object Library.Style instance at 0x2668537090032>' object has no attribute 'Name'
2026-06-11 15:01:55  DEBUG      Body scan error at para 145: '<win32com.gen_py.Microsoft Word 16.0 Object Library.Style instance at 0x2668537090032>' object has no attribute 'Name'
2026-06-11 15:01:55  DEBUG      Body scan error at para 146: '<win32com.gen_py.Microsoft Word 16.0 Object Library.Style instance at 0x2668537090032>' object has no attribute 'Name'
2026-06-11 15:01:55  DEBUG      Body scan error at para 147: '<win32com.gen_py.Microsoft Word 16.0 Object Library.Style instance at 0x2668537090032>' object has no attribute 'Name'
2026-06-11 15:01:55  DEBUG      Body scan error at para 148: '<win32com.gen_py.Microsoft Word 16.0 Object Library.Style instance at 0x2668537090032>' object has no attribute 'Name'
2026-06-11 15:01:55  DEBUG      Body scan error at para 149: '<win32com.gen_py.Microsoft Word 16.0 Object Library.Style instance at 0x2668537090032>' object has no attribute 'Name'
2026-06-11 15:01:55  DEBUG      Body scan error at para 150: '<win32com.gen_py.Microsoft Word 16.0 Object Library.Style instance at 0x2668537090032>' object has no attribute 'Name'
2026-06-11 15:01:55  DEBUG      Body scan error at para 151: '<win32com.gen_py.Microsoft Word 16.0 Object Library.Style instance at 0x2668537090032>' object has no attribute 'Name'
2026-06-11 15:01:55  DEBUG      Body scan error at para 152: '<win32com.gen_py.Microsoft Word 16.0 Object Library.Style instance at 0x2668537090032>' object has no attribute 'Name'
2026-06-11 15:01:55  DEBUG      Body scan error at para 153: '<win32com.gen_py.Microsoft Word 16.0 Object Library.Style instance at 0x2668537090032>' object has no attribute 'Name'
2026-06-11 15:01:55  DEBUG      Body scan error at para 154: '<win32com.gen_py.Microsoft Word 16.0 Object Library.Style instance at 0x2668537090032>' object has no attribute 'Name'
2026-06-11 15:01:55  DEBUG      Body scan error at para 155: '<win32com.gen_py.Microsoft Word 16.0 Object Library.Style instance at 0x2668537090032>' object has no attribute 'Name'
2026-06-11 15:01:55  DEBUG      Body scan error at para 156: '<win32com.gen_py.Microsoft Word 16.0 Object Library.Style instance at 0x2668537090032>' object has no attribute 'Name'
2026-06-11 15:01:55  DEBUG      Body scan error at para 157: '<win32com.gen_py.Microsoft Word 16.0 Object Library.Style instance at 0x2668537090032>' object has no attribute 'Name'
2026-06-11 15:01:55  DEBUG      Body scan error at para 158: '<win32com.gen_py.Microsoft Word 16.0 Object Library.Style instance at 0x2668537090032>' object has no attribute 'Name'
2026-06-11 15:01:55  DEBUG      Body scan error at para 159: '<win32com.gen_py.Microsoft Word 16.0 Object Library.Style instance at 0x2668537090032>' object has no attribute 'Name'
2026-06-11 15:01:55  DEBUG      Body scan error at para 160: '<win32com.gen_py.Microsoft Word 16.0 Object Library.Style instance at 0x2668537090032>' object has no attribute 'Name'
2026-06-11 15:01:55  DEBUG      Body scan error at para 161: '<win32com.gen_py.Microsoft Word 16.0 Object Library.Style instance at 0x2668537090032>' object has no attribute 'Name'
2026-06-11 15:01:55  DEBUG      Body scan error at para 162: '<win32com.gen_py.Microsoft Word 16.0 Object Library.Style instance at 0x2668537090032>' object has no attribute 'Name'
2026-06-11 15:01:55  DEBUG      Body scan error at para 163: '<win32com.gen_py.Microsoft Word 16.0 Object Library.Style instance at 0x2668537090032>' object has no attribute 'Name'
2026-06-11 15:01:55  DEBUG      Body scan error at para 164: '<win32com.gen_py.Microsoft Word 16.0 Object Library.Style instance at 0x2668537090032>' object has no attribute 'Name'
2026-06-11 15:01:55  DEBUG      Body scan error at para 165: '<win32com.gen_py.Microsoft Word 16.0 Object Library.Style instance at 0x2668537090032>' object has no attribute 'Name'
2026-06-11 15:01:55  DEBUG      Body scan error at para 166: '<win32com.gen_py.Microsoft Word 16.0 Object Library.Style instance at 0x2668537090032>' object has no attribute 'Name'
2026-06-11 15:01:55  DEBUG      Body scan error at para 167: '<win32com.gen_py.Microsoft Word 16.0 Object Library.Style instance at 0x2668537090032>' object has no attribute 'Name'
2026-06-11 15:01:55  DEBUG      Body scan error at para 168: '<win32com.gen_py.Microsoft Word 16.0 Object Library.Style instance at 0x2668537090032>' object has no attribute 'Name'
2026-06-11 15:01:55  DEBUG      Body scan error at para 169: '<win32com.gen_py.Microsoft Word 16.0 Object Library.Style instance at 0x2668537090032>' object has no attribute 'Name'
2026-06-11 15:01:56  DEBUG      Body scan error at para 170: '<win32com.gen_py.Microsoft Word 16.0 Object Library.Style instance at 0x2668537090032>' object has no attribute 'Name'
2026-06-11 15:01:56  DEBUG      Body scan error at para 171: '<win32com.gen_py.Microsoft Word 16.0 Object Library.Style instance at 0x2668537090032>' object has no attribute 'Name'
2026-06-11 15:01:56  DEBUG      Body scan error at para 172: '<win32com.gen_py.Microsoft Word 16.0 Object Library.Style instance at 0x2668537090032>' object has no attribute 'Name'
2026-06-11 15:01:56  DEBUG      Body scan error at para 173: '<win32com.gen_py.Microsoft Word 16.0 Object Library.Style instance at 0x2668537090032>' object has no attribute 'Name'
2026-06-11 15:01:56  DEBUG      Body scan error at para 174: '<win32com.gen_py.Microsoft Word 16.0 Object Library.Style instance at 0x2668537090032>' object has no attribute 'Name'
2026-06-11 15:01:56  DEBUG      Body scan error at para 175: '<win32com.gen_py.Microsoft Word 16.0 Object Library.Style instance at 0x2668537090032>' object has no attribute 'Name'
2026-06-11 15:01:56  DEBUG      Body scan error at para 176: '<win32com.gen_py.Microsoft Word 16.0 Object Library.Style instance at 0x2668537090032>' object has no attribute 'Name'
2026-06-11 15:01:56  DEBUG      Body scan error at para 177: '<win32com.gen_py.Microsoft Word 16.0 Object Library.Style instance at 0x2668537090032>' object has no attribute 'Name'
2026-06-11 15:01:56  DEBUG      Body scan error at para 178: '<win32com.gen_py.Microsoft Word 16.0 Object Library.Style instance at 0x2668537090032>' object has no attribute 'Name'
2026-06-11 15:01:56  DEBUG      Body scan error at para 179: '<win32com.gen_py.Microsoft Word 16.0 Object Library.Style instance at 0x2668537090032>' object has no attribute 'Name'
2026-06-11 15:01:56  DEBUG      Body scan error at para 180: '<win32com.gen_py.Microsoft Word 16.0 Object Library.Style instance at 0x2668537090032>' object has no attribute 'Name'
2026-06-11 15:01:56  DEBUG      Body scan error at para 181: '<win32com.gen_py.Microsoft Word 16.0 Object Library.Style instance at 0x2668537090032>' object has no attribute 'Name'
2026-06-11 15:01:56  DEBUG      Body scan error at para 182: '<win32com.gen_py.Microsoft Word 16.0 Object Library.Style instance at 0x2668537090032>' object has no attribute 'Name'
2026-06-11 15:01:56  DEBUG      Body scan error at para 183: '<win32com.gen_py.Microsoft Word 16.0 Object Library.Style instance at 0x2668537090032>' object has no attribute 'Name'
2026-06-11 15:01:56  DEBUG      Body scan error at para 184: '<win32com.gen_py.Microsoft Word 16.0 Object Library.Style instance at 0x2668537090032>' object has no attribute 'Name'
2026-06-11 15:01:56  DEBUG      Body scan error at para 185: '<win32com.gen_py.Microsoft Word 16.0 Object Library.Style instance at 0x2668537090032>' object has no attribute 'Name'
2026-06-11 15:01:56  DEBUG      Body scan error at para 186: '<win32com.gen_py.Microsoft Word 16.0 Object Library.Style instance at 0x2668537090032>' object has no attribute 'Name'
2026-06-11 15:01:56  DEBUG      Body scan error at para 187: '<win32com.gen_py.Microsoft Word 16.0 Object Library.Style instance at 0x2668537090032>' object has no attribute 'Name'
2026-06-11 15:01:56  DEBUG      Body scan error at para 188: '<win32com.gen_py.Microsoft Word 16.0 Object Library.Style instance at 0x2668537090032>' object has no attribute 'Name'
2026-06-11 15:01:56  DEBUG      Body scan error at para 189: '<win32com.gen_py.Microsoft Word 16.0 Object Library.Style instance at 0x2668537090032>' object has no attribute 'Name'
2026-06-11 15:01:56  DEBUG      Body scan error at para 190: '<win32com.gen_py.Microsoft Word 16.0 Object Library.Style instance at 0x2668537090032>' object has no attribute 'Name'
2026-06-11 15:01:56  DEBUG      Body scan error at para 191: '<win32com.gen_py.Microsoft Word 16.0 Object Library.Style instance at 0x2668537090032>' object has no attribute 'Name'
2026-06-11 15:01:56  DEBUG      Body scan error at para 192: '<win32com.gen_py.Microsoft Word 16.0 Object Library.Style instance at 0x2668537090032>' object has no attribute 'Name'
2026-06-11 15:01:56  DEBUG      Body scan error at para 193: '<win32com.gen_py.Microsoft Word 16.0 Object Library.Style instance at 0x2668537090032>' object has no attribute 'Name'
2026-06-11 15:01:56  DEBUG      Body scan error at para 194: '<win32com.gen_py.Microsoft Word 16.0 Object Library.Style instance at 0x2668537090032>' object has no attribute 'Name'
2026-06-11 15:01:56  DEBUG      Body scan error at para 195: '<win32com.gen_py.Microsoft Word 16.0 Object Library.Style instance at 0x2668537090032>' object has no attribute 'Name'
2026-06-11 15:01:56  DEBUG      Body scan error at para 196: '<win32com.gen_py.Microsoft Word 16.0 Object Library.Style instance at 0x2668537090032>' object has no attribute 'Name'
2026-06-11 15:01:56  DEBUG      Body scan error at para 197: '<win32com.gen_py.Microsoft Word 16.0 Object Library.Style instance at 0x2668537090032>' object has no attribute 'Name'
2026-06-11 15:01:56  DEBUG      Body scan error at para 198: '<win32com.gen_py.Microsoft Word 16.0 Object Library.Style instance at 0x2668537090032>' object has no attribute 'Name'
2026-06-11 15:01:56  DEBUG      Body scan error at para 199: '<win32com.gen_py.Microsoft Word 16.0 Object Library.Style instance at 0x2668537090032>' object has no attribute 'Name'
2026-06-11 15:01:56  DEBUG      Body scan error at para 200: '<win32com.gen_py.Microsoft Word 16.0 Object Library.Style instance at 0x2668537090032>' object has no attribute 'Name'
2026-06-11 15:01:56  DEBUG      Body scan error at para 201: '<win32com.gen_py.Microsoft Word 16.0 Object Library.Style instance at 0x2668537090032>' object has no attribute 'Name'
2026-06-11 15:01:56  DEBUG      Body scan error at para 202: '<win32com.gen_py.Microsoft Word 16.0 Object Library.Style instance at 0x2668537090032>' object has no attribute 'Name'
2026-06-11 15:01:56  DEBUG      Body scan error at para 203: '<win32com.gen_py.Microsoft Word 16.0 Object Library.Style instance at 0x2668537090032>' object has no attribute 'Name'
2026-06-11 15:01:56  DEBUG      Body scan error at para 204: '<win32com.gen_py.Microsoft Word 16.0 Object Library.Style instance at 0x2668537090032>' object has no attribute 'Name'
2026-06-11 15:01:56  DEBUG      Body scan error at para 205: '<win32com.gen_py.Microsoft Word 16.0 Object Library.Style instance at 0x2668537090032>' object has no attribute 'Name'
2026-06-11 15:01:56  DEBUG      Body scan error at para 206: '<win32com.gen_py.Microsoft Word 16.0 Object Library.Style instance at 0x2668537090032>' object has no attribute 'Name'
2026-06-11 15:01:56  DEBUG      Body scan error at para 207: '<win32com.gen_py.Microsoft Word 16.0 Object Library.Style instance at 0x2668537090032>' object has no attribute 'Name'
2026-06-11 15:01:56  DEBUG      Body scan error at para 208: '<win32com.gen_py.Microsoft Word 16.0 Object Library.Style instance at 0x2668537090032>' object has no attribute 'Name'
2026-06-11 15:01:56  DEBUG      Body scan error at para 209: '<win32com.gen_py.Microsoft Word 16.0 Object Library.Style instance at 0x2668537090032>' object has no attribute 'Name'
2026-06-11 15:01:56  DEBUG      Body scan error at para 210: '<win32com.gen_py.Microsoft Word 16.0 Object Library.Style instance at 0x2668537090032>' object has no attribute 'Name'
2026-06-11 15:01:56  DEBUG      Body scan error at para 211: '<win32com.gen_py.Microsoft Word 16.0 Object Library.Style instance at 0x2668537090032>' object has no attribute 'Name'
2026-06-11 15:01:56  DEBUG      Body scan error at para 212: '<win32com.gen_py.Microsoft Word 16.0 Object Library.Style instance at 0x2668537090032>' object has no attribute 'Name'
2026-06-11 15:01:56  DEBUG      Body scan error at para 213: '<win32com.gen_py.Microsoft Word 16.0 Object Library.Style instance at 0x2668537090032>' object has no attribute 'Name'
2026-06-11 15:01:56  DEBUG      Body scan error at para 214: '<win32com.gen_py.Microsoft Word 16.0 Object Library.Style instance at 0x2668537090032>' object has no attribute 'Name'
2026-06-11 15:01:56  DEBUG      Body scan error at para 215: '<win32com.gen_py.Microsoft Word 16.0 Object Library.Style instance at 0x2668537090032>' object has no attribute 'Name'
2026-06-11 15:01:56  DEBUG      Body scan error at para 216: '<win32com.gen_py.Microsoft Word 16.0 Object Library.Style instance at 0x2668537090032>' object has no attribute 'Name'
2026-06-11 15:01:56  DEBUG      Body scan error at para 217: '<win32com.gen_py.Microsoft Word 16.0 Object Library.Style instance at 0x2668537090032>' object has no attribute 'Name'
2026-06-11 15:01:56  DEBUG      Body scan error at para 218: '<win32com.gen_py.Microsoft Word 16.0 Object Library.Style instance at 0x2668537090032>' object has no attribute 'Name'
2026-06-11 15:01:56  DEBUG      Body scan error at para 219: '<win32com.gen_py.Microsoft Word 16.0 Object Library.Style instance at 0x2668537090032>' object has no attribute 'Name'
2026-06-11 15:01:56  DEBUG      Body scan error at para 220: '<win32com.gen_py.Microsoft Word 16.0 Object Library.Style instance at 0x2668537090032>' object has no attribute 'Name'
2026-06-11 15:01:56  DEBUG      Body scan error at para 221: '<win32com.gen_py.Microsoft Word 16.0 Object Library.Style instance at 0x2668537090032>' object has no attribute 'Name'
2026-06-11 15:01:56  DEBUG      Body scan error at para 222: '<win32com.gen_py.Microsoft Word 16.0 Object Library.Style instance at 0x2668537090032>' object has no attribute 'Name'
2026-06-11 15:01:56  DEBUG      Body scan error at para 223: '<win32com.gen_py.Microsoft Word 16.0 Object Library.Style instance at 0x2668537090032>' object has no attribute 'Name'
2026-06-11 15:01:56  DEBUG      Body scan error at para 224: '<win32com.gen_py.Microsoft Word 16.0 Object Library.Style instance at 0x2668537090032>' object has no attribute 'Name'
2026-06-11 15:01:56  DEBUG      Body scan error at para 225: '<win32com.gen_py.Microsoft Word 16.0 Object Library.Style instance at 0x2668537090032>' object has no attribute 'Name'
2026-06-11 15:01:56  DEBUG      Body scan error at para 226: '<win32com.gen_py.Microsoft Word 16.0 Object Library.Style instance at 0x2668537090032>' object has no attribute 'Name'
2026-06-11 15:01:56  DEBUG      Body scan error at para 227: '<win32com.gen_py.Microsoft Word 16.0 Object Library.Style instance at 0x2668537090032>' object has no attribute 'Name'
2026-06-11 15:01:56  DEBUG      Body scan error at para 228: '<win32com.gen_py.Microsoft Word 16.0 Object Library.Style instance at 0x2668537090032>' object has no attribute 'Name'
2026-06-11 15:01:56  DEBUG      Body scan error at para 229: '<win32com.gen_py.Microsoft Word 16.0 Object Library.Style instance at 0x2668537090032>' object has no attribute 'Name'
2026-06-11 15:01:56  DEBUG      Body scan error at para 230: '<win32com.gen_py.Microsoft Word 16.0 Object Library.Style instance at 0x2668537090032>' object has no attribute 'Name'
2026-06-11 15:01:56  DEBUG      Body scan error at para 231: '<win32com.gen_py.Microsoft Word 16.0 Object Library.Style instance at 0x2668537090032>' object has no attribute 'Name'
2026-06-11 15:01:56  DEBUG      Body scan error at para 232: '<win32com.gen_py.Microsoft Word 16.0 Object Library.Style instance at 0x2668537090032>' object has no attribute 'Name'
2026-06-11 15:01:56  DEBUG      Body scan error at para 233: '<win32com.gen_py.Microsoft Word 16.0 Object Library.Style instance at 0x2668537090032>' object has no attribute 'Name'
2026-06-11 15:01:56  DEBUG      Body scan error at para 234: '<win32com.gen_py.Microsoft Word 16.0 Object Library.Style instance at 0x2668537090032>' object has no attribute 'Name'
2026-06-11 15:01:56  DEBUG      Body scan error at para 235: '<win32com.gen_py.Microsoft Word 16.0 Object Library.Style instance at 0x2668537090032>' object has no attribute 'Name'
2026-06-11 15:01:56  DEBUG      Body scan error at para 236: '<win32com.gen_py.Microsoft Word 16.0 Object Library.Style instance at 0x2668537090032>' object has no attribute 'Name'
2026-06-11 15:01:56  DEBUG      Body scan error at para 237: '<win32com.gen_py.Microsoft Word 16.0 Object Library.Style instance at 0x2668537090032>' object has no attribute 'Name'
2026-06-11 15:01:56  DEBUG      Body scan error at para 238: '<win32com.gen_py.Microsoft Word 16.0 Object Library.Style instance at 0x2668537090032>' object has no attribute 'Name'
2026-06-11 15:01:57  DEBUG      Body scan error at para 239: '<win32com.gen_py.Microsoft Word 16.0 Object Library.Style instance at 0x2668537090032>' object has no attribute 'Name'
2026-06-11 15:01:57  DEBUG      Body scan error at para 240: '<win32com.gen_py.Microsoft Word 16.0 Object Library.Style instance at 0x2668537090032>' object has no attribute 'Name'
2026-06-11 15:01:57  DEBUG      Body scan error at para 241: '<win32com.gen_py.Microsoft Word 16.0 Object Library.Style instance at 0x2668537090032>' object has no attribute 'Name'
2026-06-11 15:01:57  DEBUG      Body scan error at para 242: '<win32com.gen_py.Microsoft Word 16.0 Object Library.Style instance at 0x2668537090032>' object has no attribute 'Name'
2026-06-11 15:01:57  DEBUG      Body scan error at para 243: '<win32com.gen_py.Microsoft Word 16.0 Object Library.Style instance at 0x2668537090032>' object has no attribute 'Name'
2026-06-11 15:01:57  DEBUG      Body scan error at para 244: '<win32com.gen_py.Microsoft Word 16.0 Object Library.Style instance at 0x2668537090032>' object has no attribute 'Name'
2026-06-11 15:01:57  DEBUG      Body scan error at para 245: '<win32com.gen_py.Microsoft Word 16.0 Object Library.Style instance at 0x2668537090032>' object has no attribute 'Name'
2026-06-11 15:01:57  DEBUG      Body scan error at para 246: '<win32com.gen_py.Microsoft Word 16.0 Object Library.Style instance at 0x2668537090032>' object has no attribute 'Name'
2026-06-11 15:01:57  DEBUG      Body scan error at para 247: '<win32com.gen_py.Microsoft Word 16.0 Object Library.Style instance at 0x2668537090032>' object has no attribute 'Name'
2026-06-11 15:01:57  DEBUG      Body scan error at para 248: '<win32com.gen_py.Microsoft Word 16.0 Object Library.Style instance at 0x2668537090032>' object has no attribute 'Name'
2026-06-11 15:01:57  DEBUG      Body scan error at para 249: '<win32com.gen_py.Microsoft Word 16.0 Object Library.Style instance at 0x2668537090032>' object has no attribute 'Name'
2026-06-11 15:01:57  DEBUG      Body scan error at para 250: '<win32com.gen_py.Microsoft Word 16.0 Object Library.Style instance at 0x2668537090032>' object has no attribute 'Name'
2026-06-11 15:01:57  DEBUG      Body scan error at para 251: '<win32com.gen_py.Microsoft Word 16.0 Object Library.Style instance at 0x2668537090032>' object has no attribute 'Name'
2026-06-11 15:01:57  DEBUG      Body scan error at para 252: '<win32com.gen_py.Microsoft Word 16.0 Object Library.Style instance at 0x2668537090032>' object has no attribute 'Name'
2026-06-11 15:01:57  DEBUG      Body scan error at para 253: '<win32com.gen_py.Microsoft Word 16.0 Object Library.Style instance at 0x2668537090032>' object has no attribute 'Name'
2026-06-11 15:01:57  DEBUG      Body scan error at para 254: '<win32com.gen_py.Microsoft Word 16.0 Object Library.Style instance at 0x2668537090032>' object has no attribute 'Name'
2026-06-11 15:01:57  DEBUG      Body scan error at para 255: '<win32com.gen_py.Microsoft Word 16.0 Object Library.Style instance at 0x2668537090032>' object has no attribute 'Name'
2026-06-11 15:01:57  DEBUG      Body scan error at para 256: '<win32com.gen_py.Microsoft Word 16.0 Object Library.Style instance at 0x2668537090032>' object has no attribute 'Name'
2026-06-11 15:01:57  DEBUG      Body scan error at para 257: '<win32com.gen_py.Microsoft Word 16.0 Object Library.Style instance at 0x2668537090032>' object has no attribute 'Name'
2026-06-11 15:01:57  DEBUG      Body scan error at para 258: '<win32com.gen_py.Microsoft Word 16.0 Object Library.Style instance at 0x2668537090032>' object has no attribute 'Name'
2026-06-11 15:01:57  DEBUG      Body scan error at para 259: '<win32com.gen_py.Microsoft Word 16.0 Object Library.Style instance at 0x2668537090032>' object has no attribute 'Name'
2026-06-11 15:01:57  DEBUG      Body scan error at para 260: '<win32com.gen_py.Microsoft Word 16.0 Object Library.Style instance at 0x2668537090032>' object has no attribute 'Name'
2026-06-11 15:01:57  DEBUG      Body scan error at para 261: '<win32com.gen_py.Microsoft Word 16.0 Object Library.Style instance at 0x2668537090032>' object has no attribute 'Name'
2026-06-11 15:01:57  DEBUG      Body scan error at para 262: '<win32com.gen_py.Microsoft Word 16.0 Object Library.Style instance at 0x2668537090032>' object has no attribute 'Name'
2026-06-11 15:01:57  DEBUG      Body scan error at para 263: '<win32com.gen_py.Microsoft Word 16.0 Object Library.Style instance at 0x2668537090032>' object has no attribute 'Name'
2026-06-11 15:01:57  DEBUG      Body scan error at para 264: '<win32com.gen_py.Microsoft Word 16.0 Object Library.Style instance at 0x2668537090032>' object has no attribute 'Name'
2026-06-11 15:01:57  DEBUG      Body scan error at para 265: '<win32com.gen_py.Microsoft Word 16.0 Object Library.Style instance at 0x2668537090032>' object has no attribute 'Name'
2026-06-11 15:01:57  DEBUG      Body scan error at para 266: '<win32com.gen_py.Microsoft Word 16.0 Object Library.Style instance at 0x2668537090032>' object has no attribute 'Name'
2026-06-11 15:01:57  DEBUG      Body scan error at para 267: '<win32com.gen_py.Microsoft Word 16.0 Object Library.Style instance at 0x2668537090032>' object has no attribute 'Name'
2026-06-11 15:01:57  DEBUG      Body scan error at para 268: '<win32com.gen_py.Microsoft Word 16.0 Object Library.Style instance at 0x2668537090032>' object has no attribute 'Name'
2026-06-11 15:01:57  DEBUG      Body scan error at para 269: '<win32com.gen_py.Microsoft Word 16.0 Object Library.Style instance at 0x2668537090032>' object has no attribute 'Name'
2026-06-11 15:01:57  DEBUG      Body scan error at para 270: '<win32com.gen_py.Microsoft Word 16.0 Object Library.Style instance at 0x2668537090032>' object has no attribute 'Name'
2026-06-11 15:01:57  DEBUG      Body scan error at para 271: '<win32com.gen_py.Microsoft Word 16.0 Object Library.Style instance at 0x2668537090032>' object has no attribute 'Name'
2026-06-11 15:01:57  DEBUG      Body scan error at para 272: '<win32com.gen_py.Microsoft Word 16.0 Object Library.Style instance at 0x2668537090032>' object has no attribute 'Name'
2026-06-11 15:01:57  DEBUG      Body scan error at para 273: '<win32com.gen_py.Microsoft Word 16.0 Object Library.Style instance at 0x2668537090032>' object has no attribute 'Name'
2026-06-11 15:01:57  DEBUG      Body scan error at para 274: '<win32com.gen_py.Microsoft Word 16.0 Object Library.Style instance at 0x2668537090032>' object has no attribute 'Name'
2026-06-11 15:01:57  DEBUG      Body scan error at para 275: '<win32com.gen_py.Microsoft Word 16.0 Object Library.Style instance at 0x2668537090032>' object has no attribute 'Name'
2026-06-11 15:01:57  DEBUG      Body scan error at para 276: '<win32com.gen_py.Microsoft Word 16.0 Object Library.Style instance at 0x2668537090032>' object has no attribute 'Name'
2026-06-11 15:01:57  DEBUG      Body scan error at para 277: '<win32com.gen_py.Microsoft Word 16.0 Object Library.Style instance at 0x2668537090032>' object has no attribute 'Name'
2026-06-11 15:01:57  DEBUG      Body scan error at para 278: '<win32com.gen_py.Microsoft Word 16.0 Object Library.Style instance at 0x2668537090032>' object has no attribute 'Name'
2026-06-11 15:01:57  DEBUG      Body scan error at para 279: '<win32com.gen_py.Microsoft Word 16.0 Object Library.Style instance at 0x2668537090032>' object has no attribute 'Name'
2026-06-11 15:01:57  DEBUG      Body scan error at para 280: '<win32com.gen_py.Microsoft Word 16.0 Object Library.Style instance at 0x2668537090032>' object has no attribute 'Name'
2026-06-11 15:01:57  DEBUG      Body scan error at para 281: '<win32com.gen_py.Microsoft Word 16.0 Object Library.Style instance at 0x2668537090032>' object has no attribute 'Name'
2026-06-11 15:01:57  DEBUG      Body scan error at para 282: '<win32com.gen_py.Microsoft Word 16.0 Object Library.Style instance at 0x2668537090032>' object has no attribute 'Name'
2026-06-11 15:01:57  DEBUG      Body scan error at para 283: '<win32com.gen_py.Microsoft Word 16.0 Object Library.Style instance at 0x2668537090032>' object has no attribute 'Name'
2026-06-11 15:01:57  DEBUG      Body scan error at para 284: '<win32com.gen_py.Microsoft Word 16.0 Object Library.Style instance at 0x2668537090032>' object has no attribute 'Name'
2026-06-11 15:01:57  DEBUG      Body scan error at para 285: '<win32com.gen_py.Microsoft Word 16.0 Object Library.Style instance at 0x2668537090032>' object has no attribute 'Name'
2026-06-11 15:01:57  DEBUG      Body scan error at para 286: '<win32com.gen_py.Microsoft Word 16.0 Object Library.Style instance at 0x2668537090032>' object has no attribute 'Name'
2026-06-11 15:01:57  DEBUG      Body scan error at para 287: '<win32com.gen_py.Microsoft Word 16.0 Object Library.Style instance at 0x2668537090032>' object has no attribute 'Name'
2026-06-11 15:01:57  DEBUG      Body scan error at para 288: '<win32com.gen_py.Microsoft Word 16.0 Object Library.Style instance at 0x2668537090032>' object has no attribute 'Name'
2026-06-11 15:01:57  DEBUG      Body scan error at para 289: '<win32com.gen_py.Microsoft Word 16.0 Object Library.Style instance at 0x2668537090032>' object has no attribute 'Name'
2026-06-11 15:01:57  DEBUG      Body scan error at para 290: '<win32com.gen_py.Microsoft Word 16.0 Object Library.Style instance at 0x2668537090032>' object has no attribute 'Name'
2026-06-11 15:01:57  DEBUG      Body scan error at para 291: '<win32com.gen_py.Microsoft Word 16.0 Object Library.Style instance at 0x2668537090032>' object has no attribute 'Name'
2026-06-11 15:01:57  DEBUG      Body scan error at para 292: '<win32com.gen_py.Microsoft Word 16.0 Object Library.Style instance at 0x2668537090032>' object has no attribute 'Name'
2026-06-11 15:01:57  DEBUG      Body scan error at para 293: '<win32com.gen_py.Microsoft Word 16.0 Object Library.Style instance at 0x2668537090032>' object has no attribute 'Name'
2026-06-11 15:01:57  DEBUG      Body scan error at para 294: '<win32com.gen_py.Microsoft Word 16.0 Object Library.Style instance at 0x2668537090032>' object has no attribute 'Name'
2026-06-11 15:01:57  DEBUG      Body scan error at para 295: '<win32com.gen_py.Microsoft Word 16.0 Object Library.Style instance at 0x2668537090032>' object has no attribute 'Name'
2026-06-11 15:01:57  DEBUG      Body scan error at para 296: '<win32com.gen_py.Microsoft Word 16.0 Object Library.Style instance at 0x2668537090032>' object has no attribute 'Name'
2026-06-11 15:01:57  DEBUG      Body scan error at para 297: '<win32com.gen_py.Microsoft Word 16.0 Object Library.Style instance at 0x2668537090032>' object has no attribute 'Name'
2026-06-11 15:01:57  DEBUG      Body scan error at para 298: '<win32com.gen_py.Microsoft Word 16.0 Object Library.Style instance at 0x2668537090032>' object has no attribute 'Name'
2026-06-11 15:01:57  DEBUG      Body scan error at para 299: '<win32com.gen_py.Microsoft Word 16.0 Object Library.Style instance at 0x2668537090032>' object has no attribute 'Name'
2026-06-11 15:01:57  DEBUG      Body scan error at para 300: '<win32com.gen_py.Microsoft Word 16.0 Object Library.Style instance at 0x2668537090032>' object has no attribute 'Name'
2026-06-11 15:01:57  DEBUG      Body scan error at para 301: '<win32com.gen_py.Microsoft Word 16.0 Object Library.Style instance at 0x2668537090032>' object has no attribute 'Name'
2026-06-11 15:01:57  DEBUG      Body scan error at para 302: '<win32com.gen_py.Microsoft Word 16.0 Object Library.Style instance at 0x2668537090032>' object has no attribute 'Name'
2026-06-11 15:01:57  DEBUG      Body scan error at para 303: '<win32com.gen_py.Microsoft Word 16.0 Object Library.Style instance at 0x2668537090032>' object has no attribute 'Name'
2026-06-11 15:01:57  DEBUG      Body scan error at para 304: '<win32com.gen_py.Microsoft Word 16.0 Object Library.Style instance at 0x2668537090032>' object has no attribute 'Name'
2026-06-11 15:01:58  DEBUG      Body scan error at para 305: '<win32com.gen_py.Microsoft Word 16.0 Object Library.Style instance at 0x2668537090032>' object has no attribute 'Name'
2026-06-11 15:01:58  DEBUG      Body scan error at para 306: '<win32com.gen_py.Microsoft Word 16.0 Object Library.Style instance at 0x2668537090032>' object has no attribute 'Name'
2026-06-11 15:01:58  DEBUG      Body scan error at para 307: '<win32com.gen_py.Microsoft Word 16.0 Object Library.Style instance at 0x2668537090032>' object has no attribute 'Name'
2026-06-11 15:01:58  DEBUG      Body scan error at para 308: '<win32com.gen_py.Microsoft Word 16.0 Object Library.Style instance at 0x2668537090032>' object has no attribute 'Name'
2026-06-11 15:01:58  DEBUG      Body scan error at para 309: '<win32com.gen_py.Microsoft Word 16.0 Object Library.Style instance at 0x2668537090032>' object has no attribute 'Name'
2026-06-11 15:01:58  DEBUG      Body scan error at para 310: '<win32com.gen_py.Microsoft Word 16.0 Object Library.Style instance at 0x2668537090032>' object has no attribute 'Name'
2026-06-11 15:01:58  DEBUG      Body scan error at para 311: '<win32com.gen_py.Microsoft Word 16.0 Object Library.Style instance at 0x2668537090032>' object has no attribute 'Name'
2026-06-11 15:01:58  DEBUG      Body scan error at para 312: '<win32com.gen_py.Microsoft Word 16.0 Object Library.Style instance at 0x2668537090032>' object has no attribute 'Name'
2026-06-11 15:01:58  DEBUG      Body scan error at para 313: '<win32com.gen_py.Microsoft Word 16.0 Object Library.Style instance at 0x2668537090032>' object has no attribute 'Name'
2026-06-11 15:01:58  DEBUG      Body scan error at para 314: '<win32com.gen_py.Microsoft Word 16.0 Object Library.Style instance at 0x2668537090032>' object has no attribute 'Name'
2026-06-11 15:01:58  DEBUG      Body scan error at para 315: '<win32com.gen_py.Microsoft Word 16.0 Object Library.Style instance at 0x2668537090032>' object has no attribute 'Name'
2026-06-11 15:01:58  DEBUG      Body scan error at para 316: '<win32com.gen_py.Microsoft Word 16.0 Object Library.Style instance at 0x2668537090032>' object has no attribute 'Name'
2026-06-11 15:01:58  DEBUG      Body scan error at para 317: '<win32com.gen_py.Microsoft Word 16.0 Object Library.Style instance at 0x2668537090032>' object has no attribute 'Name'
2026-06-11 15:01:58  DEBUG      Body scan error at para 318: '<win32com.gen_py.Microsoft Word 16.0 Object Library.Style instance at 0x2668537090032>' object has no attribute 'Name'
2026-06-11 15:01:58  DEBUG      Body scan error at para 319: '<win32com.gen_py.Microsoft Word 16.0 Object Library.Style instance at 0x2668537090032>' object has no attribute 'Name'
2026-06-11 15:01:58  DEBUG      Body scan error at para 320: '<win32com.gen_py.Microsoft Word 16.0 Object Library.Style instance at 0x2668537090032>' object has no attribute 'Name'
2026-06-11 15:01:58  DEBUG      Body scan error at para 321: '<win32com.gen_py.Microsoft Word 16.0 Object Library.Style instance at 0x2668537090032>' object has no attribute 'Name'
2026-06-11 15:01:58  DEBUG      Body scan error at para 322: '<win32com.gen_py.Microsoft Word 16.0 Object Library.Style instance at 0x2668537090032>' object has no attribute 'Name'
2026-06-11 15:01:58  DEBUG      Body scan error at para 323: '<win32com.gen_py.Microsoft Word 16.0 Object Library.Style instance at 0x2668537090032>' object has no attribute 'Name'
2026-06-11 15:01:58  DEBUG      Body scan error at para 324: '<win32com.gen_py.Microsoft Word 16.0 Object Library.Style instance at 0x2668537090032>' object has no attribute 'Name'
2026-06-11 15:01:58  DEBUG      Body scan error at para 325: '<win32com.gen_py.Microsoft Word 16.0 Object Library.Style instance at 0x2668537090032>' object has no attribute 'Name'
2026-06-11 15:01:58  DEBUG      Body scan error at para 326: '<win32com.gen_py.Microsoft Word 16.0 Object Library.Style instance at 0x2668537090032>' object has no attribute 'Name'
2026-06-11 15:01:58  DEBUG      Body scan error at para 327: '<win32com.gen_py.Microsoft Word 16.0 Object Library.Style instance at 0x2668537090032>' object has no attribute 'Name'
2026-06-11 15:01:58  DEBUG      Body scan error at para 328: '<win32com.gen_py.Microsoft Word 16.0 Object Library.Style instance at 0x2668537090032>' object has no attribute 'Name'
2026-06-11 15:01:58  DEBUG      Body scan error at para 329: '<win32com.gen_py.Microsoft Word 16.0 Object Library.Style instance at 0x2668537090032>' object has no attribute 'Name'
2026-06-11 15:01:58  DEBUG      Body scan error at para 330: '<win32com.gen_py.Microsoft Word 16.0 Object Library.Style instance at 0x2668537090032>' object has no attribute 'Name'
2026-06-11 15:01:58  DEBUG      Body scan error at para 331: '<win32com.gen_py.Microsoft Word 16.0 Object Library.Style instance at 0x2668537090032>' object has no attribute 'Name'
2026-06-11 15:01:58  DEBUG      Body scan error at para 332: '<win32com.gen_py.Microsoft Word 16.0 Object Library.Style instance at 0x2668537090032>' object has no attribute 'Name'
2026-06-11 15:01:58  DEBUG      Body scan error at para 333: '<win32com.gen_py.Microsoft Word 16.0 Object Library.Style instance at 0x2668537090032>' object has no attribute 'Name'
2026-06-11 15:01:58  DEBUG      Body scan error at para 334: '<win32com.gen_py.Microsoft Word 16.0 Object Library.Style instance at 0x2668537090032>' object has no attribute 'Name'
2026-06-11 15:01:58  DEBUG      Body scan error at para 335: '<win32com.gen_py.Microsoft Word 16.0 Object Library.Style instance at 0x2668537090032>' object has no attribute 'Name'
2026-06-11 15:01:58  DEBUG      Body scan error at para 336: '<win32com.gen_py.Microsoft Word 16.0 Object Library.Style instance at 0x2668537090032>' object has no attribute 'Name'
2026-06-11 15:01:58  DEBUG      Body scan error at para 337: '<win32com.gen_py.Microsoft Word 16.0 Object Library.Style instance at 0x2668537090032>' object has no attribute 'Name'
2026-06-11 15:01:58  DEBUG      Body scan error at para 338: '<win32com.gen_py.Microsoft Word 16.0 Object Library.Style instance at 0x2668537090032>' object has no attribute 'Name'
2026-06-11 15:01:58  DEBUG      Body scan error at para 339: '<win32com.gen_py.Microsoft Word 16.0 Object Library.Style instance at 0x2668537090032>' object has no attribute 'Name'
2026-06-11 15:01:58  DEBUG      Body scan error at para 340: '<win32com.gen_py.Microsoft Word 16.0 Object Library.Style instance at 0x2668537090032>' object has no attribute 'Name'
2026-06-11 15:01:58  DEBUG      Body scan error at para 341: '<win32com.gen_py.Microsoft Word 16.0 Object Library.Style instance at 0x2668537090032>' object has no attribute 'Name'
2026-06-11 15:01:58  DEBUG      Body scan error at para 342: '<win32com.gen_py.Microsoft Word 16.0 Object Library.Style instance at 0x2668537090032>' object has no attribute 'Name'
2026-06-11 15:01:58  DEBUG      Body scan error at para 343: '<win32com.gen_py.Microsoft Word 16.0 Object Library.Style instance at 0x2668537090032>' object has no attribute 'Name'
2026-06-11 15:01:58  DEBUG      Body scan error at para 344: '<win32com.gen_py.Microsoft Word 16.0 Object Library.Style instance at 0x2668537090032>' object has no attribute 'Name'
2026-06-11 15:01:58  DEBUG      Body scan error at para 345: '<win32com.gen_py.Microsoft Word 16.0 Object Library.Style instance at 0x2668537090032>' object has no attribute 'Name'
2026-06-11 15:01:58  DEBUG      Body scan error at para 346: '<win32com.gen_py.Microsoft Word 16.0 Object Library.Style instance at 0x2668537090032>' object has no attribute 'Name'
2026-06-11 15:01:58  DEBUG      Body scan error at para 347: '<win32com.gen_py.Microsoft Word 16.0 Object Library.Style instance at 0x2668537090032>' object has no attribute 'Name'
2026-06-11 15:01:58  DEBUG      Body scan error at para 348: '<win32com.gen_py.Microsoft Word 16.0 Object Library.Style instance at 0x2668537090032>' object has no attribute 'Name'
2026-06-11 15:01:58  DEBUG      Body scan error at para 349: '<win32com.gen_py.Microsoft Word 16.0 Object Library.Style instance at 0x2668537090032>' object has no attribute 'Name'
2026-06-11 15:01:58  DEBUG      Body scan error at para 350: '<win32com.gen_py.Microsoft Word 16.0 Object Library.Style instance at 0x2668537090032>' object has no attribute 'Name'
2026-06-11 15:01:58  DEBUG      Body scan error at para 351: '<win32com.gen_py.Microsoft Word 16.0 Object Library.Style instance at 0x2668537090032>' object has no attribute 'Name'
2026-06-11 15:01:58  DEBUG      Body scan error at para 352: '<win32com.gen_py.Microsoft Word 16.0 Object Library.Style instance at 0x2668537090032>' object has no attribute 'Name'
2026-06-11 15:01:58  DEBUG      Body scan error at para 353: '<win32com.gen_py.Microsoft Word 16.0 Object Library.Style instance at 0x2668537090032>' object has no attribute 'Name'
2026-06-11 15:01:58  DEBUG      Body scan error at para 354: '<win32com.gen_py.Microsoft Word 16.0 Object Library.Style instance at 0x2668537090032>' object has no attribute 'Name'
2026-06-11 15:01:58  DEBUG      Body scan error at para 355: '<win32com.gen_py.Microsoft Word 16.0 Object Library.Style instance at 0x2668537090032>' object has no attribute 'Name'
2026-06-11 15:01:58  DEBUG      Body scan error at para 356: '<win32com.gen_py.Microsoft Word 16.0 Object Library.Style instance at 0x2668537090032>' object has no attribute 'Name'
2026-06-11 15:01:58  DEBUG      Body scan error at para 357: '<win32com.gen_py.Microsoft Word 16.0 Object Library.Style instance at 0x2668537090032>' object has no attribute 'Name'
2026-06-11 15:01:58  DEBUG      Body scan error at para 358: '<win32com.gen_py.Microsoft Word 16.0 Object Library.Style instance at 0x2668537090032>' object has no attribute 'Name'
2026-06-11 15:01:58  DEBUG      Body scan error at para 359: '<win32com.gen_py.Microsoft Word 16.0 Object Library.Style instance at 0x2668537090032>' object has no attribute 'Name'
2026-06-11 15:01:58  DEBUG      Body scan error at para 360: '<win32com.gen_py.Microsoft Word 16.0 Object Library.Style instance at 0x2668537090032>' object has no attribute 'Name'
2026-06-11 15:01:58  DEBUG      Body scan error at para 361: '<win32com.gen_py.Microsoft Word 16.0 Object Library.Style instance at 0x2668537090032>' object has no attribute 'Name'
2026-06-11 15:01:58  DEBUG      Body scan error at para 362: '<win32com.gen_py.Microsoft Word 16.0 Object Library.Style instance at 0x2668537090032>' object has no attribute 'Name'
2026-06-11 15:01:58  DEBUG      Body scan error at para 363: '<win32com.gen_py.Microsoft Word 16.0 Object Library.Style instance at 0x2668537090032>' object has no attribute 'Name'
2026-06-11 15:01:58  DEBUG      Body scan error at para 364: '<win32com.gen_py.Microsoft Word 16.0 Object Library.Style instance at 0x2668537090032>' object has no attribute 'Name'
2026-06-11 15:01:58  DEBUG      Body scan error at para 365: '<win32com.gen_py.Microsoft Word 16.0 Object Library.Style instance at 0x2668537090032>' object has no attribute 'Name'
2026-06-11 15:01:59  DEBUG      Body scan error at para 366: '<win32com.gen_py.Microsoft Word 16.0 Object Library.Style instance at 0x2668537090032>' object has no attribute 'Name'
2026-06-11 15:01:59  DEBUG      Body scan error at para 367: '<win32com.gen_py.Microsoft Word 16.0 Object Library.Style instance at 0x2668537090032>' object has no attribute 'Name'
2026-06-11 15:01:59  DEBUG      Body scan error at para 368: '<win32com.gen_py.Microsoft Word 16.0 Object Library.Style instance at 0x2668537090032>' object has no attribute 'Name'
2026-06-11 15:01:59  DEBUG      Body scan error at para 369: '<win32com.gen_py.Microsoft Word 16.0 Object Library.Style instance at 0x2668537090032>' object has no attribute 'Name'
2026-06-11 15:01:59  DEBUG      Body scan error at para 370: '<win32com.gen_py.Microsoft Word 16.0 Object Library.Style instance at 0x2668537090032>' object has no attribute 'Name'
2026-06-11 15:01:59  DEBUG      Body scan error at para 371: '<win32com.gen_py.Microsoft Word 16.0 Object Library.Style instance at 0x2668537090032>' object has no attribute 'Name'
2026-06-11 15:01:59  DEBUG      Body scan error at para 372: '<win32com.gen_py.Microsoft Word 16.0 Object Library.Style instance at 0x2668537090032>' object has no attribute 'Name'
2026-06-11 15:01:59  DEBUG      Body scan error at para 373: '<win32com.gen_py.Microsoft Word 16.0 Object Library.Style instance at 0x2668537090032>' object has no attribute 'Name'
2026-06-11 15:01:59  DEBUG      Body scan error at para 374: '<win32com.gen_py.Microsoft Word 16.0 Object Library.Style instance at 0x2668537090032>' object has no attribute 'Name'
2026-06-11 15:01:59  DEBUG      Body scan error at para 375: '<win32com.gen_py.Microsoft Word 16.0 Object Library.Style instance at 0x2668537090032>' object has no attribute 'Name'
2026-06-11 15:01:59  DEBUG      Body scan error at para 376: '<win32com.gen_py.Microsoft Word 16.0 Object Library.Style instance at 0x2668537090032>' object has no attribute 'Name'
2026-06-11 15:01:59  DEBUG      Body scan error at para 377: '<win32com.gen_py.Microsoft Word 16.0 Object Library.Style instance at 0x2668537090032>' object has no attribute 'Name'
2026-06-11 15:01:59  DEBUG      Body scan error at para 378: '<win32com.gen_py.Microsoft Word 16.0 Object Library.Style instance at 0x2668537090032>' object has no attribute 'Name'
2026-06-11 15:01:59  DEBUG      Body scan error at para 379: '<win32com.gen_py.Microsoft Word 16.0 Object Library.Style instance at 0x2668537090032>' object has no attribute 'Name'
2026-06-11 15:01:59  DEBUG      Body scan error at para 380: '<win32com.gen_py.Microsoft Word 16.0 Object Library.Style instance at 0x2668537090032>' object has no attribute 'Name'
2026-06-11 15:01:59  DEBUG      Body scan error at para 381: '<win32com.gen_py.Microsoft Word 16.0 Object Library.Style instance at 0x2668537090032>' object has no attribute 'Name'
2026-06-11 15:01:59  DEBUG      Body scan error at para 382: '<win32com.gen_py.Microsoft Word 16.0 Object Library.Style instance at 0x2668537090032>' object has no attribute 'Name'
2026-06-11 15:01:59  DEBUG      Body scan error at para 383: '<win32com.gen_py.Microsoft Word 16.0 Object Library.Style instance at 0x2668537090032>' object has no attribute 'Name'
2026-06-11 15:01:59  DEBUG      Body scan error at para 384: '<win32com.gen_py.Microsoft Word 16.0 Object Library.Style instance at 0x2668537090032>' object has no attribute 'Name'
2026-06-11 15:01:59  DEBUG      Body scan error at para 385: '<win32com.gen_py.Microsoft Word 16.0 Object Library.Style instance at 0x2668537090032>' object has no attribute 'Name'
2026-06-11 15:01:59  DEBUG      Body scan error at para 386: '<win32com.gen_py.Microsoft Word 16.0 Object Library.Style instance at 0x2668537090032>' object has no attribute 'Name'
2026-06-11 15:01:59  DEBUG      Body scan error at para 387: '<win32com.gen_py.Microsoft Word 16.0 Object Library.Style instance at 0x2668537090032>' object has no attribute 'Name'
2026-06-11 15:01:59  DEBUG      Body scan error at para 388: '<win32com.gen_py.Microsoft Word 16.0 Object Library.Style instance at 0x2668537090032>' object has no attribute 'Name'
2026-06-11 15:01:59  DEBUG      Body scan error at para 389: '<win32com.gen_py.Microsoft Word 16.0 Object Library.Style instance at 0x2668537090032>' object has no attribute 'Name'
2026-06-11 15:01:59  DEBUG      Body scan error at para 390: '<win32com.gen_py.Microsoft Word 16.0 Object Library.Style instance at 0x2668537090032>' object has no attribute 'Name'
2026-06-11 15:01:59  DEBUG      Body scan error at para 391: '<win32com.gen_py.Microsoft Word 16.0 Object Library.Style instance at 0x2668537090032>' object has no attribute 'Name'
2026-06-11 15:01:59  DEBUG      Body scan error at para 392: '<win32com.gen_py.Microsoft Word 16.0 Object Library.Style instance at 0x2668537090032>' object has no attribute 'Name'
2026-06-11 15:01:59  DEBUG      Body scan error at para 393: '<win32com.gen_py.Microsoft Word 16.0 Object Library.Style instance at 0x2668537090032>' object has no attribute 'Name'
2026-06-11 15:01:59  DEBUG      Body scan error at para 394: '<win32com.gen_py.Microsoft Word 16.0 Object Library.Style instance at 0x2668537090032>' object has no attribute 'Name'
2026-06-11 15:01:59  DEBUG      Body scan error at para 395: '<win32com.gen_py.Microsoft Word 16.0 Object Library.Style instance at 0x2668537090032>' object has no attribute 'Name'
2026-06-11 15:01:59  DEBUG      Body scan error at para 396: '<win32com.gen_py.Microsoft Word 16.0 Object Library.Style instance at 0x2668537090032>' object has no attribute 'Name'
2026-06-11 15:01:59  DEBUG      Body scan error at para 397: '<win32com.gen_py.Microsoft Word 16.0 Object Library.Style instance at 0x2668537090032>' object has no attribute 'Name'
2026-06-11 15:01:59  DEBUG      Body scan error at para 398: '<win32com.gen_py.Microsoft Word 16.0 Object Library.Style instance at 0x2668537090032>' object has no attribute 'Name'
2026-06-11 15:01:59  DEBUG      Body scan error at para 399: '<win32com.gen_py.Microsoft Word 16.0 Object Library.Style instance at 0x2668537090032>' object has no attribute 'Name'
2026-06-11 15:01:59  DEBUG      Body scan error at para 400: '<win32com.gen_py.Microsoft Word 16.0 Object Library.Style instance at 0x2668537090032>' object has no attribute 'Name'
2026-06-11 15:01:59  DEBUG      Body scan error at para 401: '<win32com.gen_py.Microsoft Word 16.0 Object Library.Style instance at 0x2668537090032>' object has no attribute 'Name'
2026-06-11 15:01:59  DEBUG      Body scan error at para 402: '<win32com.gen_py.Microsoft Word 16.0 Object Library.Style instance at 0x2668537090032>' object has no attribute 'Name'
2026-06-11 15:01:59  DEBUG      Body scan error at para 403: '<win32com.gen_py.Microsoft Word 16.0 Object Library.Style instance at 0x2668537090032>' object has no attribute 'Name'
2026-06-11 15:01:59  DEBUG      Body scan error at para 404: '<win32com.gen_py.Microsoft Word 16.0 Object Library.Style instance at 0x2668537090032>' object has no attribute 'Name'
2026-06-11 15:01:59  DEBUG      Body scan error at para 405: '<win32com.gen_py.Microsoft Word 16.0 Object Library.Style instance at 0x2668537090032>' object has no attribute 'Name'
2026-06-11 15:01:59  DEBUG      Body scan error at para 406: '<win32com.gen_py.Microsoft Word 16.0 Object Library.Style instance at 0x2668537090032>' object has no attribute 'Name'
2026-06-11 15:01:59  DEBUG      Body scan error at para 407: '<win32com.gen_py.Microsoft Word 16.0 Object Library.Style instance at 0x2668537090032>' object has no attribute 'Name'
2026-06-11 15:01:59  DEBUG      Body scan error at para 408: '<win32com.gen_py.Microsoft Word 16.0 Object Library.Style instance at 0x2668537090032>' object has no attribute 'Name'
2026-06-11 15:01:59  DEBUG      Body scan error at para 409: '<win32com.gen_py.Microsoft Word 16.0 Object Library.Style instance at 0x2668537090032>' object has no attribute 'Name'
2026-06-11 15:01:59  DEBUG      Body scan error at para 410: '<win32com.gen_py.Microsoft Word 16.0 Object Library.Style instance at 0x2668537090032>' object has no attribute 'Name'
2026-06-11 15:02:00  DEBUG      Body scan error at para 411: '<win32com.gen_py.Microsoft Word 16.0 Object Library.Style instance at 0x2668537090032>' object has no attribute 'Name'
2026-06-11 15:02:00  DEBUG      Body scan error at para 412: '<win32com.gen_py.Microsoft Word 16.0 Object Library.Style instance at 0x2668537090032>' object has no attribute 'Name'
2026-06-11 15:02:00  DEBUG      Body scan error at para 413: '<win32com.gen_py.Microsoft Word 16.0 Object Library.Style instance at 0x2668537090032>' object has no attribute 'Name'
2026-06-11 15:02:00  DEBUG      Body scan error at para 414: '<win32com.gen_py.Microsoft Word 16.0 Object Library.Style instance at 0x2668537090032>' object has no attribute 'Name'
2026-06-11 15:02:00  DEBUG      Body scan error at para 415: '<win32com.gen_py.Microsoft Word 16.0 Object Library.Style instance at 0x2668537090032>' object has no attribute 'Name'
2026-06-11 15:02:00  DEBUG      Body scan error at para 416: '<win32com.gen_py.Microsoft Word 16.0 Object Library.Style instance at 0x2668537090032>' object has no attribute 'Name'
2026-06-11 15:02:00  DEBUG      Body scan error at para 417: '<win32com.gen_py.Microsoft Word 16.0 Object Library.Style instance at 0x2668537090032>' object has no attribute 'Name'
2026-06-11 15:02:00  DEBUG      Body scan error at para 418: '<win32com.gen_py.Microsoft Word 16.0 Object Library.Style instance at 0x2668537090032>' object has no attribute 'Name'
2026-06-11 15:02:00  DEBUG      Body scan error at para 419: '<win32com.gen_py.Microsoft Word 16.0 Object Library.Style instance at 0x2668537090032>' object has no attribute 'Name'
2026-06-11 15:02:00  DEBUG      Body scan error at para 420: '<win32com.gen_py.Microsoft Word 16.0 Object Library.Style instance at 0x2668537090032>' object has no attribute 'Name'
2026-06-11 15:02:00  DEBUG      Body scan error at para 421: '<win32com.gen_py.Microsoft Word 16.0 Object Library.Style instance at 0x2668537090032>' object has no attribute 'Name'
2026-06-11 15:02:00  DEBUG      Body scan error at para 422: '<win32com.gen_py.Microsoft Word 16.0 Object Library.Style instance at 0x2668537090032>' object has no attribute 'Name'
2026-06-11 15:02:00  DEBUG      Body scan error at para 423: '<win32com.gen_py.Microsoft Word 16.0 Object Library.Style instance at 0x2668537090032>' object has no attribute 'Name'
2026-06-11 15:02:00  DEBUG      Body scan error at para 424: '<win32com.gen_py.Microsoft Word 16.0 Object Library.Style instance at 0x2668537090032>' object has no attribute 'Name'
2026-06-11 15:02:00  DEBUG      Body scan error at para 425: '<win32com.gen_py.Microsoft Word 16.0 Object Library.Style instance at 0x2668537090032>' object has no attribute 'Name'
2026-06-11 15:02:00  DEBUG      Body scan error at para 426: '<win32com.gen_py.Microsoft Word 16.0 Object Library.Style instance at 0x2668537090032>' object has no attribute 'Name'
2026-06-11 15:02:00  DEBUG      Body scan error at para 427: '<win32com.gen_py.Microsoft Word 16.0 Object Library.Style instance at 0x2668537090032>' object has no attribute 'Name'
2026-06-11 15:02:00  DEBUG      Body scan error at para 428: '<win32com.gen_py.Microsoft Word 16.0 Object Library.Style instance at 0x2668537090032>' object has no attribute 'Name'
2026-06-11 15:02:00  DEBUG      Body scan error at para 429: '<win32com.gen_py.Microsoft Word 16.0 Object Library.Style instance at 0x2668537090032>' object has no attribute 'Name'
2026-06-11 15:02:00  DEBUG      Body scan error at para 430: '<win32com.gen_py.Microsoft Word 16.0 Object Library.Style instance at 0x2668537090032>' object has no attribute 'Name'
2026-06-11 15:02:00  DEBUG      Body scan error at para 431: '<win32com.gen_py.Microsoft Word 16.0 Object Library.Style instance at 0x2668537090032>' object has no attribute 'Name'
2026-06-11 15:02:00  DEBUG      Body scan error at para 432: '<win32com.gen_py.Microsoft Word 16.0 Object Library.Style instance at 0x2668537090032>' object has no attribute 'Name'
2026-06-11 15:02:00  DEBUG      Body scan error at para 433: '<win32com.gen_py.Microsoft Word 16.0 Object Library.Style instance at 0x2668537090032>' object has no attribute 'Name'
2026-06-11 15:02:00  DEBUG      Body scan error at para 434: '<win32com.gen_py.Microsoft Word 16.0 Object Library.Style instance at 0x2668537090032>' object has no attribute 'Name'
2026-06-11 15:02:00  DEBUG      Body scan error at para 435: '<win32com.gen_py.Microsoft Word 16.0 Object Library.Style instance at 0x2668537090032>' object has no attribute 'Name'
2026-06-11 15:02:00  DEBUG      Body scan error at para 436: '<win32com.gen_py.Microsoft Word 16.0 Object Library.Style instance at 0x2668537090032>' object has no attribute 'Name'
2026-06-11 15:02:00  DEBUG      Body scan error at para 437: '<win32com.gen_py.Microsoft Word 16.0 Object Library.Style instance at 0x2668537090032>' object has no attribute 'Name'
2026-06-11 15:02:00  DEBUG      Body scan error at para 438: '<win32com.gen_py.Microsoft Word 16.0 Object Library.Style instance at 0x2668537090032>' object has no attribute 'Name'
2026-06-11 15:02:00  DEBUG      Body scan error at para 439: '<win32com.gen_py.Microsoft Word 16.0 Object Library.Style instance at 0x2668537090032>' object has no attribute 'Name'
2026-06-11 15:02:00  DEBUG      Body scan error at para 440: '<win32com.gen_py.Microsoft Word 16.0 Object Library.Style instance at 0x2668537090032>' object has no attribute 'Name'
2026-06-11 15:02:00  DEBUG      Body scan error at para 441: '<win32com.gen_py.Microsoft Word 16.0 Object Library.Style instance at 0x2668537090032>' object has no attribute 'Name'
2026-06-11 15:02:00  DEBUG      Body scan error at para 442: '<win32com.gen_py.Microsoft Word 16.0 Object Library.Style instance at 0x2668537090032>' object has no attribute 'Name'
2026-06-11 15:02:00  DEBUG      Body scan error at para 443: '<win32com.gen_py.Microsoft Word 16.0 Object Library.Style instance at 0x2668537090032>' object has no attribute 'Name'
2026-06-11 15:02:00  DEBUG      Body scan error at para 444: '<win32com.gen_py.Microsoft Word 16.0 Object Library.Style instance at 0x2668537090032>' object has no attribute 'Name'
2026-06-11 15:02:00  DEBUG      Body scan error at para 445: '<win32com.gen_py.Microsoft Word 16.0 Object Library.Style instance at 0x2668537090032>' object has no attribute 'Name'
2026-06-11 15:02:00  DEBUG      Body scan error at para 446: '<win32com.gen_py.Microsoft Word 16.0 Object Library.Style instance at 0x2668537090032>' object has no attribute 'Name'
2026-06-11 15:02:00  DEBUG      Body scan error at para 447: '<win32com.gen_py.Microsoft Word 16.0 Object Library.Style instance at 0x2668537090032>' object has no attribute 'Name'
2026-06-11 15:02:00  DEBUG      Body scan error at para 448: '<win32com.gen_py.Microsoft Word 16.0 Object Library.Style instance at 0x2668537090032>' object has no attribute 'Name'
2026-06-11 15:02:00  DEBUG      Body scan error at para 449: '<win32com.gen_py.Microsoft Word 16.0 Object Library.Style instance at 0x2668537090032>' object has no attribute 'Name'
2026-06-11 15:02:00  DEBUG      Body scan error at para 450: '<win32com.gen_py.Microsoft Word 16.0 Object Library.Style instance at 0x2668537090032>' object has no attribute 'Name'
2026-06-11 15:02:00  DEBUG      Body scan error at para 451: '<win32com.gen_py.Microsoft Word 16.0 Object Library.Style instance at 0x2668537090032>' object has no attribute 'Name'
2026-06-11 15:02:00  DEBUG      Body scan error at para 452: '<win32com.gen_py.Microsoft Word 16.0 Object Library.Style instance at 0x2668537090032>' object has no attribute 'Name'
2026-06-11 15:02:00  DEBUG      Body scan error at para 453: '<win32com.gen_py.Microsoft Word 16.0 Object Library.Style instance at 0x2668537090032>' object has no attribute 'Name'
2026-06-11 15:02:00  DEBUG      Body scan error at para 454: '<win32com.gen_py.Microsoft Word 16.0 Object Library.Style instance at 0x2668537090032>' object has no attribute 'Name'
2026-06-11 15:02:00  DEBUG      Body scan error at para 455: '<win32com.gen_py.Microsoft Word 16.0 Object Library.Style instance at 0x2668537090032>' object has no attribute 'Name'
2026-06-11 15:02:00  DEBUG      Body scan error at para 456: '<win32com.gen_py.Microsoft Word 16.0 Object Library.Style instance at 0x2668537090032>' object has no attribute 'Name'
2026-06-11 15:02:00  DEBUG      Body scan error at para 457: '<win32com.gen_py.Microsoft Word 16.0 Object Library.Style instance at 0x2668537090032>' object has no attribute 'Name'
2026-06-11 15:02:00  DEBUG      Body scan error at para 458: '<win32com.gen_py.Microsoft Word 16.0 Object Library.Style instance at 0x2668537090032>' object has no attribute 'Name'
2026-06-11 15:02:00  DEBUG      Body scan error at para 459: '<win32com.gen_py.Microsoft Word 16.0 Object Library.Style instance at 0x2668537090032>' object has no attribute 'Name'
2026-06-11 15:02:00  DEBUG      Body scan error at para 460: '<win32com.gen_py.Microsoft Word 16.0 Object Library.Style instance at 0x2668537090032>' object has no attribute 'Name'
2026-06-11 15:02:00  DEBUG      Body scan error at para 461: '<win32com.gen_py.Microsoft Word 16.0 Object Library.Style instance at 0x2668537090032>' object has no attribute 'Name'
2026-06-11 15:02:00  DEBUG      Body scan error at para 462: '<win32com.gen_py.Microsoft Word 16.0 Object Library.Style instance at 0x2668537090032>' object has no attribute 'Name'
2026-06-11 15:02:00  DEBUG      Body scan error at para 463: '<win32com.gen_py.Microsoft Word 16.0 Object Library.Style instance at 0x2668537090032>' object has no attribute 'Name'
2026-06-11 15:02:00  DEBUG      Body scan error at para 464: '<win32com.gen_py.Microsoft Word 16.0 Object Library.Style instance at 0x2668537090032>' object has no attribute 'Name'
2026-06-11 15:02:01  DEBUG      Body scan error at para 465: '<win32com.gen_py.Microsoft Word 16.0 Object Library.Style instance at 0x2668537090032>' object has no attribute 'Name'
2026-06-11 15:02:01  DEBUG      Body scan error at para 466: '<win32com.gen_py.Microsoft Word 16.0 Object Library.Style instance at 0x2668537090032>' object has no attribute 'Name'
2026-06-11 15:02:01  DEBUG      Body scan error at para 467: '<win32com.gen_py.Microsoft Word 16.0 Object Library.Style instance at 0x2668537090032>' object has no attribute 'Name'
2026-06-11 15:02:01  DEBUG      Body scan error at para 468: '<win32com.gen_py.Microsoft Word 16.0 Object Library.Style instance at 0x2668537090032>' object has no attribute 'Name'
2026-06-11 15:02:01  DEBUG      Body scan error at para 469: '<win32com.gen_py.Microsoft Word 16.0 Object Library.Style instance at 0x2668537090032>' object has no attribute 'Name'
2026-06-11 15:02:01  DEBUG      Body scan error at para 470: '<win32com.gen_py.Microsoft Word 16.0 Object Library.Style instance at 0x2668537090032>' object has no attribute 'Name'
2026-06-11 15:02:01  DEBUG      Body scan error at para 471: '<win32com.gen_py.Microsoft Word 16.0 Object Library.Style instance at 0x2668537090032>' object has no attribute 'Name'
2026-06-11 15:02:01  DEBUG      Body scan error at para 472: '<win32com.gen_py.Microsoft Word 16.0 Object Library.Style instance at 0x2668537090032>' object has no attribute 'Name'
2026-06-11 15:02:01  DEBUG      Body scan error at para 473: '<win32com.gen_py.Microsoft Word 16.0 Object Library.Style instance at 0x2668537090032>' object has no attribute 'Name'
2026-06-11 15:02:01  DEBUG      Body scan error at para 474: '<win32com.gen_py.Microsoft Word 16.0 Object Library.Style instance at 0x2668537090032>' object has no attribute 'Name'
2026-06-11 15:02:01  DEBUG      Body scan error at para 475: '<win32com.gen_py.Microsoft Word 16.0 Object Library.Style instance at 0x2668537090032>' object has no attribute 'Name'
2026-06-11 15:02:01  DEBUG      Body scan error at para 476: '<win32com.gen_py.Microsoft Word 16.0 Object Library.Style instance at 0x2668537090032>' object has no attribute 'Name'
2026-06-11 15:02:01  DEBUG      Body scan error at para 477: '<win32com.gen_py.Microsoft Word 16.0 Object Library.Style instance at 0x2668537090032>' object has no attribute 'Name'
2026-06-11 15:02:01  DEBUG      Body scan error at para 478: '<win32com.gen_py.Microsoft Word 16.0 Object Library.Style instance at 0x2668537090032>' object has no attribute 'Name'
2026-06-11 15:02:01  DEBUG      Body scan error at para 479: '<win32com.gen_py.Microsoft Word 16.0 Object Library.Style instance at 0x2668537090032>' object has no attribute 'Name'
2026-06-11 15:02:01  DEBUG      Body scan error at para 480: '<win32com.gen_py.Microsoft Word 16.0 Object Library.Style instance at 0x2668537090032>' object has no attribute 'Name'
2026-06-11 15:02:01  DEBUG      Body scan error at para 481: '<win32com.gen_py.Microsoft Word 16.0 Object Library.Style instance at 0x2668537090032>' object has no attribute 'Name'
2026-06-11 15:02:01  DEBUG      Body scan error at para 482: '<win32com.gen_py.Microsoft Word 16.0 Object Library.Style instance at 0x2668537090032>' object has no attribute 'Name'
2026-06-11 15:02:01  DEBUG      Body scan error at para 483: '<win32com.gen_py.Microsoft Word 16.0 Object Library.Style instance at 0x2668537090032>' object has no attribute 'Name'
2026-06-11 15:02:01  DEBUG      Body scan error at para 484: '<win32com.gen_py.Microsoft Word 16.0 Object Library.Style instance at 0x2668537090032>' object has no attribute 'Name'
2026-06-11 15:02:01  DEBUG      Body scan error at para 485: '<win32com.gen_py.Microsoft Word 16.0 Object Library.Style instance at 0x2668537090032>' object has no attribute 'Name'
2026-06-11 15:02:01  DEBUG      Body scan error at para 486: '<win32com.gen_py.Microsoft Word 16.0 Object Library.Style instance at 0x2668537090032>' object has no attribute 'Name'
2026-06-11 15:02:01  DEBUG      Body scan error at para 487: '<win32com.gen_py.Microsoft Word 16.0 Object Library.Style instance at 0x2668537090032>' object has no attribute 'Name'
2026-06-11 15:02:01  DEBUG      Body scan error at para 488: '<win32com.gen_py.Microsoft Word 16.0 Object Library.Style instance at 0x2668537090032>' object has no attribute 'Name'
2026-06-11 15:02:01  DEBUG      Body scan error at para 489: '<win32com.gen_py.Microsoft Word 16.0 Object Library.Style instance at 0x2668537090032>' object has no attribute 'Name'
2026-06-11 15:02:01  DEBUG      Body scan error at para 490: '<win32com.gen_py.Microsoft Word 16.0 Object Library.Style instance at 0x2668537090032>' object has no attribute 'Name'
2026-06-11 15:02:01  DEBUG      Body scan error at para 491: '<win32com.gen_py.Microsoft Word 16.0 Object Library.Style instance at 0x2668537090032>' object has no attribute 'Name'
2026-06-11 15:02:01  DEBUG      Body scan error at para 492: '<win32com.gen_py.Microsoft Word 16.0 Object Library.Style instance at 0x2668537090032>' object has no attribute 'Name'
2026-06-11 15:02:01  DEBUG      Body scan error at para 493: '<win32com.gen_py.Microsoft Word 16.0 Object Library.Style instance at 0x2668537090032>' object has no attribute 'Name'
2026-06-11 15:02:01  DEBUG      Body scan error at para 494: '<win32com.gen_py.Microsoft Word 16.0 Object Library.Style instance at 0x2668537090032>' object has no attribute 'Name'
2026-06-11 15:02:01  DEBUG      Body scan error at para 495: '<win32com.gen_py.Microsoft Word 16.0 Object Library.Style instance at 0x2668537090032>' object has no attribute 'Name'
2026-06-11 15:02:01  DEBUG      Body scan error at para 496: '<win32com.gen_py.Microsoft Word 16.0 Object Library.Style instance at 0x2668537090032>' object has no attribute 'Name'
2026-06-11 15:02:01  DEBUG      Body scan error at para 497: '<win32com.gen_py.Microsoft Word 16.0 Object Library.Style instance at 0x2668537090032>' object has no attribute 'Name'
2026-06-11 15:02:01  DEBUG      Body scan error at para 498: '<win32com.gen_py.Microsoft Word 16.0 Object Library.Style instance at 0x2668537090032>' object has no attribute 'Name'
2026-06-11 15:02:01  DEBUG      Body scan error at para 499: '<win32com.gen_py.Microsoft Word 16.0 Object Library.Style instance at 0x2668537090032>' object has no attribute 'Name'
2026-06-11 15:02:01  DEBUG      Body scan error at para 500: '<win32com.gen_py.Microsoft Word 16.0 Object Library.Style instance at 0x2668537090032>' object has no attribute 'Name'
2026-06-11 15:02:01  DEBUG      Body scan error at para 501: '<win32com.gen_py.Microsoft Word 16.0 Object Library.Style instance at 0x2668537090032>' object has no attribute 'Name'
2026-06-11 15:02:01  DEBUG      Body scan error at para 502: '<win32com.gen_py.Microsoft Word 16.0 Object Library.Style instance at 0x2668537090032>' object has no attribute 'Name'
2026-06-11 15:02:01  DEBUG      Body scan error at para 503: '<win32com.gen_py.Microsoft Word 16.0 Object Library.Style instance at 0x2668537090032>' object has no attribute 'Name'
2026-06-11 15:02:01  DEBUG      Body scan error at para 504: '<win32com.gen_py.Microsoft Word 16.0 Object Library.Style instance at 0x2668537090032>' object has no attribute 'Name'
2026-06-11 15:02:01  DEBUG      Body scan error at para 505: '<win32com.gen_py.Microsoft Word 16.0 Object Library.Style instance at 0x2668537090032>' object has no attribute 'Name'
2026-06-11 15:02:01  DEBUG      Body scan error at para 506: '<win32com.gen_py.Microsoft Word 16.0 Object Library.Style instance at 0x2668537090032>' object has no attribute 'Name'
2026-06-11 15:02:01  DEBUG      Body scan error at para 507: '<win32com.gen_py.Microsoft Word 16.0 Object Library.Style instance at 0x2668537090032>' object has no attribute 'Name'
2026-06-11 15:02:01  DEBUG      Body scan error at para 508: '<win32com.gen_py.Microsoft Word 16.0 Object Library.Style instance at 0x2668537090032>' object has no attribute 'Name'
2026-06-11 15:02:01  DEBUG      Body scan error at para 509: '<win32com.gen_py.Microsoft Word 16.0 Object Library.Style instance at 0x2668537090032>' object has no attribute 'Name'
2026-06-11 15:02:01  DEBUG      Body scan error at para 510: '<win32com.gen_py.Microsoft Word 16.0 Object Library.Style instance at 0x2668537090032>' object has no attribute 'Name'
2026-06-11 15:02:01  DEBUG      Body scan error at para 511: '<win32com.gen_py.Microsoft Word 16.0 Object Library.Style instance at 0x2668537090032>' object has no attribute 'Name'
2026-06-11 15:02:01  DEBUG      Body scan error at para 512: '<win32com.gen_py.Microsoft Word 16.0 Object Library.Style instance at 0x2668537090032>' object has no attribute 'Name'
2026-06-11 15:02:01  DEBUG      Body scan error at para 513: '<win32com.gen_py.Microsoft Word 16.0 Object Library.Style instance at 0x2668537090032>' object has no attribute 'Name'
2026-06-11 15:02:01  DEBUG      Body scan error at para 514: '<win32com.gen_py.Microsoft Word 16.0 Object Library.Style instance at 0x2668537090032>' object has no attribute 'Name'
2026-06-11 15:02:01  DEBUG      Body scan error at para 515: '<win32com.gen_py.Microsoft Word 16.0 Object Library.Style instance at 0x2668537090032>' object has no attribute 'Name'
2026-06-11 15:02:02  DEBUG      Body scan error at para 516: '<win32com.gen_py.Microsoft Word 16.0 Object Library.Style instance at 0x2668537090032>' object has no attribute 'Name'
2026-06-11 15:02:02  DEBUG      Body scan error at para 517: '<win32com.gen_py.Microsoft Word 16.0 Object Library.Style instance at 0x2668537090032>' object has no attribute 'Name'
2026-06-11 15:02:02  DEBUG      Body scan error at para 518: '<win32com.gen_py.Microsoft Word 16.0 Object Library.Style instance at 0x2668537090032>' object has no attribute 'Name'
2026-06-11 15:02:02  DEBUG      Body scan error at para 519: '<win32com.gen_py.Microsoft Word 16.0 Object Library.Style instance at 0x2668537090032>' object has no attribute 'Name'
2026-06-11 15:02:02  DEBUG      Body scan error at para 520: '<win32com.gen_py.Microsoft Word 16.0 Object Library.Style instance at 0x2668537090032>' object has no attribute 'Name'
2026-06-11 15:02:02  DEBUG      Body scan error at para 521: '<win32com.gen_py.Microsoft Word 16.0 Object Library.Style instance at 0x2668537090032>' object has no attribute 'Name'
2026-06-11 15:02:02  DEBUG      Body scan error at para 522: '<win32com.gen_py.Microsoft Word 16.0 Object Library.Style instance at 0x2668537090032>' object has no attribute 'Name'
2026-06-11 15:02:02  DEBUG      Body scan error at para 523: '<win32com.gen_py.Microsoft Word 16.0 Object Library.Style instance at 0x2668537090032>' object has no attribute 'Name'
2026-06-11 15:02:02  DEBUG      Body scan error at para 524: '<win32com.gen_py.Microsoft Word 16.0 Object Library.Style instance at 0x2668537090032>' object has no attribute 'Name'
2026-06-11 15:02:02  DEBUG      Body scan error at para 525: '<win32com.gen_py.Microsoft Word 16.0 Object Library.Style instance at 0x2668537090032>' object has no attribute 'Name'
2026-06-11 15:02:02  DEBUG      Body scan error at para 526: '<win32com.gen_py.Microsoft Word 16.0 Object Library.Style instance at 0x2668537090032>' object has no attribute 'Name'
2026-06-11 15:02:02  DEBUG      Body scan error at para 527: '<win32com.gen_py.Microsoft Word 16.0 Object Library.Style instance at 0x2668537090032>' object has no attribute 'Name'
2026-06-11 15:02:02  DEBUG      Body scan error at para 528: '<win32com.gen_py.Microsoft Word 16.0 Object Library.Style instance at 0x2668537090032>' object has no attribute 'Name'
2026-06-11 15:02:02  DEBUG      Body scan error at para 529: '<win32com.gen_py.Microsoft Word 16.0 Object Library.Style instance at 0x2668537090032>' object has no attribute 'Name'
2026-06-11 15:02:02  DEBUG      Body scan error at para 530: '<win32com.gen_py.Microsoft Word 16.0 Object Library.Style instance at 0x2668537090032>' object has no attribute 'Name'
2026-06-11 15:02:02  DEBUG      Body scan error at para 531: '<win32com.gen_py.Microsoft Word 16.0 Object Library.Style instance at 0x2668537090032>' object has no attribute 'Name'
2026-06-11 15:02:02  DEBUG      Body scan error at para 532: '<win32com.gen_py.Microsoft Word 16.0 Object Library.Style instance at 0x2668537090032>' object has no attribute 'Name'
2026-06-11 15:02:02  DEBUG      Body scan error at para 533: '<win32com.gen_py.Microsoft Word 16.0 Object Library.Style instance at 0x2668537090032>' object has no attribute 'Name'
2026-06-11 15:02:02  DEBUG      Body scan error at para 534: '<win32com.gen_py.Microsoft Word 16.0 Object Library.Style instance at 0x2668537090032>' object has no attribute 'Name'
2026-06-11 15:02:02  DEBUG      Body scan error at para 535: '<win32com.gen_py.Microsoft Word 16.0 Object Library.Style instance at 0x2668537090032>' object has no attribute 'Name'
2026-06-11 15:02:02  DEBUG      Body scan error at para 536: '<win32com.gen_py.Microsoft Word 16.0 Object Library.Style instance at 0x2668537090032>' object has no attribute 'Name'
2026-06-11 15:02:02  DEBUG      Body scan error at para 537: '<win32com.gen_py.Microsoft Word 16.0 Object Library.Style instance at 0x2668537090032>' object has no attribute 'Name'
2026-06-11 15:02:02  DEBUG      Body scan error at para 538: '<win32com.gen_py.Microsoft Word 16.0 Object Library.Style instance at 0x2668537090032>' object has no attribute 'Name'
2026-06-11 15:02:02  DEBUG      Body scan error at para 539: '<win32com.gen_py.Microsoft Word 16.0 Object Library.Style instance at 0x2668537090032>' object has no attribute 'Name'
2026-06-11 15:02:02  DEBUG      Body scan error at para 540: '<win32com.gen_py.Microsoft Word 16.0 Object Library.Style instance at 0x2668537090032>' object has no attribute 'Name'
2026-06-11 15:02:02  DEBUG      Body scan error at para 541: '<win32com.gen_py.Microsoft Word 16.0 Object Library.Style instance at 0x2668537090032>' object has no attribute 'Name'
2026-06-11 15:02:02  DEBUG      Body scan error at para 542: '<win32com.gen_py.Microsoft Word 16.0 Object Library.Style instance at 0x2668537090032>' object has no attribute 'Name'
2026-06-11 15:02:02  DEBUG      Body scan error at para 543: '<win32com.gen_py.Microsoft Word 16.0 Object Library.Style instance at 0x2668537090032>' object has no attribute 'Name'
2026-06-11 15:02:02  DEBUG      Body scan error at para 544: '<win32com.gen_py.Microsoft Word 16.0 Object Library.Style instance at 0x2668537090032>' object has no attribute 'Name'
2026-06-11 15:02:02  DEBUG      Body scan error at para 545: '<win32com.gen_py.Microsoft Word 16.0 Object Library.Style instance at 0x2668537090032>' object has no attribute 'Name'
2026-06-11 15:02:02  DEBUG      Body scan error at para 546: '<win32com.gen_py.Microsoft Word 16.0 Object Library.Style instance at 0x2668537090032>' object has no attribute 'Name'
2026-06-11 15:02:02  DEBUG      Body scan error at para 547: '<win32com.gen_py.Microsoft Word 16.0 Object Library.Style instance at 0x2668537090032>' object has no attribute 'Name'
2026-06-11 15:02:02  DEBUG      Body scan error at para 548: '<win32com.gen_py.Microsoft Word 16.0 Object Library.Style instance at 0x2668537090032>' object has no attribute 'Name'
2026-06-11 15:02:02  DEBUG      Body scan error at para 549: '<win32com.gen_py.Microsoft Word 16.0 Object Library.Style instance at 0x2668537090032>' object has no attribute 'Name'
2026-06-11 15:02:02  DEBUG      Body scan error at para 550: '<win32com.gen_py.Microsoft Word 16.0 Object Library.Style instance at 0x2668537090032>' object has no attribute 'Name'
2026-06-11 15:02:02  DEBUG      Body scan error at para 551: '<win32com.gen_py.Microsoft Word 16.0 Object Library.Style instance at 0x2668537090032>' object has no attribute 'Name'
2026-06-11 15:02:02  DEBUG      Body scan error at para 552: '<win32com.gen_py.Microsoft Word 16.0 Object Library.Style instance at 0x2668537090032>' object has no attribute 'Name'
2026-06-11 15:02:02  DEBUG      Body scan error at para 553: '<win32com.gen_py.Microsoft Word 16.0 Object Library.Style instance at 0x2668537090032>' object has no attribute 'Name'
2026-06-11 15:02:02  DEBUG      Body scan error at para 554: '<win32com.gen_py.Microsoft Word 16.0 Object Library.Style instance at 0x2668537090032>' object has no attribute 'Name'
2026-06-11 15:02:02  DEBUG      Body scan error at para 555: '<win32com.gen_py.Microsoft Word 16.0 Object Library.Style instance at 0x2668537090032>' object has no attribute 'Name'
2026-06-11 15:02:02  DEBUG      Body scan error at para 556: '<win32com.gen_py.Microsoft Word 16.0 Object Library.Style instance at 0x2668537090032>' object has no attribute 'Name'
2026-06-11 15:02:02  DEBUG      Body scan error at para 557: '<win32com.gen_py.Microsoft Word 16.0 Object Library.Style instance at 0x2668537090032>' object has no attribute 'Name'
2026-06-11 15:02:02  DEBUG      Body scan error at para 558: '<win32com.gen_py.Microsoft Word 16.0 Object Library.Style instance at 0x2668537090032>' object has no attribute 'Name'
2026-06-11 15:02:02  DEBUG      Body scan error at para 559: '<win32com.gen_py.Microsoft Word 16.0 Object Library.Style instance at 0x2668537090032>' object has no attribute 'Name'
2026-06-11 15:02:02  DEBUG      Body scan error at para 560: '<win32com.gen_py.Microsoft Word 16.0 Object Library.Style instance at 0x2668537090032>' object has no attribute 'Name'
2026-06-11 15:02:02  DEBUG      Body scan error at para 561: '<win32com.gen_py.Microsoft Word 16.0 Object Library.Style instance at 0x2668537090032>' object has no attribute 'Name'
2026-06-11 15:02:02  DEBUG      Body scan error at para 562: '<win32com.gen_py.Microsoft Word 16.0 Object Library.Style instance at 0x2668537090032>' object has no attribute 'Name'
2026-06-11 15:02:03  DEBUG      Body scan error at para 563: '<win32com.gen_py.Microsoft Word 16.0 Object Library.Style instance at 0x2668537090032>' object has no attribute 'Name'
2026-06-11 15:02:03  DEBUG      Body scan error at para 564: '<win32com.gen_py.Microsoft Word 16.0 Object Library.Style instance at 0x2668537090032>' object has no attribute 'Name'
2026-06-11 15:02:03  DEBUG      Body scan error at para 565: '<win32com.gen_py.Microsoft Word 16.0 Object Library.Style instance at 0x2668537090032>' object has no attribute 'Name'
2026-06-11 15:02:03  DEBUG      Body scan error at para 566: '<win32com.gen_py.Microsoft Word 16.0 Object Library.Style instance at 0x2668537090032>' object has no attribute 'Name'
2026-06-11 15:02:03  DEBUG      Body scan error at para 567: '<win32com.gen_py.Microsoft Word 16.0 Object Library.Style instance at 0x2668537090032>' object has no attribute 'Name'
2026-06-11 15:02:03  DEBUG      Body scan error at para 568: '<win32com.gen_py.Microsoft Word 16.0 Object Library.Style instance at 0x2668537090032>' object has no attribute 'Name'
2026-06-11 15:02:03  DEBUG      Body scan error at para 569: '<win32com.gen_py.Microsoft Word 16.0 Object Library.Style instance at 0x2668537090032>' object has no attribute 'Name'
2026-06-11 15:02:03  DEBUG      Body scan error at para 570: '<win32com.gen_py.Microsoft Word 16.0 Object Library.Style instance at 0x2668537090032>' object has no attribute 'Name'
2026-06-11 15:02:03  DEBUG      Body scan error at para 571: '<win32com.gen_py.Microsoft Word 16.0 Object Library.Style instance at 0x2668537090032>' object has no attribute 'Name'
2026-06-11 15:02:03  DEBUG      Body scan error at para 572: '<win32com.gen_py.Microsoft Word 16.0 Object Library.Style instance at 0x2668537090032>' object has no attribute 'Name'
2026-06-11 15:02:03  DEBUG      Body scan error at para 573: '<win32com.gen_py.Microsoft Word 16.0 Object Library.Style instance at 0x2668537090032>' object has no attribute 'Name'
2026-06-11 15:02:03  DEBUG      Body scan error at para 574: '<win32com.gen_py.Microsoft Word 16.0 Object Library.Style instance at 0x2668537090032>' object has no attribute 'Name'
2026-06-11 15:02:03  DEBUG      Body scan error at para 575: '<win32com.gen_py.Microsoft Word 16.0 Object Library.Style instance at 0x2668537090032>' object has no attribute 'Name'
2026-06-11 15:02:03  DEBUG      Body scan error at para 576: '<win32com.gen_py.Microsoft Word 16.0 Object Library.Style instance at 0x2668537090032>' object has no attribute 'Name'
2026-06-11 15:02:03  DEBUG      Body scan error at para 577: '<win32com.gen_py.Microsoft Word 16.0 Object Library.Style instance at 0x2668537090032>' object has no attribute 'Name'
2026-06-11 15:02:03  DEBUG      Body scan error at para 578: '<win32com.gen_py.Microsoft Word 16.0 Object Library.Style instance at 0x2668537090032>' object has no attribute 'Name'
2026-06-11 15:02:03  DEBUG      Body scan error at para 579: '<win32com.gen_py.Microsoft Word 16.0 Object Library.Style instance at 0x2668537090032>' object has no attribute 'Name'
2026-06-11 15:02:03  DEBUG      Body scan error at para 580: '<win32com.gen_py.Microsoft Word 16.0 Object Library.Style instance at 0x2668537090032>' object has no attribute 'Name'
2026-06-11 15:02:03  DEBUG      Body scan error at para 581: '<win32com.gen_py.Microsoft Word 16.0 Object Library.Style instance at 0x2668537090032>' object has no attribute 'Name'
2026-06-11 15:02:03  DEBUG      Body scan error at para 582: '<win32com.gen_py.Microsoft Word 16.0 Object Library.Style instance at 0x2668537090032>' object has no attribute 'Name'
2026-06-11 15:02:03  DEBUG      Body scan error at para 583: '<win32com.gen_py.Microsoft Word 16.0 Object Library.Style instance at 0x2668537090032>' object has no attribute 'Name'
2026-06-11 15:02:03  DEBUG      Body scan error at para 584: '<win32com.gen_py.Microsoft Word 16.0 Object Library.Style instance at 0x2668537090032>' object has no attribute 'Name'
2026-06-11 15:02:03  DEBUG      Body scan error at para 585: '<win32com.gen_py.Microsoft Word 16.0 Object Library.Style instance at 0x2668537090032>' object has no attribute 'Name'
2026-06-11 15:02:03  DEBUG      Body scan error at para 586: '<win32com.gen_py.Microsoft Word 16.0 Object Library.Style instance at 0x2668537090032>' object has no attribute 'Name'
2026-06-11 15:02:03  DEBUG      Body scan error at para 587: '<win32com.gen_py.Microsoft Word 16.0 Object Library.Style instance at 0x2668537090032>' object has no attribute 'Name'
2026-06-11 15:02:03  DEBUG      Body scan error at para 588: '<win32com.gen_py.Microsoft Word 16.0 Object Library.Style instance at 0x2668537090032>' object has no attribute 'Name'
2026-06-11 15:02:03  DEBUG      Body scan error at para 589: '<win32com.gen_py.Microsoft Word 16.0 Object Library.Style instance at 0x2668537090032>' object has no attribute 'Name'
2026-06-11 15:02:03  DEBUG      Body scan error at para 590: '<win32com.gen_py.Microsoft Word 16.0 Object Library.Style instance at 0x2668537090032>' object has no attribute 'Name'
2026-06-11 15:02:03  DEBUG      Body scan error at para 591: '<win32com.gen_py.Microsoft Word 16.0 Object Library.Style instance at 0x2668537090032>' object has no attribute 'Name'
2026-06-11 15:02:03  DEBUG      Body scan error at para 592: '<win32com.gen_py.Microsoft Word 16.0 Object Library.Style instance at 0x2668537090032>' object has no attribute 'Name'
2026-06-11 15:02:03  DEBUG      Body scan error at para 593: '<win32com.gen_py.Microsoft Word 16.0 Object Library.Style instance at 0x2668537090032>' object has no attribute 'Name'
2026-06-11 15:02:03  DEBUG      Body scan error at para 594: '<win32com.gen_py.Microsoft Word 16.0 Object Library.Style instance at 0x2668537090032>' object has no attribute 'Name'
2026-06-11 15:02:03  DEBUG      Body scan error at para 595: '<win32com.gen_py.Microsoft Word 16.0 Object Library.Style instance at 0x2668537090032>' object has no attribute 'Name'
2026-06-11 15:02:03  DEBUG      Body scan error at para 596: '<win32com.gen_py.Microsoft Word 16.0 Object Library.Style instance at 0x2668537090032>' object has no attribute 'Name'
2026-06-11 15:02:03  DEBUG      Body scan error at para 597: '<win32com.gen_py.Microsoft Word 16.0 Object Library.Style instance at 0x2668537090032>' object has no attribute 'Name'
2026-06-11 15:02:03  DEBUG      Body scan error at para 598: '<win32com.gen_py.Microsoft Word 16.0 Object Library.Style instance at 0x2668537090032>' object has no attribute 'Name'
2026-06-11 15:02:03  DEBUG      Body scan error at para 599: '<win32com.gen_py.Microsoft Word 16.0 Object Library.Style instance at 0x2668537090032>' object has no attribute 'Name'
2026-06-11 15:02:03  DEBUG      Body section: paras 1 to 703
2026-06-11 15:02:03  WARNING    Para 1: outer loop error: '<win32com.gen_py.Microsoft Word 16.0 Object Library.Style instance at 0x2668537090032>' object has no attribute 'Name'
2026-06-11 15:02:03  WARNING    Para 2: outer loop error: '<win32com.gen_py.Microsoft Word 16.0 Object Library.Style instance at 0x2668537031696>' object has no attribute 'Name'
2026-06-11 15:02:03  WARNING    Para 3: outer loop error: '<win32com.gen_py.Microsoft Word 16.0 Object Library.Style instance at 0x2668537090032>' object has no attribute 'Name'
2026-06-11 15:02:03  WARNING    Para 4: outer loop error: '<win32com.gen_py.Microsoft Word 16.0 Object Library.Style instance at 0x2668537031696>' object has no attribute 'Name'
2026-06-11 15:02:03  WARNING    Para 5: outer loop error: '<win32com.gen_py.Microsoft Word 16.0 Object Library.Style instance at 0x2668537090032>' object has no attribute 'Name'
2026-06-11 15:02:03  WARNING    Para 6: outer loop error: '<win32com.gen_py.Microsoft Word 16.0 Object Library.Style instance at 0x2668537031696>' object has no attribute 'Name'
2026-06-11 15:02:03  WARNING    Para 7: outer loop error: '<win32com.gen_py.Microsoft Word 16.0 Object Library.Style instance at 0x2668537090032>' object has no attribute 'Name'
2026-06-11 15:02:03  WARNING    Para 8: outer loop error: '<win32com.gen_py.Microsoft Word 16.0 Object Library.Style instance at 0x2668537031696>' object has no attribute 'Name'
2026-06-11 15:02:03  WARNING    Para 9: outer loop error: '<win32com.gen_py.Microsoft Word 16.0 Object Library.Style instance at 0x2668537090032>' object has no attribute 'Name'
2026-06-11 15:02:03  WARNING    Para 10: outer loop error: '<win32com.gen_py.Microsoft Word 16.0 Object Library.Style instance at 0x2668537031696>' object has no attribute 'Name'
2026-06-11 15:02:03  WARNING    Para 11: outer loop error: '<win32com.gen_py.Microsoft Word 16.0 Object Library.Style instance at 0x2668537090032>' object has no attribute 'Name'
2026-06-11 15:02:03  WARNING    Para 12: outer loop error: '<win32com.gen_py.Microsoft Word 16.0 Object Library.Style instance at 0x2668537031696>' object has no attribute 'Name'
2026-06-11 15:02:03  WARNING    Para 13: outer loop error: '<win32com.gen_py.Microsoft Word 16.0 Object Library.Style instance at 0x2668537090032>' object has no attribute 'Name'
2026-06-11 15:02:03  WARNING    Para 14: outer loop error: '<win32com.gen_py.Microsoft Word 16.0 Object Library.Style instance at 0x2668537031696>' object has no attribute 'Name'
2026-06-11 15:02:03  WARNING    Para 15: outer loop error: '<win32com.gen_py.Microsoft Word 16.0 Object Library.Style instance at 0x2668537090032>' object has no attribute 'Name'
2026-06-11 15:02:03  WARNING    Para 16: outer loop error: '<win32com.gen_py.Microsoft Word 16.0 Object Library.Style instance at 0x2668537031696>' object has no attribute 'Name'
2026-06-11 15:02:03  WARNING    Para 17: outer loop error: '<win32com.gen_py.Microsoft Word 16.0 Object Library.Style instance at 0x2668537090032>' object has no attribute 'Name'
2026-06-11 15:02:03  WARNING    Para 18: outer loop error: '<win32com.gen_py.Microsoft Word 16.0 Object Library.Style instance at 0x2668537031696>' object has no attribute 'Name'
2026-06-11 15:02:04  WARNING    Para 19: outer loop error: '<win32com.gen_py.Microsoft Word 16.0 Object Library.Style instance at 0x2668537090032>' object has no attribute 'Name'
2026-06-11 15:02:04  WARNING    Para 20: outer loop error: '<win32com.gen_py.Microsoft Word 16.0 Object Library.Style instance at 0x2668537031696>' object has no attribute 'Name'
2026-06-11 15:02:04  WARNING    Para 21: outer loop error: '<win32com.gen_py.Microsoft Word 16.0 Object Library.Style instance at 0x2668537090032>' object has no attribute 'Name'
2026-06-11 15:02:04  WARNING    Para 22: outer loop error: '<win32com.gen_py.Microsoft Word 16.0 Object Library.Style instance at 0x2668537031696>' object has no attribute 'Name'
2026-06-11 15:02:04  WARNING    Para 23: outer loop error: '<win32com.gen_py.Microsoft Word 16.0 Object Library.Style instance at 0x2668537090032>' object has no attribute 'Name'
2026-06-11 15:02:04  WARNING    Para 24: outer loop error: '<win32com.gen_py.Microsoft Word 16.0 Object Library.Style instance at 0x2668537031696>' object has no attribute 'Name'
2026-06-11 15:02:04  WARNING    Para 25: outer loop error: '<win32com.gen_py.Microsoft Word 16.0 Object Library.Style instance at 0x2668537090032>' object has no attribute 'Name'
2026-06-11 15:02:04  WARNING    Para 26: outer loop error: '<win32com.gen_py.Microsoft Word 16.0 Object Library.Style instance at 0x2668537031696>' object has no attribute 'Name'
2026-06-11 15:02:04  WARNING    Para 27: outer loop error: '<win32com.gen_py.Microsoft Word 16.0 Object Library.Style instance at 0x2668537090032>' object has no attribute 'Name'
2026-06-11 15:02:04  WARNING    Para 28: outer loop error: '<win32com.gen_py.Microsoft Word 16.0 Object Library.Style instance at 0x2668537031696>' object has no attribute 'Name'
2026-06-11 15:02:04  WARNING    Para 29: outer loop error: '<win32com.gen_py.Microsoft Word 16.0 Object Library.Style instance at 0x2668537090032>' object has no attribute 'Name'
2026-06-11 15:02:04  WARNING    Para 30: outer loop error: '<win32com.gen_py.Microsoft Word 16.0 Object Library.Style instance at 0x2668537031696>' object has no attribute 'Name'
2026-06-11 15:02:04  WARNING    Para 31: outer loop error: '<win32com.gen_py.Microsoft Word 16.0 Object Library.Style instance at 0x2668537090032>' object has no attribute 'Name'
2026-06-11 15:02:04  WARNING    Para 32: outer loop error: '<win32com.gen_py.Microsoft Word 16.0 Object Library.Style instance at 0x2668537031696>' object has no attribute 'Name'
2026-06-11 15:02:04  WARNING    Para 33: outer loop error: '<win32com.gen_py.Microsoft Word 16.0 Object Library.Style instance at 0x2668537090032>' object has no attribute 'Name'
2026-06-11 15:02:04  WARNING    Para 34: outer loop error: '<win32com.gen_py.Microsoft Word 16.0 Object Library.Style instance at 0x2668537031696>' object has no attribute 'Name'
2026-06-11 15:02:04  WARNING    Para 35: outer loop error: '<win32com.gen_py.Microsoft Word 16.0 Object Library.Style instance at 0x2668537090032>' object has no attribute 'Name'
2026-06-11 15:02:04  WARNING    Para 36: outer loop error: '<win32com.gen_py.Microsoft Word 16.0 Object Library.Style instance at 0x2668537031696>' object has no attribute 'Name'
2026-06-11 15:02:04  WARNING    Para 37: outer loop error: '<win32com.gen_py.Microsoft Word 16.0 Object Library.Style instance at 0x2668537090032>' object has no attribute 'Name'
2026-06-11 15:02:04  WARNING    Para 38: outer loop error: '<win32com.gen_py.Microsoft Word 16.0 Object Library.Style instance at 0x2668537031696>' object has no attribute 'Name'
2026-06-11 15:02:04  WARNING    Para 39: outer loop error: '<win32com.gen_py.Microsoft Word 16.0 Object Library.Style instance at 0x2668537090032>' object has no attribute 'Name'
2026-06-11 15:02:04  WARNING    Para 40: outer loop error: '<win32com.gen_py.Microsoft Word 16.0 Object Library.Style instance at 0x2668537031696>' object has no attribute 'Name'
2026-06-11 15:02:04  WARNING    Para 41: outer loop error: '<win32com.gen_py.Microsoft Word 16.0 Object Library.Style instance at 0x2668537090032>' object has no attribute 'Name'
2026-06-11 15:02:04  WARNING    Para 42: outer loop error: '<win32com.gen_py.Microsoft Word 16.0 Object Library.Style instance at 0x2668537031696>' object has no attribute 'Name'
2026-06-11 15:02:04  WARNING    Para 43: outer loop error: '<win32com.gen_py.Microsoft Word 16.0 Object Library.Style instance at 0x2668537090032>' object has no attribute 'Name'
2026-06-11 15:02:04  WARNING    Para 44: outer loop error: '<win32com.gen_py.Microsoft Word 16.0 Object Library.Style instance at 0x2668537031696>' object has no attribute 'Name'
2026-06-11 15:02:04  WARNING    Para 45: outer loop error: '<win32com.gen_py.Microsoft Word 16.0 Object Library.Style instance at 0x2668537090032>' object has no attribute 'Name'
2026-06-11 15:02:04  WARNING    Para 46: outer loop error: '<win32com.gen_py.Microsoft Word 16.0 Object Library.Style instance at 0x2668537031696>' object has no attribute 'Name'
2026-06-11 15:02:04  WARNING    Para 47: outer loop error: '<win32com.gen_py.Microsoft Word 16.0 Object Library.Style instance at 0x2668537090032>' object has no attribute 'Name'
2026-06-11 15:02:04  WARNING    Para 48: outer loop error: '<win32com.gen_py.Microsoft Word 16.0 Object Library.Style instance at 0x2668537031696>' object has no attribute 'Name'
2026-06-11 15:02:04  WARNING    Para 49: outer loop error: '<win32com.gen_py.Microsoft Word 16.0 Object Library.Style instance at 0x2668537090032>' object has no attribute 'Name'
2026-06-11 15:02:04  WARNING    Para 50: outer loop error: '<win32com.gen_py.Microsoft Word 16.0 Object Library.Style instance at 0x2668537031696>' object has no attribute 'Name'
2026-06-11 15:02:04  WARNING    Para 51: outer loop error: '<win32com.gen_py.Microsoft Word 16.0 Object Library.Style instance at 0x2668537090032>' object has no attribute 'Name'
2026-06-11 15:02:04  WARNING    Para 52: outer loop error: '<win32com.gen_py.Microsoft Word 16.0 Object Library.Style instance at 0x2668537031696>' object has no attribute 'Name'
2026-06-11 15:02:04  WARNING    Para 53: outer loop error: '<win32com.gen_py.Microsoft Word 16.0 Object Library.Style instance at 0x2668537090032>' object has no attribute 'Name'
2026-06-11 15:02:04  WARNING    Para 54: outer loop error: '<win32com.gen_py.Microsoft Word 16.0 Object Library.Style instance at 0x2668537031696>' object has no attribute 'Name'
2026-06-11 15:02:04  WARNING    Para 55: outer loop error: '<win32com.gen_py.Microsoft Word 16.0 Object Library.Style instance at 0x2668537090032>' object has no attribute 'Name'
2026-06-11 15:02:04  WARNING    Para 56: outer loop error: '<win32com.gen_py.Microsoft Word 16.0 Object Library.Style instance at 0x2668537031696>' object has no attribute 'Name'
2026-06-11 15:02:04  WARNING    Para 57: outer loop error: '<win32com.gen_py.Microsoft Word 16.0 Object Library.Style instance at 0x2668537090032>' object has no attribute 'Name'
2026-06-11 15:02:04  WARNING    Para 58: outer loop error: '<win32com.gen_py.Microsoft Word 16.0 Object Library.Style instance at 0x2668537031696>' object has no attribute 'Name'
2026-06-11 15:02:04  WARNING    Para 59: outer loop error: '<win32com.gen_py.Microsoft Word 16.0 Object Library.Style instance at 0x2668537090032>' object has no attribute 'Name'
2026-06-11 15:02:04  WARNING    Para 60: outer loop error: '<win32com.gen_py.Microsoft Word 16.0 Object Library.Style instance at 0x2668537031696>' object has no attribute 'Name'
2026-06-11 15:02:04  WARNING    Para 61: outer loop error: '<win32com.gen_py.Microsoft Word 16.0 Object Library.Style instance at 0x2668537090032>' object has no attribute 'Name'
2026-06-11 15:02:04  WARNING    Para 62: outer loop error: '<win32com.gen_py.Microsoft Word 16.0 Object Library.Style instance at 0x2668537031696>' object has no attribute 'Name'
2026-06-11 15:02:04  WARNING    Para 63: outer loop error: '<win32com.gen_py.Microsoft Word 16.0 Object Library.Style instance at 0x2668537090032>' object has no attribute 'Name'
2026-06-11 15:02:04  WARNING    Para 64: outer loop error: '<win32com.gen_py.Microsoft Word 16.0 Object Library.Style instance at 0x2668537031696>' object has no attribute 'Name'
2026-06-11 15:02:04  WARNING    Para 65: outer loop error: '<win32com.gen_py.Microsoft Word 16.0 Object Library.Style instance at 0x2668537090032>' object has no attribute 'Name'
2026-06-11 15:02:04  WARNING    Para 66: outer loop error: '<win32com.gen_py.Microsoft Word 16.0 Object Library.Style instance at 0x2668537031696>' object has no attribute 'Name'
2026-06-11 15:02:04  WARNING    Para 67: outer loop error: '<win32com.gen_py.Microsoft Word 16.0 Object Library.Style instance at 0x2668537090032>' object has no attribute 'Name'
2026-06-11 15:02:04  WARNING    Para 68: outer loop error: '<win32com.gen_py.Microsoft Word 16.0 Object Library.Style instance at 0x2668537031696>' object has no attribute 'Name'
2026-06-11 15:02:04  WARNING    Para 69: outer loop error: '<win32com.gen_py.Microsoft Word 16.0 Object Library.Style instance at 0x2668537090032>' object has no attribute 'Name'
2026-06-11 15:02:04  WARNING    Para 70: outer loop error: '<win32com.gen_py.Microsoft Word 16.0 Object Library.Style instance at 0x2668537031696>' object has no attribute 'Name'
2026-06-11 15:02:04  WARNING    Para 71: outer loop error: '<win32com.gen_py.Microsoft Word 16.0 Object Library.Style instance at 0x2668537090032>' object has no attribute 'Name'
2026-06-11 15:02:04  WARNING    Para 72: outer loop error: '<win32com.gen_py.Microsoft Word 16.0 Object Library.Style instance at 0x2668537031696>' object has no attribute 'Name'
2026-06-11 15:02:04  WARNING    Para 73: outer loop error: '<win32com.gen_py.Microsoft Word 16.0 Object Library.Style instance at 0x2668537090032>' object has no attribute 'Name'
2026-06-11 15:02:04  WARNING    Para 74: outer loop error: '<win32com.gen_py.Microsoft Word 16.0 Object Library.Style instance at 0x2668537031696>' object has no attribute 'Name'
2026-06-11 15:02:04  WARNING    Para 75: outer loop error: '<win32com.gen_py.Microsoft Word 16.0 Object Library.Style instance at 0x2668537090032>' object has no attribute 'Name'
2026-06-11 15:02:04  WARNING    Para 76: outer loop error: '<win32com.gen_py.Microsoft Word 16.0 Object Library.Style instance at 0x2668537031696>' object has no attribute 'Name'
2026-06-11 15:02:04  WARNING    Para 77: outer loop error: '<win32com.gen_py.Microsoft Word 16.0 Object Library.Style instance at 0x2668537090032>' object has no attribute 'Name'
2026-06-11 15:02:04  WARNING    Para 78: outer loop error: '<win32com.gen_py.Microsoft Word 16.0 Object Library.Style instance at 0x2668537031696>' object has no attribute 'Name'
2026-06-11 15:02:04  WARNING    Para 79: outer loop error: '<win32com.gen_py.Microsoft Word 16.0 Object Library.Style instance at 0x2668537090032>' object has no attribute 'Name'
2026-06-11 15:02:04  WARNING    Para 80: outer loop error: '<win32com.gen_py.Microsoft Word 16.0 Object Library.Style instance at 0x2668537031696>' object has no attribute 'Name'
2026-06-11 15:02:04  WARNING    Para 81: outer loop error: '<win32com.gen_py.Microsoft Word 16.0 Object Library.Style instance at 0x2668537090032>' object has no attribute 'Name'
2026-06-11 15:02:04  WARNING    Para 82: outer loop error: '<win32com.gen_py.Microsoft Word 16.0 Object Library.Style instance at 0x2668537031696>' object has no attribute 'Name'
2026-06-11 15:02:04  WARNING    Para 83: outer loop error: '<win32com.gen_py.Microsoft Word 16.0 Object Library.Style instance at 0x2668537090032>' object has no attribute 'Name'
2026-06-11 15:02:04  WARNING    Para 84: outer loop error: '<win32com.gen_py.Microsoft Word 16.0 Object Library.Style instance at 0x2668537031696>' object has no attribute 'Name'
2026-06-11 15:02:04  WARNING    Para 85: outer loop error: '<win32com.gen_py.Microsoft Word 16.0 Object Library.Style instance at 0x2668537090032>' object has no attribute 'Name'
2026-06-11 15:02:04  WARNING    Para 86: outer loop error: '<win32com.gen_py.Microsoft Word 16.0 Object Library.Style instance at 0x2668537031696>' object has no attribute 'Name'
2026-06-11 15:02:04  WARNING    Para 87: outer loop error: '<win32com.gen_py.Microsoft Word 16.0 Object Library.Style instance at 0x2668537090032>' object has no attribute 'Name'
2026-06-11 15:02:04  WARNING    Para 88: outer loop error: '<win32com.gen_py.Microsoft Word 16.0 Object Library.Style instance at 0x2668537031696>' object has no attribute 'Name'
2026-06-11 15:02:04  WARNING    Para 89: outer loop error: '<win32com.gen_py.Microsoft Word 16.0 Object Library.Style instance at 0x2668537090032>' object has no attribute 'Name'
2026-06-11 15:02:04  WARNING    Para 90: outer loop error: '<win32com.gen_py.Microsoft Word 16.0 Object Library.Style instance at 0x2668537031696>' object has no attribute 'Name'
2026-06-11 15:02:04  WARNING    Para 91: outer loop error: '<win32com.gen_py.Microsoft Word 16.0 Object Library.Style instance at 0x2668537090032>' object has no attribute 'Name'
2026-06-11 15:02:04  WARNING    Para 92: outer loop error: '<win32com.gen_py.Microsoft Word 16.0 Object Library.Style instance at 0x2668537031696>' object has no attribute 'Name'
2026-06-11 15:02:04  WARNING    Para 93: outer loop error: '<win32com.gen_py.Microsoft Word 16.0 Object Library.Style instance at 0x2668537090032>' object has no attribute 'Name'
2026-06-11 15:02:04  WARNING    Para 94: outer loop error: '<win32com.gen_py.Microsoft Word 16.0 Object Library.Style instance at 0x2668537031696>' object has no attribute 'Name'
2026-06-11 15:02:04  WARNING    Para 95: outer loop error: '<win32com.gen_py.Microsoft Word 16.0 Object Library.Style instance at 0x2668537090032>' object has no attribute 'Name'
2026-06-11 15:02:04  WARNING    Para 96: outer loop error: '<win32com.gen_py.Microsoft Word 16.0 Object Library.Style instance at 0x2668537031696>' object has no attribute 'Name'
2026-06-11 15:02:04  WARNING    Para 97: outer loop error: '<win32com.gen_py.Microsoft Word 16.0 Object Library.Style instance at 0x2668537090032>' object has no attribute 'Name'
2026-06-11 15:02:04  WARNING    Para 98: outer loop error: '<win32com.gen_py.Microsoft Word 16.0 Object Library.Style instance at 0x2668537031696>' object has no attribute 'Name'
2026-06-11 15:02:04  WARNING    Para 99: outer loop error: '<win32com.gen_py.Microsoft Word 16.0 Object Library.Style instance at 0x2668537090032>' object has no attribute 'Name'
2026-06-11 15:02:04  WARNING    Para 100: outer loop error: '<win32com.gen_py.Microsoft Word 16.0 Object Library.Style instance at 0x2668537031696>' object has no attribute 'Name'
2026-06-11 15:02:04  WARNING    Para 101: outer loop error: '<win32com.gen_py.Microsoft Word 16.0 Object Library.Style instance at 0x2668537090032>' object has no attribute 'Name'
2026-06-11 15:02:04  WARNING    Para 102: outer loop error: '<win32com.gen_py.Microsoft Word 16.0 Object Library.Style instance at 0x2668537031696>' object has no attribute 'Name'
2026-06-11 15:02:05  WARNING    Para 103: outer loop error: '<win32com.gen_py.Microsoft Word 16.0 Object Library.Style instance at 0x2668537090032>' object has no attribute 'Name'
2026-06-11 15:02:05  WARNING    Para 104: outer loop error: '<win32com.gen_py.Microsoft Word 16.0 Object Library.Style instance at 0x2668537031696>' object has no attribute 'Name'
2026-06-11 15:02:05  WARNING    Para 105: outer loop error: '<win32com.gen_py.Microsoft Word 16.0 Object Library.Style instance at 0x2668537090032>' object has no attribute 'Name'
2026-06-11 15:02:05  WARNING    Para 106: outer loop error: '<win32com.gen_py.Microsoft Word 16.0 Object Library.Style instance at 0x2668537031696>' object has no attribute 'Name'
2026-06-11 15:02:05  WARNING    Para 107: outer loop error: '<win32com.gen_py.Microsoft Word 16.0 Object Library.Style instance at 0x2668537090032>' object has no attribute 'Name'
2026-06-11 15:02:05  WARNING    Para 108: outer loop error: '<win32com.gen_py.Microsoft Word 16.0 Object Library.Style instance at 0x2668537031696>' object has no attribute 'Name'
2026-06-11 15:02:05  WARNING    Para 109: outer loop error: '<win32com.gen_py.Microsoft Word 16.0 Object Library.Style instance at 0x2668537090032>' object has no attribute 'Name'
2026-06-11 15:02:05  WARNING    Para 110: outer loop error: '<win32com.gen_py.Microsoft Word 16.0 Object Library.Style instance at 0x2668537031696>' object has no attribute 'Name'
2026-06-11 15:02:05  WARNING    Para 111: outer loop error: '<win32com.gen_py.Microsoft Word 16.0 Object Library.Style instance at 0x2668537090032>' object has no attribute 'Name'
2026-06-11 15:02:05  WARNING    Para 112: outer loop error: '<win32com.gen_py.Microsoft Word 16.0 Object Library.Style instance at 0x2668537031696>' object has no attribute 'Name'
2026-06-11 15:02:05  WARNING    Para 113: outer loop error: '<win32com.gen_py.Microsoft Word 16.0 Object Library.Style instance at 0x2668537090032>' object has no attribute 'Name'
2026-06-11 15:02:05  WARNING    Para 114: outer loop error: '<win32com.gen_py.Microsoft Word 16.0 Object Library.Style instance at 0x2668537031696>' object has no attribute 'Name'
2026-06-11 15:02:05  WARNING    Para 115: outer loop error: '<win32com.gen_py.Microsoft Word 16.0 Object Library.Style instance at 0x2668537090032>' object has no attribute 'Name'
2026-06-11 15:02:05  WARNING    Para 116: outer loop error: '<win32com.gen_py.Microsoft Word 16.0 Object Library.Style instance at 0x2668537031696>' object has no attribute 'Name'
2026-06-11 15:02:05  WARNING    Para 117: outer loop error: '<win32com.gen_py.Microsoft Word 16.0 Object Library.Style instance at 0x2668537090032>' object has no attribute 'Name'
2026-06-11 15:02:05  WARNING    Para 118: outer loop error: '<win32com.gen_py.Microsoft Word 16.0 Object Library.Style instance at 0x2668537031696>' object has no attribute 'Name'
2026-06-11 15:02:05  WARNING    Para 119: outer loop error: '<win32com.gen_py.Microsoft Word 16.0 Object Library.Style instance at 0x2668537090032>' object has no attribute 'Name'
2026-06-11 15:02:05  WARNING    Para 120: outer loop error: '<win32com.gen_py.Microsoft Word 16.0 Object Library.Style instance at 0x2668537031696>' object has no attribute 'Name'
2026-06-11 15:02:05  WARNING    Para 121: outer loop error: '<win32com.gen_py.Microsoft Word 16.0 Object Library.Style instance at 0x2668537090032>' object has no attribute 'Name'
2026-06-11 15:02:05  WARNING    Para 122: outer loop error: '<win32com.gen_py.Microsoft Word 16.0 Object Library.Style instance at 0x2668537031696>' object has no attribute 'Name'
2026-06-11 15:02:05  WARNING    Para 123: outer loop error: '<win32com.gen_py.Microsoft Word 16.0 Object Library.Style instance at 0x2668537090032>' object has no attribute 'Name'
2026-06-11 15:02:05  WARNING    Para 124: outer loop error: '<win32com.gen_py.Microsoft Word 16.0 Object Library.Style instance at 0x2668537031696>' object has no attribute 'Name'
2026-06-11 15:02:05  WARNING    Para 125: outer loop error: '<win32com.gen_py.Microsoft Word 16.0 Object Library.Style instance at 0x2668537090032>' object has no attribute 'Name'
2026-06-11 15:02:05  WARNING    Para 126: outer loop error: '<win32com.gen_py.Microsoft Word 16.0 Object Library.Style instance at 0x2668537031696>' object has no attribute 'Name'
2026-06-11 15:02:05  WARNING    Para 127: outer loop error: '<win32com.gen_py.Microsoft Word 16.0 Object Library.Style instance at 0x2668537090032>' object has no attribute 'Name'
2026-06-11 15:02:05  WARNING    Para 128: outer loop error: '<win32com.gen_py.Microsoft Word 16.0 Object Library.Style instance at 0x2668537031696>' object has no attribute 'Name'
2026-06-11 15:02:05  WARNING    Para 129: outer loop error: '<win32com.gen_py.Microsoft Word 16.0 Object Library.Style instance at 0x2668537090032>' object has no attribute 'Name'
2026-06-11 15:02:05  WARNING    Para 130: outer loop error: '<win32com.gen_py.Microsoft Word 16.0 Object Library.Style instance at 0x2668537031696>' object has no attribute 'Name'
2026-06-11 15:02:05  WARNING    Para 131: outer loop error: '<win32com.gen_py.Microsoft Word 16.0 Object Library.Style instance at 0x2668537090032>' object has no attribute 'Name'
2026-06-11 15:02:05  WARNING    Para 132: outer loop error: '<win32com.gen_py.Microsoft Word 16.0 Object Library.Style instance at 0x2668537031696>' object has no attribute 'Name'
2026-06-11 15:02:05  WARNING    Para 133: outer loop error: '<win32com.gen_py.Microsoft Word 16.0 Object Library.Style instance at 0x2668537090032>' object has no attribute 'Name'
2026-06-11 15:02:05  WARNING    Para 134: outer loop error: '<win32com.gen_py.Microsoft Word 16.0 Object Library.Style instance at 0x2668537031696>' object has no attribute 'Name'
2026-06-11 15:02:05  WARNING    Para 135: outer loop error: '<win32com.gen_py.Microsoft Word 16.0 Object Library.Style instance at 0x2668537090032>' object has no attribute 'Name'
2026-06-11 15:02:05  WARNING    Para 136: outer loop error: '<win32com.gen_py.Microsoft Word 16.0 Object Library.Style instance at 0x2668537031696>' object has no attribute 'Name'
2026-06-11 15:02:05  WARNING    Para 137: outer loop error: '<win32com.gen_py.Microsoft Word 16.0 Object Library.Style instance at 0x2668537090032>' object has no attribute 'Name'
2026-06-11 15:02:05  WARNING    Para 138: outer loop error: '<win32com.gen_py.Microsoft Word 16.0 Object Library.Style instance at 0x2668537031696>' object has no attribute 'Name'
2026-06-11 15:02:05  WARNING    Para 139: outer loop error: '<win32com.gen_py.Microsoft Word 16.0 Object Library.Style instance at 0x2668537090032>' object has no attribute 'Name'
2026-06-11 15:02:05  WARNING    Para 140: outer loop error: '<win32com.gen_py.Microsoft Word 16.0 Object Library.Style instance at 0x2668537031696>' object has no attribute 'Name'
2026-06-11 15:02:05  WARNING    Para 141: outer loop error: '<win32com.gen_py.Microsoft Word 16.0 Object Library.Style instance at 0x2668537090032>' object has no attribute 'Name'
2026-06-11 15:02:05  WARNING    Para 142: outer loop error: '<win32com.gen_py.Microsoft Word 16.0 Object Library.Style instance at 0x2668537031696>' object has no attribute 'Name'
2026-06-11 15:02:05  WARNING    Para 143: outer loop error: '<win32com.gen_py.Microsoft Word 16.0 Object Library.Style instance at 0x2668537090032>' object has no attribute 'Name'
2026-06-11 15:02:05  WARNING    Para 144: outer loop error: '<win32com.gen_py.Microsoft Word 16.0 Object Library.Style instance at 0x2668537031696>' object has no attribute 'Name'
2026-06-11 15:02:05  WARNING    Para 145: outer loop error: '<win32com.gen_py.Microsoft Word 16.0 Object Library.Style instance at 0x2668537090032>' object has no attribute 'Name'
2026-06-11 15:02:05  WARNING    Para 146: outer loop error: '<win32com.gen_py.Microsoft Word 16.0 Object Library.Style instance at 0x2668537031696>' object has no attribute 'Name'
2026-06-11 15:02:05  WARNING    Para 147: outer loop error: '<win32com.gen_py.Microsoft Word 16.0 Object Library.Style instance at 0x2668537090032>' object has no attribute 'Name'
2026-06-11 15:02:05  WARNING    Para 148: outer loop error: '<win32com.gen_py.Microsoft Word 16.0 Object Library.Style instance at 0x2668537031696>' object has no attribute 'Name'
2026-06-11 15:02:05  WARNING    Para 149: outer loop error: '<win32com.gen_py.Microsoft Word 16.0 Object Library.Style instance at 0x2668537090032>' object has no attribute 'Name'
2026-06-11 15:02:05  WARNING    Para 150: outer loop error: '<win32com.gen_py.Microsoft Word 16.0 Object Library.Style instance at 0x2668537031696>' object has no attribute 'Name'
2026-06-11 15:02:05  WARNING    Para 151: outer loop error: '<win32com.gen_py.Microsoft Word 16.0 Object Library.Style instance at 0x2668537090032>' object has no attribute 'Name'
2026-06-11 15:02:05  WARNING    Para 152: outer loop error: '<win32com.gen_py.Microsoft Word 16.0 Object Library.Style instance at 0x2668537031696>' object has no attribute 'Name'
2026-06-11 15:02:05  WARNING    Para 153: outer loop error: '<win32com.gen_py.Microsoft Word 16.0 Object Library.Style instance at 0x2668537090032>' object has no attribute 'Name'
2026-06-11 15:02:05  WARNING    Para 154: outer loop error: '<win32com.gen_py.Microsoft Word 16.0 Object Library.Style instance at 0x2668537031696>' object has no attribute 'Name'
2026-06-11 15:02:05  WARNING    Para 155: outer loop error: '<win32com.gen_py.Microsoft Word 16.0 Object Library.Style instance at 0x2668537090032>' object has no attribute 'Name'
2026-06-11 15:02:05  WARNING    Para 156: outer loop error: '<win32com.gen_py.Microsoft Word 16.0 Object Library.Style instance at 0x2668537031696>' object has no attribute 'Name'
2026-06-11 15:02:05  WARNING    Para 157: outer loop error: '<win32com.gen_py.Microsoft Word 16.0 Object Library.Style instance at 0x2668537090032>' object has no attribute 'Name'
2026-06-11 15:02:05  WARNING    Para 158: outer loop error: '<win32com.gen_py.Microsoft Word 16.0 Object Library.Style instance at 0x2668537031696>' object has no attribute 'Name'
2026-06-11 15:02:05  WARNING    Para 159: outer loop error: '<win32com.gen_py.Microsoft Word 16.0 Object Library.Style instance at 0x2668537090032>' object has no attribute 'Name'
2026-06-11 15:02:05  WARNING    Para 160: outer loop error: '<win32com.gen_py.Microsoft Word 16.0 Object Library.Style instance at 0x2668537031696>' object has no attribute 'Name'
2026-06-11 15:02:05  WARNING    Para 161: outer loop error: '<win32com.gen_py.Microsoft Word 16.0 Object Library.Style instance at 0x2668537090032>' object has no attribute 'Name'
2026-06-11 15:02:05  WARNING    Para 162: outer loop error: '<win32com.gen_py.Microsoft Word 16.0 Object Library.Style instance at 0x2668537031696>' object has no attribute 'Name'
2026-06-11 15:02:05  WARNING    Para 163: outer loop error: '<win32com.gen_py.Microsoft Word 16.0 Object Library.Style instance at 0x2668537090032>' object has no attribute 'Name'
2026-06-11 15:02:05  WARNING    Para 164: outer loop error: '<win32com.gen_py.Microsoft Word 16.0 Object Library.Style instance at 0x2668537031696>' object has no attribute 'Name'
2026-06-11 15:02:05  WARNING    Para 165: outer loop error: '<win32com.gen_py.Microsoft Word 16.0 Object Library.Style instance at 0x2668537090032>' object has no attribute 'Name'
2026-06-11 15:02:05  WARNING    Para 166: outer loop error: '<win32com.gen_py.Microsoft Word 16.0 Object Library.Style instance at 0x2668537031696>' object has no attribute 'Name'
2026-06-11 15:02:05  WARNING    Para 167: outer loop error: '<win32com.gen_py.Microsoft Word 16.0 Object Library.Style instance at 0x2668537090032>' object has no attribute 'Name'
2026-06-11 15:02:05  WARNING    Para 168: outer loop error: '<win32com.gen_py.Microsoft Word 16.0 Object Library.Style instance at 0x2668537031696>' object has no attribute 'Name'
2026-06-11 15:02:05  WARNING    Para 169: outer loop error: '<win32com.gen_py.Microsoft Word 16.0 Object Library.Style instance at 0x2668537090032>' object has no attribute 'Name'
2026-06-11 15:02:05  WARNING    Para 170: outer loop error: '<win32com.gen_py.Microsoft Word 16.0 Object Library.Style instance at 0x2668537031696>' object has no attribute 'Name'
2026-06-11 15:02:05  WARNING    Para 171: outer loop error: '<win32com.gen_py.Microsoft Word 16.0 Object Library.Style instance at 0x2668537090032>' object has no attribute 'Name'
2026-06-11 15:02:05  WARNING    Para 172: outer loop error: '<win32com.gen_py.Microsoft Word 16.0 Object Library.Style instance at 0x2668537031696>' object has no attribute 'Name'
2026-06-11 15:02:05  WARNING    Para 173: outer loop error: '<win32com.gen_py.Microsoft Word 16.0 Object Library.Style instance at 0x2668537090032>' object has no attribute 'Name'
2026-06-11 15:02:05  WARNING    Para 174: outer loop error: '<win32com.gen_py.Microsoft Word 16.0 Object Library.Style instance at 0x2668537031696>' object has no attribute 'Name'
2026-06-11 15:02:05  WARNING    Para 175: outer loop error: '<win32com.gen_py.Microsoft Word 16.0 Object Library.Style instance at 0x2668537090032>' object has no attribute 'Name'
2026-06-11 15:02:05  WARNING    Para 176: outer loop error: '<win32com.gen_py.Microsoft Word 16.0 Object Library.Style instance at 0x2668537031696>' object has no attribute 'Name'
2026-06-11 15:02:05  WARNING    Para 177: outer loop error: '<win32com.gen_py.Microsoft Word 16.0 Object Library.Style instance at 0x2668537090032>' object has no attribute 'Name'
2026-06-11 15:02:05  WARNING    Para 178: outer loop error: '<win32com.gen_py.Microsoft Word 16.0 Object Library.Style instance at 0x2668537031696>' object has no attribute 'Name'
2026-06-11 15:02:05  WARNING    Para 179: outer loop error: '<win32com.gen_py.Microsoft Word 16.0 Object Library.Style instance at 0x2668537090032>' object has no attribute 'Name'
2026-06-11 15:02:06  WARNING    Para 180: outer loop error: '<win32com.gen_py.Microsoft Word 16.0 Object Library.Style instance at 0x2668537031696>' object has no attribute 'Name'
2026-06-11 15:02:06  WARNING    Para 181: outer loop error: '<win32com.gen_py.Microsoft Word 16.0 Object Library.Style instance at 0x2668537090032>' object has no attribute 'Name'
2026-06-11 15:02:06  WARNING    Para 182: outer loop error: '<win32com.gen_py.Microsoft Word 16.0 Object Library.Style instance at 0x2668537031696>' object has no attribute 'Name'
2026-06-11 15:02:06  WARNING    Para 183: outer loop error: '<win32com.gen_py.Microsoft Word 16.0 Object Library.Style instance at 0x2668537090032>' object has no attribute 'Name'
2026-06-11 15:02:06  WARNING    Para 184: outer loop error: '<win32com.gen_py.Microsoft Word 16.0 Object Library.Style instance at 0x2668537031696>' object has no attribute 'Name'
2026-06-11 15:02:06  WARNING    Para 185: outer loop error: '<win32com.gen_py.Microsoft Word 16.0 Object Library.Style instance at 0x2668537090032>' object has no attribute 'Name'
2026-06-11 15:02:06  WARNING    Para 186: outer loop error: '<win32com.gen_py.Microsoft Word 16.0 Object Library.Style instance at 0x2668537031696>' object has no attribute 'Name'
2026-06-11 15:02:06  WARNING    Para 187: outer loop error: '<win32com.gen_py.Microsoft Word 16.0 Object Library.Style instance at 0x2668537090032>' object has no attribute 'Name'
2026-06-11 15:02:06  WARNING    Para 188: outer loop error: '<win32com.gen_py.Microsoft Word 16.0 Object Library.Style instance at 0x2668537031696>' object has no attribute 'Name'
2026-06-11 15:02:06  WARNING    Para 189: outer loop error: '<win32com.gen_py.Microsoft Word 16.0 Object Library.Style instance at 0x2668537090032>' object has no attribute 'Name'
2026-06-11 15:02:06  WARNING    Para 190: outer loop error: '<win32com.gen_py.Microsoft Word 16.0 Object Library.Style instance at 0x2668537031696>' object has no attribute 'Name'
2026-06-11 15:02:06  WARNING    Para 191: outer loop error: '<win32com.gen_py.Microsoft Word 16.0 Object Library.Style instance at 0x2668537090032>' object has no attribute 'Name'
2026-06-11 15:02:06  WARNING    Para 192: outer loop error: '<win32com.gen_py.Microsoft Word 16.0 Object Library.Style instance at 0x2668537031696>' object has no attribute 'Name'
2026-06-11 15:02:06  WARNING    Para 193: outer loop error: '<win32com.gen_py.Microsoft Word 16.0 Object Library.Style instance at 0x2668537090032>' object has no attribute 'Name'
2026-06-11 15:02:06  WARNING    Para 194: outer loop error: '<win32com.gen_py.Microsoft Word 16.0 Object Library.Style instance at 0x2668537031696>' object has no attribute 'Name'
2026-06-11 15:02:06  WARNING    Para 195: outer loop error: '<win32com.gen_py.Microsoft Word 16.0 Object Library.Style instance at 0x2668537090032>' object has no attribute 'Name'
2026-06-11 15:02:06  WARNING    Para 196: outer loop error: '<win32com.gen_py.Microsoft Word 16.0 Object Library.Style instance at 0x2668537031696>' object has no attribute 'Name'
2026-06-11 15:02:06  WARNING    Para 197: outer loop error: '<win32com.gen_py.Microsoft Word 16.0 Object Library.Style instance at 0x2668537090032>' object has no attribute 'Name'
2026-06-11 15:02:06  WARNING    Para 198: outer loop error: '<win32com.gen_py.Microsoft Word 16.0 Object Library.Style instance at 0x2668537031696>' object has no attribute 'Name'
2026-06-11 15:02:06  WARNING    Para 199: outer loop error: '<win32com.gen_py.Microsoft Word 16.0 Object Library.Style instance at 0x2668537090032>' object has no attribute 'Name'
2026-06-11 15:02:06  WARNING    Para 200: outer loop error: '<win32com.gen_py.Microsoft Word 16.0 Object Library.Style instance at 0x2668537031696>' object has no attribute 'Name'
2026-06-11 15:02:06  WARNING    Para 201: outer loop error: '<win32com.gen_py.Microsoft Word 16.0 Object Library.Style instance at 0x2668537090032>' object has no attribute 'Name'
2026-06-11 15:02:06  WARNING    Para 202: outer loop error: '<win32com.gen_py.Microsoft Word 16.0 Object Library.Style instance at 0x2668537031696>' object has no attribute 'Name'
2026-06-11 15:02:06  WARNING    Para 203: outer loop error: '<win32com.gen_py.Microsoft Word 16.0 Object Library.Style instance at 0x2668537090032>' object has no attribute 'Name'
2026-06-11 15:02:06  WARNING    Para 204: outer loop error: '<win32com.gen_py.Microsoft Word 16.0 Object Library.Style instance at 0x2668537031696>' object has no attribute 'Name'
2026-06-11 15:02:06  WARNING    Para 205: outer loop error: '<win32com.gen_py.Microsoft Word 16.0 Object Library.Style instance at 0x2668537090032>' object has no attribute 'Name'
2026-06-11 15:02:06  WARNING    Para 206: outer loop error: '<win32com.gen_py.Microsoft Word 16.0 Object Library.Style instance at 0x2668537031696>' object has no attribute 'Name'
2026-06-11 15:02:06  WARNING    Para 207: outer loop error: '<win32com.gen_py.Microsoft Word 16.0 Object Library.Style instance at 0x2668537090032>' object has no attribute 'Name'
2026-06-11 15:02:06  WARNING    Para 208: outer loop error: '<win32com.gen_py.Microsoft Word 16.0 Object Library.Style instance at 0x2668537031696>' object has no attribute 'Name'
2026-06-11 15:02:06  WARNING    Para 209: outer loop error: '<win32com.gen_py.Microsoft Word 16.0 Object Library.Style instance at 0x2668537090032>' object has no attribute 'Name'
2026-06-11 15:02:06  WARNING    Para 210: outer loop error: '<win32com.gen_py.Microsoft Word 16.0 Object Library.Style instance at 0x2668537031696>' object has no attribute 'Name'
2026-06-11 15:02:06  WARNING    Para 211: outer loop error: '<win32com.gen_py.Microsoft Word 16.0 Object Library.Style instance at 0x2668537090032>' object has no attribute 'Name'
2026-06-11 15:02:06  WARNING    Para 212: outer loop error: '<win32com.gen_py.Microsoft Word 16.0 Object Library.Style instance at 0x2668537031696>' object has no attribute 'Name'
2026-06-11 15:02:06  WARNING    Para 213: outer loop error: '<win32com.gen_py.Microsoft Word 16.0 Object Library.Style instance at 0x2668537090032>' object has no attribute 'Name'
2026-06-11 15:02:06  WARNING    Para 214: outer loop error: '<win32com.gen_py.Microsoft Word 16.0 Object Library.Style instance at 0x2668537031696>' object has no attribute 'Name'
2026-06-11 15:02:06  WARNING    Para 215: outer loop error: '<win32com.gen_py.Microsoft Word 16.0 Object Library.Style instance at 0x2668537090032>' object has no attribute 'Name'
2026-06-11 15:02:06  WARNING    Para 216: outer loop error: '<win32com.gen_py.Microsoft Word 16.0 Object Library.Style instance at 0x2668537031696>' object has no attribute 'Name'
2026-06-11 15:02:06  WARNING    Para 217: outer loop error: '<win32com.gen_py.Microsoft Word 16.0 Object Library.Style instance at 0x2668537090032>' object has no attribute 'Name'
2026-06-11 15:02:06  WARNING    Para 218: outer loop error: '<win32com.gen_py.Microsoft Word 16.0 Object Library.Style instance at 0x2668537031696>' object has no attribute 'Name'
2026-06-11 15:02:06  WARNING    Para 219: outer loop error: '<win32com.gen_py.Microsoft Word 16.0 Object Library.Style instance at 0x2668537090032>' object has no attribute 'Name'
2026-06-11 15:02:06  WARNING    Para 220: outer loop error: '<win32com.gen_py.Microsoft Word 16.0 Object Library.Style instance at 0x2668537031696>' object has no attribute 'Name'
2026-06-11 15:02:06  WARNING    Para 221: outer loop error: '<win32com.gen_py.Microsoft Word 16.0 Object Library.Style instance at 0x2668537090032>' object has no attribute 'Name'
2026-06-11 15:02:06  WARNING    Para 222: outer loop error: '<win32com.gen_py.Microsoft Word 16.0 Object Library.Style instance at 0x2668537031696>' object has no attribute 'Name'
2026-06-11 15:02:06  WARNING    Para 223: outer loop error: '<win32com.gen_py.Microsoft Word 16.0 Object Library.Style instance at 0x2668537090032>' object has no attribute 'Name'
2026-06-11 15:02:06  WARNING    Para 224: outer loop error: '<win32com.gen_py.Microsoft Word 16.0 Object Library.Style instance at 0x2668537031696>' object has no attribute 'Name'
2026-06-11 15:02:06  WARNING    Para 225: outer loop error: '<win32com.gen_py.Microsoft Word 16.0 Object Library.Style instance at 0x2668537090032>' object has no attribute 'Name'
2026-06-11 15:02:06  WARNING    Para 226: outer loop error: '<win32com.gen_py.Microsoft Word 16.0 Object Library.Style instance at 0x2668537031696>' object has no attribute 'Name'
2026-06-11 15:02:06  WARNING    Para 227: outer loop error: '<win32com.gen_py.Microsoft Word 16.0 Object Library.Style instance at 0x2668537090032>' object has no attribute 'Name'
2026-06-11 15:02:06  WARNING    Para 228: outer loop error: '<win32com.gen_py.Microsoft Word 16.0 Object Library.Style instance at 0x2668537031696>' object has no attribute 'Name'
2026-06-11 15:02:06  WARNING    Para 229: outer loop error: '<win32com.gen_py.Microsoft Word 16.0 Object Library.Style instance at 0x2668537090032>' object has no attribute 'Name'
2026-06-11 15:02:06  WARNING    Para 230: outer loop error: '<win32com.gen_py.Microsoft Word 16.0 Object Library.Style instance at 0x2668537031696>' object has no attribute 'Name'
2026-06-11 15:02:06  WARNING    Para 231: outer loop error: '<win32com.gen_py.Microsoft Word 16.0 Object Library.Style instance at 0x2668537090032>' object has no attribute 'Name'
2026-06-11 15:02:06  WARNING    Para 232: outer loop error: '<win32com.gen_py.Microsoft Word 16.0 Object Library.Style instance at 0x2668537031696>' object has no attribute 'Name'
2026-06-11 15:02:06  WARNING    Para 233: outer loop error: '<win32com.gen_py.Microsoft Word 16.0 Object Library.Style instance at 0x2668537090032>' object has no attribute 'Name'
2026-06-11 15:02:06  WARNING    Para 234: outer loop error: '<win32com.gen_py.Microsoft Word 16.0 Object Library.Style instance at 0x2668537031696>' object has no attribute 'Name'
2026-06-11 15:02:06  WARNING    Para 235: outer loop error: '<win32com.gen_py.Microsoft Word 16.0 Object Library.Style instance at 0x2668537090032>' object has no attribute 'Name'
2026-06-11 15:02:06  WARNING    Para 236: outer loop error: '<win32com.gen_py.Microsoft Word 16.0 Object Library.Style instance at 0x2668537031696>' object has no attribute 'Name'
2026-06-11 15:02:06  WARNING    Para 237: outer loop error: '<win32com.gen_py.Microsoft Word 16.0 Object Library.Style instance at 0x2668537090032>' object has no attribute 'Name'
2026-06-11 15:02:06  WARNING    Para 238: outer loop error: '<win32com.gen_py.Microsoft Word 16.0 Object Library.Style instance at 0x2668537031696>' object has no attribute 'Name'
2026-06-11 15:02:06  WARNING    Para 239: outer loop error: '<win32com.gen_py.Microsoft Word 16.0 Object Library.Style instance at 0x2668537090032>' object has no attribute 'Name'
2026-06-11 15:02:06  WARNING    Para 240: outer loop error: '<win32com.gen_py.Microsoft Word 16.0 Object Library.Style instance at 0x2668537031696>' object has no attribute 'Name'
2026-06-11 15:02:06  WARNING    Para 241: outer loop error: '<win32com.gen_py.Microsoft Word 16.0 Object Library.Style instance at 0x2668537090032>' object has no attribute 'Name'
2026-06-11 15:02:06  WARNING    Para 242: outer loop error: '<win32com.gen_py.Microsoft Word 16.0 Object Library.Style instance at 0x2668537031696>' object has no attribute 'Name'
2026-06-11 15:02:06  WARNING    Para 243: outer loop error: '<win32com.gen_py.Microsoft Word 16.0 Object Library.Style instance at 0x2668537090032>' object has no attribute 'Name'
2026-06-11 15:02:06  WARNING    Para 244: outer loop error: '<win32com.gen_py.Microsoft Word 16.0 Object Library.Style instance at 0x2668537031696>' object has no attribute 'Name'
2026-06-11 15:02:06  WARNING    Para 245: outer loop error: '<win32com.gen_py.Microsoft Word 16.0 Object Library.Style instance at 0x2668537090032>' object has no attribute 'Name'
2026-06-11 15:02:06  WARNING    Para 246: outer loop error: '<win32com.gen_py.Microsoft Word 16.0 Object Library.Style instance at 0x2668537031696>' object has no attribute 'Name'
2026-06-11 15:02:06  WARNING    Para 247: outer loop error: '<win32com.gen_py.Microsoft Word 16.0 Object Library.Style instance at 0x2668537090032>' object has no attribute 'Name'
2026-06-11 15:02:06  WARNING    Para 248: outer loop error: '<win32com.gen_py.Microsoft Word 16.0 Object Library.Style instance at 0x2668537031696>' object has no attribute 'Name'
2026-06-11 15:02:06  WARNING    Para 249: outer loop error: '<win32com.gen_py.Microsoft Word 16.0 Object Library.Style instance at 0x2668537090032>' object has no attribute 'Name'
2026-06-11 15:02:06  WARNING    Para 250: outer loop error: '<win32com.gen_py.Microsoft Word 16.0 Object Library.Style instance at 0x2668537031696>' object has no attribute 'Name'
2026-06-11 15:02:07  WARNING    Para 251: outer loop error: '<win32com.gen_py.Microsoft Word 16.0 Object Library.Style instance at 0x2668537090032>' object has no attribute 'Name'
2026-06-11 15:02:07  WARNING    Para 252: outer loop error: '<win32com.gen_py.Microsoft Word 16.0 Object Library.Style instance at 0x2668537031696>' object has no attribute 'Name'
2026-06-11 15:02:07  WARNING    Para 253: outer loop error: '<win32com.gen_py.Microsoft Word 16.0 Object Library.Style instance at 0x2668537090032>' object has no attribute 'Name'
2026-06-11 15:02:07  WARNING    Para 254: outer loop error: '<win32com.gen_py.Microsoft Word 16.0 Object Library.Style instance at 0x2668537031696>' object has no attribute 'Name'
2026-06-11 15:02:07  WARNING    Para 255: outer loop error: '<win32com.gen_py.Microsoft Word 16.0 Object Library.Style instance at 0x2668537090032>' object has no attribute 'Name'
2026-06-11 15:02:07  WARNING    Para 256: outer loop error: '<win32com.gen_py.Microsoft Word 16.0 Object Library.Style instance at 0x2668537031696>' object has no attribute 'Name'
2026-06-11 15:02:07  WARNING    Para 257: outer loop error: '<win32com.gen_py.Microsoft Word 16.0 Object Library.Style instance at 0x2668537090032>' object has no attribute 'Name'
2026-06-11 15:02:07  WARNING    Para 258: outer loop error: '<win32com.gen_py.Microsoft Word 16.0 Object Library.Style instance at 0x2668537031696>' object has no attribute 'Name'
2026-06-11 15:02:07  WARNING    Para 259: outer loop error: '<win32com.gen_py.Microsoft Word 16.0 Object Library.Style instance at 0x2668537090032>' object has no attribute 'Name'
2026-06-11 15:02:07  WARNING    Para 260: outer loop error: '<win32com.gen_py.Microsoft Word 16.0 Object Library.Style instance at 0x2668537031696>' object has no attribute 'Name'
2026-06-11 15:02:07  WARNING    Para 261: outer loop error: '<win32com.gen_py.Microsoft Word 16.0 Object Library.Style instance at 0x2668537090032>' object has no attribute 'Name'
2026-06-11 15:02:07  WARNING    Para 262: outer loop error: '<win32com.gen_py.Microsoft Word 16.0 Object Library.Style instance at 0x2668537031696>' object has no attribute 'Name'
2026-06-11 15:02:07  WARNING    Para 263: outer loop error: '<win32com.gen_py.Microsoft Word 16.0 Object Library.Style instance at 0x2668537090032>' object has no attribute 'Name'
2026-06-11 15:02:07  WARNING    Para 264: outer loop error: '<win32com.gen_py.Microsoft Word 16.0 Object Library.Style instance at 0x2668537031696>' object has no attribute 'Name'
2026-06-11 15:02:07  WARNING    Para 265: outer loop error: '<win32com.gen_py.Microsoft Word 16.0 Object Library.Style instance at 0x2668537090032>' object has no attribute 'Name'
2026-06-11 15:02:07  WARNING    Para 266: outer loop error: '<win32com.gen_py.Microsoft Word 16.0 Object Library.Style instance at 0x2668537031696>' object has no attribute 'Name'
2026-06-11 15:02:07  WARNING    Para 267: outer loop error: '<win32com.gen_py.Microsoft Word 16.0 Object Library.Style instance at 0x2668537090032>' object has no attribute 'Name'
2026-06-11 15:02:07  WARNING    Para 268: outer loop error: '<win32com.gen_py.Microsoft Word 16.0 Object Library.Style instance at 0x2668537031696>' object has no attribute 'Name'
2026-06-11 15:02:07  WARNING    Para 269: outer loop error: '<win32com.gen_py.Microsoft Word 16.0 Object Library.Style instance at 0x2668537090032>' object has no attribute 'Name'
2026-06-11 15:02:07  WARNING    Para 270: outer loop error: '<win32com.gen_py.Microsoft Word 16.0 Object Library.Style instance at 0x2668537031696>' object has no attribute 'Name'
2026-06-11 15:02:07  WARNING    Para 271: outer loop error: '<win32com.gen_py.Microsoft Word 16.0 Object Library.Style instance at 0x2668537090032>' object has no attribute 'Name'
2026-06-11 15:02:07  WARNING    Para 272: outer loop error: '<win32com.gen_py.Microsoft Word 16.0 Object Library.Style instance at 0x2668537031696>' object has no attribute 'Name'
2026-06-11 15:02:07  WARNING    Para 273: outer loop error: '<win32com.gen_py.Microsoft Word 16.0 Object Library.Style instance at 0x2668537090032>' object has no attribute 'Name'
2026-06-11 15:02:07  WARNING    Para 274: outer loop error: '<win32com.gen_py.Microsoft Word 16.0 Object Library.Style instance at 0x2668537031696>' object has no attribute 'Name'
2026-06-11 15:02:07  WARNING    Para 275: outer loop error: '<win32com.gen_py.Microsoft Word 16.0 Object Library.Style instance at 0x2668537090032>' object has no attribute 'Name'
2026-06-11 15:02:07  WARNING    Para 276: outer loop error: '<win32com.gen_py.Microsoft Word 16.0 Object Library.Style instance at 0x2668537031696>' object has no attribute 'Name'
2026-06-11 15:02:07  WARNING    Para 277: outer loop error: '<win32com.gen_py.Microsoft Word 16.0 Object Library.Style instance at 0x2668537090032>' object has no attribute 'Name'
2026-06-11 15:02:07  WARNING    Para 278: outer loop error: '<win32com.gen_py.Microsoft Word 16.0 Object Library.Style instance at 0x2668537031696>' object has no attribute 'Name'
2026-06-11 15:02:07  WARNING    Para 279: outer loop error: '<win32com.gen_py.Microsoft Word 16.0 Object Library.Style instance at 0x2668537090032>' object has no attribute 'Name'
2026-06-11 15:02:07  WARNING    Para 280: outer loop error: '<win32com.gen_py.Microsoft Word 16.0 Object Library.Style instance at 0x2668537031696>' object has no attribute 'Name'
2026-06-11 15:02:07  WARNING    Para 281: outer loop error: '<win32com.gen_py.Microsoft Word 16.0 Object Library.Style instance at 0x2668537090032>' object has no attribute 'Name'
2026-06-11 15:02:07  WARNING    Para 282: outer loop error: '<win32com.gen_py.Microsoft Word 16.0 Object Library.Style instance at 0x2668537031696>' object has no attribute 'Name'
2026-06-11 15:02:07  WARNING    Para 283: outer loop error: '<win32com.gen_py.Microsoft Word 16.0 Object Library.Style instance at 0x2668537090032>' object has no attribute 'Name'
2026-06-11 15:02:07  WARNING    Para 284: outer loop error: '<win32com.gen_py.Microsoft Word 16.0 Object Library.Style instance at 0x2668537031696>' object has no attribute 'Name'
2026-06-11 15:02:07  WARNING    Para 285: outer loop error: '<win32com.gen_py.Microsoft Word 16.0 Object Library.Style instance at 0x2668537090032>' object has no attribute 'Name'
2026-06-11 15:02:07  WARNING    Para 286: outer loop error: '<win32com.gen_py.Microsoft Word 16.0 Object Library.Style instance at 0x2668537031696>' object has no attribute 'Name'
2026-06-11 15:02:07  WARNING    Para 287: outer loop error: '<win32com.gen_py.Microsoft Word 16.0 Object Library.Style instance at 0x2668537090032>' object has no attribute 'Name'
2026-06-11 15:02:07  WARNING    Para 288: outer loop error: '<win32com.gen_py.Microsoft Word 16.0 Object Library.Style instance at 0x2668537031696>' object has no attribute 'Name'
2026-06-11 15:02:07  WARNING    Para 289: outer loop error: '<win32com.gen_py.Microsoft Word 16.0 Object Library.Style instance at 0x2668537090032>' object has no attribute 'Name'
2026-06-11 15:02:07  WARNING    Para 290: outer loop error: '<win32com.gen_py.Microsoft Word 16.0 Object Library.Style instance at 0x2668537031696>' object has no attribute 'Name'
2026-06-11 15:02:07  WARNING    Para 291: outer loop error: '<win32com.gen_py.Microsoft Word 16.0 Object Library.Style instance at 0x2668537090032>' object has no attribute 'Name'
2026-06-11 15:02:07  WARNING    Para 292: outer loop error: '<win32com.gen_py.Microsoft Word 16.0 Object Library.Style instance at 0x2668537031696>' object has no attribute 'Name'
2026-06-11 15:02:07  WARNING    Para 293: outer loop error: '<win32com.gen_py.Microsoft Word 16.0 Object Library.Style instance at 0x2668537090032>' object has no attribute 'Name'
2026-06-11 15:02:07  WARNING    Para 294: outer loop error: '<win32com.gen_py.Microsoft Word 16.0 Object Library.Style instance at 0x2668537031696>' object has no attribute 'Name'
2026-06-11 15:02:07  WARNING    Para 295: outer loop error: '<win32com.gen_py.Microsoft Word 16.0 Object Library.Style instance at 0x2668537090032>' object has no attribute 'Name'
2026-06-11 15:02:07  WARNING    Para 296: outer loop error: '<win32com.gen_py.Microsoft Word 16.0 Object Library.Style instance at 0x2668537031696>' object has no attribute 'Name'
2026-06-11 15:02:07  WARNING    Para 297: outer loop error: '<win32com.gen_py.Microsoft Word 16.0 Object Library.Style instance at 0x2668537090032>' object has no attribute 'Name'
2026-06-11 15:02:07  WARNING    Para 298: outer loop error: '<win32com.gen_py.Microsoft Word 16.0 Object Library.Style instance at 0x2668537031696>' object has no attribute 'Name'
2026-06-11 15:02:07  WARNING    Para 299: outer loop error: '<win32com.gen_py.Microsoft Word 16.0 Object Library.Style instance at 0x2668537090032>' object has no attribute 'Name'
2026-06-11 15:02:07  WARNING    Para 300: outer loop error: '<win32com.gen_py.Microsoft Word 16.0 Object Library.Style instance at 0x2668537031696>' object has no attribute 'Name'
2026-06-11 15:02:07  WARNING    Para 301: outer loop error: '<win32com.gen_py.Microsoft Word 16.0 Object Library.Style instance at 0x2668537090032>' object has no attribute 'Name'
2026-06-11 15:02:07  WARNING    Para 302: outer loop error: '<win32com.gen_py.Microsoft Word 16.0 Object Library.Style instance at 0x2668537031696>' object has no attribute 'Name'
2026-06-11 15:02:07  WARNING    Para 303: outer loop error: '<win32com.gen_py.Microsoft Word 16.0 Object Library.Style instance at 0x2668537090032>' object has no attribute 'Name'
2026-06-11 15:02:07  WARNING    Para 304: outer loop error: '<win32com.gen_py.Microsoft Word 16.0 Object Library.Style instance at 0x2668537031696>' object has no attribute 'Name'
2026-06-11 15:02:07  WARNING    Para 305: outer loop error: '<win32com.gen_py.Microsoft Word 16.0 Object Library.Style instance at 0x2668537090032>' object has no attribute 'Name'
2026-06-11 15:02:07  WARNING    Para 306: outer loop error: '<win32com.gen_py.Microsoft Word 16.0 Object Library.Style instance at 0x2668537031696>' object has no attribute 'Name'
2026-06-11 15:02:07  WARNING    Para 307: outer loop error: '<win32com.gen_py.Microsoft Word 16.0 Object Library.Style instance at 0x2668537090032>' object has no attribute 'Name'
2026-06-11 15:02:07  WARNING    Para 308: outer loop error: '<win32com.gen_py.Microsoft Word 16.0 Object Library.Style instance at 0x2668537031696>' object has no attribute 'Name'
2026-06-11 15:02:07  WARNING    Para 309: outer loop error: '<win32com.gen_py.Microsoft Word 16.0 Object Library.Style instance at 0x2668537090032>' object has no attribute 'Name'
2026-06-11 15:02:07  WARNING    Para 310: outer loop error: '<win32com.gen_py.Microsoft Word 16.0 Object Library.Style instance at 0x2668537031696>' object has no attribute 'Name'
2026-06-11 15:02:07  WARNING    Para 311: outer loop error: '<win32com.gen_py.Microsoft Word 16.0 Object Library.Style instance at 0x2668537090032>' object has no attribute 'Name'
2026-06-11 15:02:08  WARNING    Para 312: outer loop error: '<win32com.gen_py.Microsoft Word 16.0 Object Library.Style instance at 0x2668537031696>' object has no attribute 'Name'
2026-06-11 15:02:08  WARNING    Para 313: outer loop error: '<win32com.gen_py.Microsoft Word 16.0 Object Library.Style instance at 0x2668537090032>' object has no attribute 'Name'
2026-06-11 15:02:08  WARNING    Para 314: outer loop error: '<win32com.gen_py.Microsoft Word 16.0 Object Library.Style instance at 0x2668537031696>' object has no attribute 'Name'
2026-06-11 15:02:08  WARNING    Para 315: outer loop error: '<win32com.gen_py.Microsoft Word 16.0 Object Library.Style instance at 0x2668537090032>' object has no attribute 'Name'
2026-06-11 15:02:08  WARNING    Para 316: outer loop error: '<win32com.gen_py.Microsoft Word 16.0 Object Library.Style instance at 0x2668537031696>' object has no attribute 'Name'
2026-06-11 15:02:08  WARNING    Para 317: outer loop error: '<win32com.gen_py.Microsoft Word 16.0 Object Library.Style instance at 0x2668537090032>' object has no attribute 'Name'
2026-06-11 15:02:08  WARNING    Para 318: outer loop error: '<win32com.gen_py.Microsoft Word 16.0 Object Library.Style instance at 0x2668537031696>' object has no attribute 'Name'
2026-06-11 15:02:08  WARNING    Para 319: outer loop error: '<win32com.gen_py.Microsoft Word 16.0 Object Library.Style instance at 0x2668537090032>' object has no attribute 'Name'
2026-06-11 15:02:08  WARNING    Para 320: outer loop error: '<win32com.gen_py.Microsoft Word 16.0 Object Library.Style instance at 0x2668537031696>' object has no attribute 'Name'
2026-06-11 15:02:08  WARNING    Para 321: outer loop error: '<win32com.gen_py.Microsoft Word 16.0 Object Library.Style instance at 0x2668537090032>' object has no attribute 'Name'
2026-06-11 15:02:08  WARNING    Para 322: outer loop error: '<win32com.gen_py.Microsoft Word 16.0 Object Library.Style instance at 0x2668537031696>' object has no attribute 'Name'
2026-06-11 15:02:08  WARNING    Para 323: outer loop error: '<win32com.gen_py.Microsoft Word 16.0 Object Library.Style instance at 0x2668537090032>' object has no attribute 'Name'
2026-06-11 15:02:08  WARNING    Para 324: outer loop error: '<win32com.gen_py.Microsoft Word 16.0 Object Library.Style instance at 0x2668537031696>' object has no attribute 'Name'
2026-06-11 15:02:08  WARNING    Para 325: outer loop error: '<win32com.gen_py.Microsoft Word 16.0 Object Library.Style instance at 0x2668537090032>' object has no attribute 'Name'
2026-06-11 15:02:08  WARNING    Para 326: outer loop error: '<win32com.gen_py.Microsoft Word 16.0 Object Library.Style instance at 0x2668537031696>' object has no attribute 'Name'
2026-06-11 15:02:08  WARNING    Para 327: outer loop error: '<win32com.gen_py.Microsoft Word 16.0 Object Library.Style instance at 0x2668537090032>' object has no attribute 'Name'
2026-06-11 15:02:08  WARNING    Para 328: outer loop error: '<win32com.gen_py.Microsoft Word 16.0 Object Library.Style instance at 0x2668537031696>' object has no attribute 'Name'
2026-06-11 15:02:08  WARNING    Para 329: outer loop error: '<win32com.gen_py.Microsoft Word 16.0 Object Library.Style instance at 0x2668537090032>' object has no attribute 'Name'
2026-06-11 15:02:08  WARNING    Para 330: outer loop error: '<win32com.gen_py.Microsoft Word 16.0 Object Library.Style instance at 0x2668537031696>' object has no attribute 'Name'
2026-06-11 15:02:08  WARNING    Para 331: outer loop error: '<win32com.gen_py.Microsoft Word 16.0 Object Library.Style instance at 0x2668537090032>' object has no attribute 'Name'
2026-06-11 15:02:08  WARNING    Para 332: outer loop error: '<win32com.gen_py.Microsoft Word 16.0 Object Library.Style instance at 0x2668537031696>' object has no attribute 'Name'
2026-06-11 15:02:08  WARNING    Para 333: outer loop error: '<win32com.gen_py.Microsoft Word 16.0 Object Library.Style instance at 0x2668537090032>' object has no attribute 'Name'
2026-06-11 15:02:08  WARNING    Para 334: outer loop error: '<win32com.gen_py.Microsoft Word 16.0 Object Library.Style instance at 0x2668537031696>' object has no attribute 'Name'
2026-06-11 15:02:08  WARNING    Para 335: outer loop error: '<win32com.gen_py.Microsoft Word 16.0 Object Library.Style instance at 0x2668537090032>' object has no attribute 'Name'
2026-06-11 15:02:08  WARNING    Para 336: outer loop error: '<win32com.gen_py.Microsoft Word 16.0 Object Library.Style instance at 0x2668537031696>' object has no attribute 'Name'
2026-06-11 15:02:08  WARNING    Para 337: outer loop error: '<win32com.gen_py.Microsoft Word 16.0 Object Library.Style instance at 0x2668537090032>' object has no attribute 'Name'
2026-06-11 15:02:08  WARNING    Para 338: outer loop error: '<win32com.gen_py.Microsoft Word 16.0 Object Library.Style instance at 0x2668537031696>' object has no attribute 'Name'
2026-06-11 15:02:08  WARNING    Para 339: outer loop error: '<win32com.gen_py.Microsoft Word 16.0 Object Library.Style instance at 0x2668537090032>' object has no attribute 'Name'
2026-06-11 15:02:08  WARNING    Para 340: outer loop error: '<win32com.gen_py.Microsoft Word 16.0 Object Library.Style instance at 0x2668537031696>' object has no attribute 'Name'
2026-06-11 15:02:08  WARNING    Para 341: outer loop error: '<win32com.gen_py.Microsoft Word 16.0 Object Library.Style instance at 0x2668537090032>' object has no attribute 'Name'
2026-06-11 15:02:08  WARNING    Para 342: outer loop error: '<win32com.gen_py.Microsoft Word 16.0 Object Library.Style instance at 0x2668537031696>' object has no attribute 'Name'
2026-06-11 15:02:08  WARNING    Para 343: outer loop error: '<win32com.gen_py.Microsoft Word 16.0 Object Library.Style instance at 0x2668537090032>' object has no attribute 'Name'
2026-06-11 15:02:08  WARNING    Para 344: outer loop error: '<win32com.gen_py.Microsoft Word 16.0 Object Library.Style instance at 0x2668537031696>' object has no attribute 'Name'
2026-06-11 15:02:08  WARNING    Para 345: outer loop error: '<win32com.gen_py.Microsoft Word 16.0 Object Library.Style instance at 0x2668537090032>' object has no attribute 'Name'
2026-06-11 15:02:08  WARNING    Para 346: outer loop error: '<win32com.gen_py.Microsoft Word 16.0 Object Library.Style instance at 0x2668537031696>' object has no attribute 'Name'
2026-06-11 15:02:08  WARNING    Para 347: outer loop error: '<win32com.gen_py.Microsoft Word 16.0 Object Library.Style instance at 0x2668537090032>' object has no attribute 'Name'
2026-06-11 15:02:08  WARNING    Para 348: outer loop error: '<win32com.gen_py.Microsoft Word 16.0 Object Library.Style instance at 0x2668537031696>' object has no attribute 'Name'
2026-06-11 15:02:08  WARNING    Para 349: outer loop error: '<win32com.gen_py.Microsoft Word 16.0 Object Library.Style instance at 0x2668537090032>' object has no attribute 'Name'
2026-06-11 15:02:08  WARNING    Para 350: outer loop error: '<win32com.gen_py.Microsoft Word 16.0 Object Library.Style instance at 0x2668537031696>' object has no attribute 'Name'
2026-06-11 15:02:08  WARNING    Para 351: outer loop error: '<win32com.gen_py.Microsoft Word 16.0 Object Library.Style instance at 0x2668537090032>' object has no attribute 'Name'
2026-06-11 15:02:08  WARNING    Para 352: outer loop error: '<win32com.gen_py.Microsoft Word 16.0 Object Library.Style instance at 0x2668537031696>' object has no attribute 'Name'
2026-06-11 15:02:08  WARNING    Para 353: outer loop error: '<win32com.gen_py.Microsoft Word 16.0 Object Library.Style instance at 0x2668537090032>' object has no attribute 'Name'
2026-06-11 15:02:08  WARNING    Para 354: outer loop error: '<win32com.gen_py.Microsoft Word 16.0 Object Library.Style instance at 0x2668537031696>' object has no attribute 'Name'
2026-06-11 15:02:08  WARNING    Para 355: outer loop error: '<win32com.gen_py.Microsoft Word 16.0 Object Library.Style instance at 0x2668537090032>' object has no attribute 'Name'
2026-06-11 15:02:08  WARNING    Para 356: outer loop error: '<win32com.gen_py.Microsoft Word 16.0 Object Library.Style instance at 0x2668537031696>' object has no attribute 'Name'
2026-06-11 15:02:08  WARNING    Para 357: outer loop error: '<win32com.gen_py.Microsoft Word 16.0 Object Library.Style instance at 0x2668537090032>' object has no attribute 'Name'
2026-06-11 15:02:08  WARNING    Para 358: outer loop error: '<win32com.gen_py.Microsoft Word 16.0 Object Library.Style instance at 0x2668537031696>' object has no attribute 'Name'
2026-06-11 15:02:08  WARNING    Para 359: outer loop error: '<win32com.gen_py.Microsoft Word 16.0 Object Library.Style instance at 0x2668537090032>' object has no attribute 'Name'
2026-06-11 15:02:08  WARNING    Para 360: outer loop error: '<win32com.gen_py.Microsoft Word 16.0 Object Library.Style instance at 0x2668537031696>' object has no attribute 'Name'
2026-06-11 15:02:08  WARNING    Para 361: outer loop error: '<win32com.gen_py.Microsoft Word 16.0 Object Library.Style instance at 0x2668537090032>' object has no attribute 'Name'
2026-06-11 15:02:08  WARNING    Para 362: outer loop error: '<win32com.gen_py.Microsoft Word 16.0 Object Library.Style instance at 0x2668537031696>' object has no attribute 'Name'
2026-06-11 15:02:08  WARNING    Para 363: outer loop error: '<win32com.gen_py.Microsoft Word 16.0 Object Library.Style instance at 0x2668537090032>' object has no attribute 'Name'
2026-06-11 15:02:08  WARNING    Para 364: outer loop error: '<win32com.gen_py.Microsoft Word 16.0 Object Library.Style instance at 0x2668537031696>' object has no attribute 'Name'
2026-06-11 15:02:08  WARNING    Para 365: outer loop error: '<win32com.gen_py.Microsoft Word 16.0 Object Library.Style instance at 0x2668537090032>' object has no attribute 'Name'
2026-06-11 15:02:08  WARNING    Para 366: outer loop error: '<win32com.gen_py.Microsoft Word 16.0 Object Library.Style instance at 0x2668537031696>' object has no attribute 'Name'
2026-06-11 15:02:08  WARNING    Para 367: outer loop error: '<win32com.gen_py.Microsoft Word 16.0 Object Library.Style instance at 0x2668537090032>' object has no attribute 'Name'
2026-06-11 15:02:08  WARNING    Para 368: outer loop error: '<win32com.gen_py.Microsoft Word 16.0 Object Library.Style instance at 0x2668537031696>' object has no attribute 'Name'
2026-06-11 15:02:08  WARNING    Para 369: outer loop error: '<win32com.gen_py.Microsoft Word 16.0 Object Library.Style instance at 0x2668537090032>' object has no attribute 'Name'
2026-06-11 15:02:08  WARNING    Para 370: outer loop error: '<win32com.gen_py.Microsoft Word 16.0 Object Library.Style instance at 0x2668537031696>' object has no attribute 'Name'
2026-06-11 15:02:08  WARNING    Para 371: outer loop error: '<win32com.gen_py.Microsoft Word 16.0 Object Library.Style instance at 0x2668537090032>' object has no attribute 'Name'
2026-06-11 15:02:08  WARNING    Para 372: outer loop error: '<win32com.gen_py.Microsoft Word 16.0 Object Library.Style instance at 0x2668537031696>' object has no attribute 'Name'
2026-06-11 15:02:09  WARNING    Para 373: outer loop error: '<win32com.gen_py.Microsoft Word 16.0 Object Library.Style instance at 0x2668537090032>' object has no attribute 'Name'
2026-06-11 15:02:09  WARNING    Para 374: outer loop error: '<win32com.gen_py.Microsoft Word 16.0 Object Library.Style instance at 0x2668537031696>' object has no attribute 'Name'
2026-06-11 15:02:09  WARNING    Para 375: outer loop error: '<win32com.gen_py.Microsoft Word 16.0 Object Library.Style instance at 0x2668537090032>' object has no attribute 'Name'
2026-06-11 15:02:09  WARNING    Para 376: outer loop error: '<win32com.gen_py.Microsoft Word 16.0 Object Library.Style instance at 0x2668537031696>' object has no attribute 'Name'
2026-06-11 15:02:09  WARNING    Para 377: outer loop error: '<win32com.gen_py.Microsoft Word 16.0 Object Library.Style instance at 0x2668537090032>' object has no attribute 'Name'
2026-06-11 15:02:09  WARNING    Para 378: outer loop error: '<win32com.gen_py.Microsoft Word 16.0 Object Library.Style instance at 0x2668537031696>' object has no attribute 'Name'
2026-06-11 15:02:09  WARNING    Para 379: outer loop error: '<win32com.gen_py.Microsoft Word 16.0 Object Library.Style instance at 0x2668537090032>' object has no attribute 'Name'
2026-06-11 15:02:09  WARNING    Para 380: outer loop error: '<win32com.gen_py.Microsoft Word 16.0 Object Library.Style instance at 0x2668537031696>' object has no attribute 'Name'
2026-06-11 15:02:09  WARNING    Para 381: outer loop error: '<win32com.gen_py.Microsoft Word 16.0 Object Library.Style instance at 0x2668537090032>' object has no attribute 'Name'
2026-06-11 15:02:09  WARNING    Para 382: outer loop error: '<win32com.gen_py.Microsoft Word 16.0 Object Library.Style instance at 0x2668537031696>' object has no attribute 'Name'
2026-06-11 15:02:09  WARNING    Para 383: outer loop error: '<win32com.gen_py.Microsoft Word 16.0 Object Library.Style instance at 0x2668537090032>' object has no attribute 'Name'
2026-06-11 15:02:09  WARNING    Para 384: outer loop error: '<win32com.gen_py.Microsoft Word 16.0 Object Library.Style instance at 0x2668537031696>' object has no attribute 'Name'
2026-06-11 15:02:09  WARNING    Para 385: outer loop error: '<win32com.gen_py.Microsoft Word 16.0 Object Library.Style instance at 0x2668537090032>' object has no attribute 'Name'
2026-06-11 15:02:09  WARNING    Para 386: outer loop error: '<win32com.gen_py.Microsoft Word 16.0 Object Library.Style instance at 0x2668537031696>' object has no attribute 'Name'
2026-06-11 15:02:09  WARNING    Para 387: outer loop error: '<win32com.gen_py.Microsoft Word 16.0 Object Library.Style instance at 0x2668537090032>' object has no attribute 'Name'
2026-06-11 15:02:09  WARNING    Para 388: outer loop error: '<win32com.gen_py.Microsoft Word 16.0 Object Library.Style instance at 0x2668537031696>' object has no attribute 'Name'
2026-06-11 15:02:09  WARNING    Para 389: outer loop error: '<win32com.gen_py.Microsoft Word 16.0 Object Library.Style instance at 0x2668537090032>' object has no attribute 'Name'
2026-06-11 15:02:09  WARNING    Para 390: outer loop error: '<win32com.gen_py.Microsoft Word 16.0 Object Library.Style instance at 0x2668537031696>' object has no attribute 'Name'
2026-06-11 15:02:09  WARNING    Para 391: outer loop error: '<win32com.gen_py.Microsoft Word 16.0 Object Library.Style instance at 0x2668537090032>' object has no attribute 'Name'
2026-06-11 15:02:09  WARNING    Para 392: outer loop error: '<win32com.gen_py.Microsoft Word 16.0 Object Library.Style instance at 0x2668537031696>' object has no attribute 'Name'
2026-06-11 15:02:09  WARNING    Para 393: outer loop error: '<win32com.gen_py.Microsoft Word 16.0 Object Library.Style instance at 0x2668537090032>' object has no attribute 'Name'
2026-06-11 15:02:09  WARNING    Para 394: outer loop error: '<win32com.gen_py.Microsoft Word 16.0 Object Library.Style instance at 0x2668537031696>' object has no attribute 'Name'
2026-06-11 15:02:09  WARNING    Para 395: outer loop error: '<win32com.gen_py.Microsoft Word 16.0 Object Library.Style instance at 0x2668537090032>' object has no attribute 'Name'
2026-06-11 15:02:09  WARNING    Para 396: outer loop error: '<win32com.gen_py.Microsoft Word 16.0 Object Library.Style instance at 0x2668537031696>' object has no attribute 'Name'
2026-06-11 15:02:09  WARNING    Para 397: outer loop error: '<win32com.gen_py.Microsoft Word 16.0 Object Library.Style instance at 0x2668537090032>' object has no attribute 'Name'
2026-06-11 15:02:09  WARNING    Para 398: outer loop error: '<win32com.gen_py.Microsoft Word 16.0 Object Library.Style instance at 0x2668537031696>' object has no attribute 'Name'
2026-06-11 15:02:09  WARNING    Para 399: outer loop error: '<win32com.gen_py.Microsoft Word 16.0 Object Library.Style instance at 0x2668537090032>' object has no attribute 'Name'
2026-06-11 15:02:09  WARNING    Para 400: outer loop error: '<win32com.gen_py.Microsoft Word 16.0 Object Library.Style instance at 0x2668537031696>' object has no attribute 'Name'
2026-06-11 15:02:09  WARNING    Para 401: outer loop error: '<win32com.gen_py.Microsoft Word 16.0 Object Library.Style instance at 0x2668537090032>' object has no attribute 'Name'
2026-06-11 15:02:09  WARNING    Para 402: outer loop error: '<win32com.gen_py.Microsoft Word 16.0 Object Library.Style instance at 0x2668537031696>' object has no attribute 'Name'
2026-06-11 15:02:09  WARNING    Para 403: outer loop error: '<win32com.gen_py.Microsoft Word 16.0 Object Library.Style instance at 0x2668537090032>' object has no attribute 'Name'
2026-06-11 15:02:09  WARNING    Para 404: outer loop error: '<win32com.gen_py.Microsoft Word 16.0 Object Library.Style instance at 0x2668537031696>' object has no attribute 'Name'
2026-06-11 15:02:09  WARNING    Para 405: outer loop error: '<win32com.gen_py.Microsoft Word 16.0 Object Library.Style instance at 0x2668537090032>' object has no attribute 'Name'
2026-06-11 15:02:09  WARNING    Para 406: outer loop error: '<win32com.gen_py.Microsoft Word 16.0 Object Library.Style instance at 0x2668537031696>' object has no attribute 'Name'
2026-06-11 15:02:09  WARNING    Para 407: outer loop error: '<win32com.gen_py.Microsoft Word 16.0 Object Library.Style instance at 0x2668537090032>' object has no attribute 'Name'
2026-06-11 15:02:09  WARNING    Para 408: outer loop error: '<win32com.gen_py.Microsoft Word 16.0 Object Library.Style instance at 0x2668537031696>' object has no attribute 'Name'
2026-06-11 15:02:09  WARNING    Para 409: outer loop error: '<win32com.gen_py.Microsoft Word 16.0 Object Library.Style instance at 0x2668537090032>' object has no attribute 'Name'
2026-06-11 15:02:09  WARNING    Para 410: outer loop error: '<win32com.gen_py.Microsoft Word 16.0 Object Library.Style instance at 0x2668537031696>' object has no attribute 'Name'
2026-06-11 15:02:09  WARNING    Para 411: outer loop error: '<win32com.gen_py.Microsoft Word 16.0 Object Library.Style instance at 0x2668537090032>' object has no attribute 'Name'
2026-06-11 15:02:09  WARNING    Para 412: outer loop error: '<win32com.gen_py.Microsoft Word 16.0 Object Library.Style instance at 0x2668537031696>' object has no attribute 'Name'
2026-06-11 15:02:09  WARNING    Para 413: outer loop error: '<win32com.gen_py.Microsoft Word 16.0 Object Library.Style instance at 0x2668537090032>' object has no attribute 'Name'
2026-06-11 15:02:09  WARNING    Para 414: outer loop error: '<win32com.gen_py.Microsoft Word 16.0 Object Library.Style instance at 0x2668537031696>' object has no attribute 'Name'
2026-06-11 15:02:09  WARNING    Para 415: outer loop error: '<win32com.gen_py.Microsoft Word 16.0 Object Library.Style instance at 0x2668537090032>' object has no attribute 'Name'
2026-06-11 15:02:09  WARNING    Para 416: outer loop error: '<win32com.gen_py.Microsoft Word 16.0 Object Library.Style instance at 0x2668537031696>' object has no attribute 'Name'
2026-06-11 15:02:09  WARNING    Para 417: outer loop error: '<win32com.gen_py.Microsoft Word 16.0 Object Library.Style instance at 0x2668537090032>' object has no attribute 'Name'
2026-06-11 15:02:09  WARNING    Para 418: outer loop error: '<win32com.gen_py.Microsoft Word 16.0 Object Library.Style instance at 0x2668537031696>' object has no attribute 'Name'
2026-06-11 15:02:09  WARNING    Para 419: outer loop error: '<win32com.gen_py.Microsoft Word 16.0 Object Library.Style instance at 0x2668537090032>' object has no attribute 'Name'
2026-06-11 15:02:09  WARNING    Para 420: outer loop error: '<win32com.gen_py.Microsoft Word 16.0 Object Library.Style instance at 0x2668537031696>' object has no attribute 'Name'
2026-06-11 15:02:09  WARNING    Para 421: outer loop error: '<win32com.gen_py.Microsoft Word 16.0 Object Library.Style instance at 0x2668537090032>' object has no attribute 'Name'
2026-06-11 15:02:09  WARNING    Para 422: outer loop error: '<win32com.gen_py.Microsoft Word 16.0 Object Library.Style instance at 0x2668537031696>' object has no attribute 'Name'
2026-06-11 15:02:09  WARNING    Para 423: outer loop error: '<win32com.gen_py.Microsoft Word 16.0 Object Library.Style instance at 0x2668537090032>' object has no attribute 'Name'
2026-06-11 15:02:09  WARNING    Para 424: outer loop error: '<win32com.gen_py.Microsoft Word 16.0 Object Library.Style instance at 0x2668537031696>' object has no attribute 'Name'
2026-06-11 15:02:09  WARNING    Para 425: outer loop error: '<win32com.gen_py.Microsoft Word 16.0 Object Library.Style instance at 0x2668537090032>' object has no attribute 'Name'
2026-06-11 15:02:09  WARNING    Para 426: outer loop error: '<win32com.gen_py.Microsoft Word 16.0 Object Library.Style instance at 0x2668537031696>' object has no attribute 'Name'
2026-06-11 15:02:09  WARNING    Para 427: outer loop error: '<win32com.gen_py.Microsoft Word 16.0 Object Library.Style instance at 0x2668537090032>' object has no attribute 'Name'
2026-06-11 15:02:09  WARNING    Para 428: outer loop error: '<win32com.gen_py.Microsoft Word 16.0 Object Library.Style instance at 0x2668537031696>' object has no attribute 'Name'
2026-06-11 15:02:09  WARNING    Para 429: outer loop error: '<win32com.gen_py.Microsoft Word 16.0 Object Library.Style instance at 0x2668537090032>' object has no attribute 'Name'
2026-06-11 15:02:10  WARNING    Para 430: outer loop error: '<win32com.gen_py.Microsoft Word 16.0 Object Library.Style instance at 0x2668537031696>' object has no attribute 'Name'
2026-06-11 15:02:10  WARNING    Para 431: outer loop error: '<win32com.gen_py.Microsoft Word 16.0 Object Library.Style instance at 0x2668537090032>' object has no attribute 'Name'
2026-06-11 15:02:10  WARNING    Para 432: outer loop error: '<win32com.gen_py.Microsoft Word 16.0 Object Library.Style instance at 0x2668537031696>' object has no attribute 'Name'
2026-06-11 15:02:10  WARNING    Para 433: outer loop error: '<win32com.gen_py.Microsoft Word 16.0 Object Library.Style instance at 0x2668537090032>' object has no attribute 'Name'
2026-06-11 15:02:10  WARNING    Para 434: outer loop error: '<win32com.gen_py.Microsoft Word 16.0 Object Library.Style instance at 0x2668537031696>' object has no attribute 'Name'
2026-06-11 15:02:10  WARNING    Para 435: outer loop error: '<win32com.gen_py.Microsoft Word 16.0 Object Library.Style instance at 0x2668537090032>' object has no attribute 'Name'
2026-06-11 15:02:10  WARNING    Para 436: outer loop error: '<win32com.gen_py.Microsoft Word 16.0 Object Library.Style instance at 0x2668537031696>' object has no attribute 'Name'
2026-06-11 15:02:10  WARNING    Para 437: outer loop error: '<win32com.gen_py.Microsoft Word 16.0 Object Library.Style instance at 0x2668537090032>' object has no attribute 'Name'
2026-06-11 15:02:10  WARNING    Para 438: outer loop error: '<win32com.gen_py.Microsoft Word 16.0 Object Library.Style instance at 0x2668537031696>' object has no attribute 'Name'
2026-06-11 15:02:10  WARNING    Para 439: outer loop error: '<win32com.gen_py.Microsoft Word 16.0 Object Library.Style instance at 0x2668537090032>' object has no attribute 'Name'
2026-06-11 15:02:10  WARNING    Para 440: outer loop error: '<win32com.gen_py.Microsoft Word 16.0 Object Library.Style instance at 0x2668537031696>' object has no attribute 'Name'
2026-06-11 15:02:10  WARNING    Para 441: outer loop error: '<win32com.gen_py.Microsoft Word 16.0 Object Library.Style instance at 0x2668537090032>' object has no attribute 'Name'
2026-06-11 15:02:10  WARNING    Para 442: outer loop error: '<win32com.gen_py.Microsoft Word 16.0 Object Library.Style instance at 0x2668537031696>' object has no attribute 'Name'
2026-06-11 15:02:10  WARNING    Para 443: outer loop error: '<win32com.gen_py.Microsoft Word 16.0 Object Library.Style instance at 0x2668537090032>' object has no attribute 'Name'
2026-06-11 15:02:10  WARNING    Para 444: outer loop error: '<win32com.gen_py.Microsoft Word 16.0 Object Library.Style instance at 0x2668537031696>' object has no attribute 'Name'
2026-06-11 15:02:10  WARNING    Para 445: outer loop error: '<win32com.gen_py.Microsoft Word 16.0 Object Library.Style instance at 0x2668537090032>' object has no attribute 'Name'
2026-06-11 15:02:10  WARNING    Para 446: outer loop error: '<win32com.gen_py.Microsoft Word 16.0 Object Library.Style instance at 0x2668537031696>' object has no attribute 'Name'
2026-06-11 15:02:10  WARNING    Para 447: outer loop error: '<win32com.gen_py.Microsoft Word 16.0 Object Library.Style instance at 0x2668537090032>' object has no attribute 'Name'
2026-06-11 15:02:10  WARNING    Para 448: outer loop error: '<win32com.gen_py.Microsoft Word 16.0 Object Library.Style instance at 0x2668537031696>' object has no attribute 'Name'
2026-06-11 15:02:10  WARNING    Para 449: outer loop error: '<win32com.gen_py.Microsoft Word 16.0 Object Library.Style instance at 0x2668537090032>' object has no attribute 'Name'
2026-06-11 15:02:10  WARNING    Para 450: outer loop error: '<win32com.gen_py.Microsoft Word 16.0 Object Library.Style instance at 0x2668537031696>' object has no attribute 'Name'
2026-06-11 15:02:10  WARNING    Para 451: outer loop error: '<win32com.gen_py.Microsoft Word 16.0 Object Library.Style instance at 0x2668537090032>' object has no attribute 'Name'
2026-06-11 15:02:10  WARNING    Para 452: outer loop error: '<win32com.gen_py.Microsoft Word 16.0 Object Library.Style instance at 0x2668537031696>' object has no attribute 'Name'
2026-06-11 15:02:10  WARNING    Para 453: outer loop error: '<win32com.gen_py.Microsoft Word 16.0 Object Library.Style instance at 0x2668537090032>' object has no attribute 'Name'
2026-06-11 15:02:10  WARNING    Para 454: outer loop error: '<win32com.gen_py.Microsoft Word 16.0 Object Library.Style instance at 0x2668537031696>' object has no attribute 'Name'
2026-06-11 15:02:10  WARNING    Para 455: outer loop error: '<win32com.gen_py.Microsoft Word 16.0 Object Library.Style instance at 0x2668537090032>' object has no attribute 'Name'
2026-06-11 15:02:10  WARNING    Para 456: outer loop error: '<win32com.gen_py.Microsoft Word 16.0 Object Library.Style instance at 0x2668537031696>' object has no attribute 'Name'
2026-06-11 15:02:10  WARNING    Para 457: outer loop error: '<win32com.gen_py.Microsoft Word 16.0 Object Library.Style instance at 0x2668537090032>' object has no attribute 'Name'
2026-06-11 15:02:10  WARNING    Para 458: outer loop error: '<win32com.gen_py.Microsoft Word 16.0 Object Library.Style instance at 0x2668537031696>' object has no attribute 'Name'
2026-06-11 15:02:10  WARNING    Para 459: outer loop error: '<win32com.gen_py.Microsoft Word 16.0 Object Library.Style instance at 0x2668537090032>' object has no attribute 'Name'
2026-06-11 15:02:10  WARNING    Para 460: outer loop error: '<win32com.gen_py.Microsoft Word 16.0 Object Library.Style instance at 0x2668537031696>' object has no attribute 'Name'
2026-06-11 15:02:10  WARNING    Para 461: outer loop error: '<win32com.gen_py.Microsoft Word 16.0 Object Library.Style instance at 0x2668537090032>' object has no attribute 'Name'
2026-06-11 15:02:10  WARNING    Para 462: outer loop error: '<win32com.gen_py.Microsoft Word 16.0 Object Library.Style instance at 0x2668537031696>' object has no attribute 'Name'
2026-06-11 15:02:10  WARNING    Para 463: outer loop error: '<win32com.gen_py.Microsoft Word 16.0 Object Library.Style instance at 0x2668537090032>' object has no attribute 'Name'
2026-06-11 15:02:10  WARNING    Para 464: outer loop error: '<win32com.gen_py.Microsoft Word 16.0 Object Library.Style instance at 0x2668537031696>' object has no attribute 'Name'
2026-06-11 15:02:10  WARNING    Para 465: outer loop error: '<win32com.gen_py.Microsoft Word 16.0 Object Library.Style instance at 0x2668537090032>' object has no attribute 'Name'
2026-06-11 15:02:10  WARNING    Para 466: outer loop error: '<win32com.gen_py.Microsoft Word 16.0 Object Library.Style instance at 0x2668537031696>' object has no attribute 'Name'
2026-06-11 15:02:10  WARNING    Para 467: outer loop error: '<win32com.gen_py.Microsoft Word 16.0 Object Library.Style instance at 0x2668537090032>' object has no attribute 'Name'
2026-06-11 15:02:10  WARNING    Para 468: outer loop error: '<win32com.gen_py.Microsoft Word 16.0 Object Library.Style instance at 0x2668537031696>' object has no attribute 'Name'
2026-06-11 15:02:10  WARNING    Para 469: outer loop error: '<win32com.gen_py.Microsoft Word 16.0 Object Library.Style instance at 0x2668537090032>' object has no attribute 'Name'
2026-06-11 15:02:10  WARNING    Para 470: outer loop error: '<win32com.gen_py.Microsoft Word 16.0 Object Library.Style instance at 0x2668537031696>' object has no attribute 'Name'
2026-06-11 15:02:10  WARNING    Para 471: outer loop error: '<win32com.gen_py.Microsoft Word 16.0 Object Library.Style instance at 0x2668537090032>' object has no attribute 'Name'
2026-06-11 15:02:10  WARNING    Para 472: outer loop error: '<win32com.gen_py.Microsoft Word 16.0 Object Library.Style instance at 0x2668537031696>' object has no attribute 'Name'
2026-06-11 15:02:10  WARNING    Para 473: outer loop error: '<win32com.gen_py.Microsoft Word 16.0 Object Library.Style instance at 0x2668537090032>' object has no attribute 'Name'
2026-06-11 15:02:10  WARNING    Para 474: outer loop error: '<win32com.gen_py.Microsoft Word 16.0 Object Library.Style instance at 0x2668537031696>' object has no attribute 'Name'
2026-06-11 15:02:10  WARNING    Para 475: outer loop error: '<win32com.gen_py.Microsoft Word 16.0 Object Library.Style instance at 0x2668537090032>' object has no attribute 'Name'
2026-06-11 15:02:10  WARNING    Para 476: outer loop error: '<win32com.gen_py.Microsoft Word 16.0 Object Library.Style instance at 0x2668537031696>' object has no attribute 'Name'
2026-06-11 15:02:10  WARNING    Para 477: outer loop error: '<win32com.gen_py.Microsoft Word 16.0 Object Library.Style instance at 0x2668537090032>' object has no attribute 'Name'
2026-06-11 15:02:10  WARNING    Para 478: outer loop error: '<win32com.gen_py.Microsoft Word 16.0 Object Library.Style instance at 0x2668537031696>' object has no attribute 'Name'
2026-06-11 15:02:10  WARNING    Para 479: outer loop error: '<win32com.gen_py.Microsoft Word 16.0 Object Library.Style instance at 0x2668537090032>' object has no attribute 'Name'
2026-06-11 15:02:10  WARNING    Para 480: outer loop error: '<win32com.gen_py.Microsoft Word 16.0 Object Library.Style instance at 0x2668537031696>' object has no attribute 'Name'
2026-06-11 15:02:10  WARNING    Para 481: outer loop error: '<win32com.gen_py.Microsoft Word 16.0 Object Library.Style instance at 0x2668537090032>' object has no attribute 'Name'
2026-06-11 15:02:10  WARNING    Para 482: outer loop error: '<win32com.gen_py.Microsoft Word 16.0 Object Library.Style instance at 0x2668537031696>' object has no attribute 'Name'
2026-06-11 15:02:11  WARNING    Para 483: outer loop error: '<win32com.gen_py.Microsoft Word 16.0 Object Library.Style instance at 0x2668537090032>' object has no attribute 'Name'
2026-06-11 15:02:11  WARNING    Para 484: outer loop error: '<win32com.gen_py.Microsoft Word 16.0 Object Library.Style instance at 0x2668537031696>' object has no attribute 'Name'
2026-06-11 15:02:11  WARNING    Para 485: outer loop error: '<win32com.gen_py.Microsoft Word 16.0 Object Library.Style instance at 0x2668537090032>' object has no attribute 'Name'
2026-06-11 15:02:11  WARNING    Para 486: outer loop error: '<win32com.gen_py.Microsoft Word 16.0 Object Library.Style instance at 0x2668537031696>' object has no attribute 'Name'
2026-06-11 15:02:11  WARNING    Para 487: outer loop error: '<win32com.gen_py.Microsoft Word 16.0 Object Library.Style instance at 0x2668537090032>' object has no attribute 'Name'
2026-06-11 15:02:11  WARNING    Para 488: outer loop error: '<win32com.gen_py.Microsoft Word 16.0 Object Library.Style instance at 0x2668537031696>' object has no attribute 'Name'
2026-06-11 15:02:11  WARNING    Para 489: outer loop error: '<win32com.gen_py.Microsoft Word 16.0 Object Library.Style instance at 0x2668537090032>' object has no attribute 'Name'
2026-06-11 15:02:11  WARNING    Para 490: outer loop error: '<win32com.gen_py.Microsoft Word 16.0 Object Library.Style instance at 0x2668537031696>' object has no attribute 'Name'
2026-06-11 15:02:11  WARNING    Para 491: outer loop error: '<win32com.gen_py.Microsoft Word 16.0 Object Library.Style instance at 0x2668537090032>' object has no attribute 'Name'
2026-06-11 15:02:11  WARNING    Para 492: outer loop error: '<win32com.gen_py.Microsoft Word 16.0 Object Library.Style instance at 0x2668537031696>' object has no attribute 'Name'
2026-06-11 15:02:11  WARNING    Para 493: outer loop error: '<win32com.gen_py.Microsoft Word 16.0 Object Library.Style instance at 0x2668537090032>' object has no attribute 'Name'
2026-06-11 15:02:11  WARNING    Para 494: outer loop error: '<win32com.gen_py.Microsoft Word 16.0 Object Library.Style instance at 0x2668537031696>' object has no attribute 'Name'
2026-06-11 15:02:11  WARNING    Para 495: outer loop error: '<win32com.gen_py.Microsoft Word 16.0 Object Library.Style instance at 0x2668537090032>' object has no attribute 'Name'
2026-06-11 15:02:11  WARNING    Para 496: outer loop error: '<win32com.gen_py.Microsoft Word 16.0 Object Library.Style instance at 0x2668537031696>' object has no attribute 'Name'
2026-06-11 15:02:11  WARNING    Para 497: outer loop error: '<win32com.gen_py.Microsoft Word 16.0 Object Library.Style instance at 0x2668537090032>' object has no attribute 'Name'
2026-06-11 15:02:11  WARNING    Para 498: outer loop error: '<win32com.gen_py.Microsoft Word 16.0 Object Library.Style instance at 0x2668537031696>' object has no attribute 'Name'
2026-06-11 15:02:11  WARNING    Para 499: outer loop error: '<win32com.gen_py.Microsoft Word 16.0 Object Library.Style instance at 0x2668537090032>' object has no attribute 'Name'
2026-06-11 15:02:11  WARNING    Para 500: outer loop error: '<win32com.gen_py.Microsoft Word 16.0 Object Library.Style instance at 0x2668537031696>' object has no attribute 'Name'
2026-06-11 15:02:11  WARNING    Para 501: outer loop error: '<win32com.gen_py.Microsoft Word 16.0 Object Library.Style instance at 0x2668537090032>' object has no attribute 'Name'
2026-06-11 15:02:11  WARNING    Para 502: outer loop error: '<win32com.gen_py.Microsoft Word 16.0 Object Library.Style instance at 0x2668537031696>' object has no attribute 'Name'
2026-06-11 15:02:11  WARNING    Para 503: outer loop error: '<win32com.gen_py.Microsoft Word 16.0 Object Library.Style instance at 0x2668537090032>' object has no attribute 'Name'
2026-06-11 15:02:11  WARNING    Para 504: outer loop error: '<win32com.gen_py.Microsoft Word 16.0 Object Library.Style instance at 0x2668537031696>' object has no attribute 'Name'
2026-06-11 15:02:11  WARNING    Para 505: outer loop error: '<win32com.gen_py.Microsoft Word 16.0 Object Library.Style instance at 0x2668537090032>' object has no attribute 'Name'
2026-06-11 15:02:11  WARNING    Para 506: outer loop error: '<win32com.gen_py.Microsoft Word 16.0 Object Library.Style instance at 0x2668537031696>' object has no attribute 'Name'
2026-06-11 15:02:11  WARNING    Para 507: outer loop error: '<win32com.gen_py.Microsoft Word 16.0 Object Library.Style instance at 0x2668537090032>' object has no attribute 'Name'
2026-06-11 15:02:11  WARNING    Para 508: outer loop error: '<win32com.gen_py.Microsoft Word 16.0 Object Library.Style instance at 0x2668537031696>' object has no attribute 'Name'
2026-06-11 15:02:11  WARNING    Para 509: outer loop error: '<win32com.gen_py.Microsoft Word 16.0 Object Library.Style instance at 0x2668537090032>' object has no attribute 'Name'
2026-06-11 15:02:11  WARNING    Para 510: outer loop error: '<win32com.gen_py.Microsoft Word 16.0 Object Library.Style instance at 0x2668537031696>' object has no attribute 'Name'
2026-06-11 15:02:11  WARNING    Para 511: outer loop error: '<win32com.gen_py.Microsoft Word 16.0 Object Library.Style instance at 0x2668537090032>' object has no attribute 'Name'
2026-06-11 15:02:11  WARNING    Para 512: outer loop error: '<win32com.gen_py.Microsoft Word 16.0 Object Library.Style instance at 0x2668537031696>' object has no attribute 'Name'
2026-06-11 15:02:11  WARNING    Para 513: outer loop error: '<win32com.gen_py.Microsoft Word 16.0 Object Library.Style instance at 0x2668537090032>' object has no attribute 'Name'
2026-06-11 15:02:11  WARNING    Para 514: outer loop error: '<win32com.gen_py.Microsoft Word 16.0 Object Library.Style instance at 0x2668537031696>' object has no attribute 'Name'
2026-06-11 15:02:11  WARNING    Para 515: outer loop error: '<win32com.gen_py.Microsoft Word 16.0 Object Library.Style instance at 0x2668537090032>' object has no attribute 'Name'
2026-06-11 15:02:11  WARNING    Para 516: outer loop error: '<win32com.gen_py.Microsoft Word 16.0 Object Library.Style instance at 0x2668537031696>' object has no attribute 'Name'
2026-06-11 15:02:11  WARNING    Para 517: outer loop error: '<win32com.gen_py.Microsoft Word 16.0 Object Library.Style instance at 0x2668537090032>' object has no attribute 'Name'
2026-06-11 15:02:11  WARNING    Para 518: outer loop error: '<win32com.gen_py.Microsoft Word 16.0 Object Library.Style instance at 0x2668537031696>' object has no attribute 'Name'
2026-06-11 15:02:11  WARNING    Para 519: outer loop error: '<win32com.gen_py.Microsoft Word 16.0 Object Library.Style instance at 0x2668537090032>' object has no attribute 'Name'
2026-06-11 15:02:11  WARNING    Para 520: outer loop error: '<win32com.gen_py.Microsoft Word 16.0 Object Library.Style instance at 0x2668537031696>' object has no attribute 'Name'
2026-06-11 15:02:11  WARNING    Para 521: outer loop error: '<win32com.gen_py.Microsoft Word 16.0 Object Library.Style instance at 0x2668537090032>' object has no attribute 'Name'
2026-06-11 15:02:11  WARNING    Para 522: outer loop error: '<win32com.gen_py.Microsoft Word 16.0 Object Library.Style instance at 0x2668537031696>' object has no attribute 'Name'
2026-06-11 15:02:11  WARNING    Para 523: outer loop error: '<win32com.gen_py.Microsoft Word 16.0 Object Library.Style instance at 0x2668537090032>' object has no attribute 'Name'
2026-06-11 15:02:11  WARNING    Para 524: outer loop error: '<win32com.gen_py.Microsoft Word 16.0 Object Library.Style instance at 0x2668537031696>' object has no attribute 'Name'
2026-06-11 15:02:11  WARNING    Para 525: outer loop error: '<win32com.gen_py.Microsoft Word 16.0 Object Library.Style instance at 0x2668537090032>' object has no attribute 'Name'
2026-06-11 15:02:11  WARNING    Para 526: outer loop error: '<win32com.gen_py.Microsoft Word 16.0 Object Library.Style instance at 0x2668537031696>' object has no attribute 'Name'
2026-06-11 15:02:11  WARNING    Para 527: outer loop error: '<win32com.gen_py.Microsoft Word 16.0 Object Library.Style instance at 0x2668537090032>' object has no attribute 'Name'
2026-06-11 15:02:11  WARNING    Para 528: outer loop error: '<win32com.gen_py.Microsoft Word 16.0 Object Library.Style instance at 0x2668537031696>' object has no attribute 'Name'
2026-06-11 15:02:11  WARNING    Para 529: outer loop error: '<win32com.gen_py.Microsoft Word 16.0 Object Library.Style instance at 0x2668537090032>' object has no attribute 'Name'
2026-06-11 15:02:11  WARNING    Para 530: outer loop error: '<win32com.gen_py.Microsoft Word 16.0 Object Library.Style instance at 0x2668537031696>' object has no attribute 'Name'
2026-06-11 15:02:11  WARNING    Para 531: outer loop error: '<win32com.gen_py.Microsoft Word 16.0 Object Library.Style instance at 0x2668537090032>' object has no attribute 'Name'
2026-06-11 15:02:12  WARNING    Para 532: outer loop error: '<win32com.gen_py.Microsoft Word 16.0 Object Library.Style instance at 0x2668537031696>' object has no attribute 'Name'
2026-06-11 15:02:12  WARNING    Para 533: outer loop error: '<win32com.gen_py.Microsoft Word 16.0 Object Library.Style instance at 0x2668537090032>' object has no attribute 'Name'
2026-06-11 15:02:12  WARNING    Para 534: outer loop error: '<win32com.gen_py.Microsoft Word 16.0 Object Library.Style instance at 0x2668537031696>' object has no attribute 'Name'
2026-06-11 15:02:12  WARNING    Para 535: outer loop error: '<win32com.gen_py.Microsoft Word 16.0 Object Library.Style instance at 0x2668537090032>' object has no attribute 'Name'
2026-06-11 15:02:12  WARNING    Para 536: outer loop error: '<win32com.gen_py.Microsoft Word 16.0 Object Library.Style instance at 0x2668537031696>' object has no attribute 'Name'
2026-06-11 15:02:12  WARNING    Para 537: outer loop error: '<win32com.gen_py.Microsoft Word 16.0 Object Library.Style instance at 0x2668537090032>' object has no attribute 'Name'
2026-06-11 15:02:12  WARNING    Para 538: outer loop error: '<win32com.gen_py.Microsoft Word 16.0 Object Library.Style instance at 0x2668537031696>' object has no attribute 'Name'
2026-06-11 15:02:12  WARNING    Para 539: outer loop error: '<win32com.gen_py.Microsoft Word 16.0 Object Library.Style instance at 0x2668537090032>' object has no attribute 'Name'
2026-06-11 15:02:12  WARNING    Para 540: outer loop error: '<win32com.gen_py.Microsoft Word 16.0 Object Library.Style instance at 0x2668537031696>' object has no attribute 'Name'
2026-06-11 15:02:12  WARNING    Para 541: outer loop error: '<win32com.gen_py.Microsoft Word 16.0 Object Library.Style instance at 0x2668537090032>' object has no attribute 'Name'
2026-06-11 15:02:12  WARNING    Para 542: outer loop error: '<win32com.gen_py.Microsoft Word 16.0 Object Library.Style instance at 0x2668537031696>' object has no attribute 'Name'
2026-06-11 15:02:12  WARNING    Para 543: outer loop error: '<win32com.gen_py.Microsoft Word 16.0 Object Library.Style instance at 0x2668537090032>' object has no attribute 'Name'
2026-06-11 15:02:12  WARNING    Para 544: outer loop error: '<win32com.gen_py.Microsoft Word 16.0 Object Library.Style instance at 0x2668537031696>' object has no attribute 'Name'
2026-06-11 15:02:12  WARNING    Para 545: outer loop error: '<win32com.gen_py.Microsoft Word 16.0 Object Library.Style instance at 0x2668537090032>' object has no attribute 'Name'
2026-06-11 15:02:12  WARNING    Para 546: outer loop error: '<win32com.gen_py.Microsoft Word 16.0 Object Library.Style instance at 0x2668537031696>' object has no attribute 'Name'
2026-06-11 15:02:12  WARNING    Para 547: outer loop error: '<win32com.gen_py.Microsoft Word 16.0 Object Library.Style instance at 0x2668537090032>' object has no attribute 'Name'
2026-06-11 15:02:12  WARNING    Para 548: outer loop error: '<win32com.gen_py.Microsoft Word 16.0 Object Library.Style instance at 0x2668537031696>' object has no attribute 'Name'
2026-06-11 15:02:12  WARNING    Para 549: outer loop error: '<win32com.gen_py.Microsoft Word 16.0 Object Library.Style instance at 0x2668537090032>' object has no attribute 'Name'
2026-06-11 15:02:12  WARNING    Para 550: outer loop error: '<win32com.gen_py.Microsoft Word 16.0 Object Library.Style instance at 0x2668537031696>' object has no attribute 'Name'
2026-06-11 15:02:12  WARNING    Para 551: outer loop error: '<win32com.gen_py.Microsoft Word 16.0 Object Library.Style instance at 0x2668537090032>' object has no attribute 'Name'
2026-06-11 15:02:12  WARNING    Para 552: outer loop error: '<win32com.gen_py.Microsoft Word 16.0 Object Library.Style instance at 0x2668537031696>' object has no attribute 'Name'
2026-06-11 15:02:12  WARNING    Para 553: outer loop error: '<win32com.gen_py.Microsoft Word 16.0 Object Library.Style instance at 0x2668537090032>' object has no attribute 'Name'
2026-06-11 15:02:12  WARNING    Para 554: outer loop error: '<win32com.gen_py.Microsoft Word 16.0 Object Library.Style instance at 0x2668537031696>' object has no attribute 'Name'
2026-06-11 15:02:12  WARNING    Para 555: outer loop error: '<win32com.gen_py.Microsoft Word 16.0 Object Library.Style instance at 0x2668537090032>' object has no attribute 'Name'
2026-06-11 15:02:12  WARNING    Para 556: outer loop error: '<win32com.gen_py.Microsoft Word 16.0 Object Library.Style instance at 0x2668537031696>' object has no attribute 'Name'
2026-06-11 15:02:12  WARNING    Para 557: outer loop error: '<win32com.gen_py.Microsoft Word 16.0 Object Library.Style instance at 0x2668537090032>' object has no attribute 'Name'
2026-06-11 15:02:12  WARNING    Para 558: outer loop error: '<win32com.gen_py.Microsoft Word 16.0 Object Library.Style instance at 0x2668537031696>' object has no attribute 'Name'
2026-06-11 15:02:12  WARNING    Para 559: outer loop error: '<win32com.gen_py.Microsoft Word 16.0 Object Library.Style instance at 0x2668537090032>' object has no attribute 'Name'
2026-06-11 15:02:12  WARNING    Para 560: outer loop error: '<win32com.gen_py.Microsoft Word 16.0 Object Library.Style instance at 0x2668537031696>' object has no attribute 'Name'
2026-06-11 15:02:12  WARNING    Para 561: outer loop error: '<win32com.gen_py.Microsoft Word 16.0 Object Library.Style instance at 0x2668537090032>' object has no attribute 'Name'
2026-06-11 15:02:12  WARNING    Para 562: outer loop error: '<win32com.gen_py.Microsoft Word 16.0 Object Library.Style instance at 0x2668537031696>' object has no attribute 'Name'
2026-06-11 15:02:12  WARNING    Para 563: outer loop error: '<win32com.gen_py.Microsoft Word 16.0 Object Library.Style instance at 0x2668537090032>' object has no attribute 'Name'
2026-06-11 15:02:12  WARNING    Para 564: outer loop error: '<win32com.gen_py.Microsoft Word 16.0 Object Library.Style instance at 0x2668537031696>' object has no attribute 'Name'
2026-06-11 15:02:12  WARNING    Para 565: outer loop error: '<win32com.gen_py.Microsoft Word 16.0 Object Library.Style instance at 0x2668537090032>' object has no attribute 'Name'
2026-06-11 15:02:12  WARNING    Para 566: outer loop error: '<win32com.gen_py.Microsoft Word 16.0 Object Library.Style instance at 0x2668537031696>' object has no attribute 'Name'
2026-06-11 15:02:12  WARNING    Para 567: outer loop error: '<win32com.gen_py.Microsoft Word 16.0 Object Library.Style instance at 0x2668537090032>' object has no attribute 'Name'
2026-06-11 15:02:12  WARNING    Para 568: outer loop error: '<win32com.gen_py.Microsoft Word 16.0 Object Library.Style instance at 0x2668537031696>' object has no attribute 'Name'
2026-06-11 15:02:12  WARNING    Para 569: outer loop error: '<win32com.gen_py.Microsoft Word 16.0 Object Library.Style instance at 0x2668537090032>' object has no attribute 'Name'
2026-06-11 15:02:12  WARNING    Para 570: outer loop error: '<win32com.gen_py.Microsoft Word 16.0 Object Library.Style instance at 0x2668537031696>' object has no attribute 'Name'
2026-06-11 15:02:12  WARNING    Para 571: outer loop error: '<win32com.gen_py.Microsoft Word 16.0 Object Library.Style instance at 0x2668537090032>' object has no attribute 'Name'
2026-06-11 15:02:12  WARNING    Para 572: outer loop error: '<win32com.gen_py.Microsoft Word 16.0 Object Library.Style instance at 0x2668537031696>' object has no attribute 'Name'
2026-06-11 15:02:12  WARNING    Para 573: outer loop error: '<win32com.gen_py.Microsoft Word 16.0 Object Library.Style instance at 0x2668537090032>' object has no attribute 'Name'
2026-06-11 15:02:12  WARNING    Para 574: outer loop error: '<win32com.gen_py.Microsoft Word 16.0 Object Library.Style instance at 0x2668537031696>' object has no attribute 'Name'
2026-06-11 15:02:12  WARNING    Para 575: outer loop error: '<win32com.gen_py.Microsoft Word 16.0 Object Library.Style instance at 0x2668537090032>' object has no attribute 'Name'
2026-06-11 15:02:12  WARNING    Para 576: outer loop error: '<win32com.gen_py.Microsoft Word 16.0 Object Library.Style instance at 0x2668537031696>' object has no attribute 'Name'
2026-06-11 15:02:12  WARNING    Para 577: outer loop error: '<win32com.gen_py.Microsoft Word 16.0 Object Library.Style instance at 0x2668537090032>' object has no attribute 'Name'
2026-06-11 15:02:12  WARNING    Para 578: outer loop error: '<win32com.gen_py.Microsoft Word 16.0 Object Library.Style instance at 0x2668537031696>' object has no attribute 'Name'
2026-06-11 15:02:13  WARNING    Para 579: outer loop error: '<win32com.gen_py.Microsoft Word 16.0 Object Library.Style instance at 0x2668537090032>' object has no attribute 'Name'
2026-06-11 15:02:13  WARNING    Para 580: outer loop error: '<win32com.gen_py.Microsoft Word 16.0 Object Library.Style instance at 0x2668537031696>' object has no attribute 'Name'
2026-06-11 15:02:13  WARNING    Para 581: outer loop error: '<win32com.gen_py.Microsoft Word 16.0 Object Library.Style instance at 0x2668537090032>' object has no attribute 'Name'
2026-06-11 15:02:13  WARNING    Para 582: outer loop error: '<win32com.gen_py.Microsoft Word 16.0 Object Library.Style instance at 0x2668537031696>' object has no attribute 'Name'
2026-06-11 15:02:13  WARNING    Para 583: outer loop error: '<win32com.gen_py.Microsoft Word 16.0 Object Library.Style instance at 0x2668537090032>' object has no attribute 'Name'
2026-06-11 15:02:13  WARNING    Para 584: outer loop error: '<win32com.gen_py.Microsoft Word 16.0 Object Library.Style instance at 0x2668537031696>' object has no attribute 'Name'
2026-06-11 15:02:13  WARNING    Para 585: outer loop error: '<win32com.gen_py.Microsoft Word 16.0 Object Library.Style instance at 0x2668537090032>' object has no attribute 'Name'
2026-06-11 15:02:13  WARNING    Para 586: outer loop error: '<win32com.gen_py.Microsoft Word 16.0 Object Library.Style instance at 0x2668537031696>' object has no attribute 'Name'
2026-06-11 15:02:13  WARNING    Para 587: outer loop error: '<win32com.gen_py.Microsoft Word 16.0 Object Library.Style instance at 0x2668537090032>' object has no attribute 'Name'
2026-06-11 15:02:13  WARNING    Para 588: outer loop error: '<win32com.gen_py.Microsoft Word 16.0 Object Library.Style instance at 0x2668537031696>' object has no attribute 'Name'
2026-06-11 15:02:13  WARNING    Para 589: outer loop error: '<win32com.gen_py.Microsoft Word 16.0 Object Library.Style instance at 0x2668537090032>' object has no attribute 'Name'
2026-06-11 15:02:13  WARNING    Para 590: outer loop error: '<win32com.gen_py.Microsoft Word 16.0 Object Library.Style instance at 0x2668537031696>' object has no attribute 'Name'
2026-06-11 15:02:13  WARNING    Para 591: outer loop error: '<win32com.gen_py.Microsoft Word 16.0 Object Library.Style instance at 0x2668537090032>' object has no attribute 'Name'
2026-06-11 15:02:13  WARNING    Para 592: outer loop error: '<win32com.gen_py.Microsoft Word 16.0 Object Library.Style instance at 0x2668537031696>' object has no attribute 'Name'
2026-06-11 15:02:13  WARNING    Para 593: outer loop error: '<win32com.gen_py.Microsoft Word 16.0 Object Library.Style instance at 0x2668537090032>' object has no attribute 'Name'
2026-06-11 15:02:13  WARNING    Para 594: outer loop error: '<win32com.gen_py.Microsoft Word 16.0 Object Library.Style instance at 0x2668537031696>' object has no attribute 'Name'
2026-06-11 15:02:13  WARNING    Para 595: outer loop error: '<win32com.gen_py.Microsoft Word 16.0 Object Library.Style instance at 0x2668537090032>' object has no attribute 'Name'
2026-06-11 15:02:13  WARNING    Para 596: outer loop error: '<win32com.gen_py.Microsoft Word 16.0 Object Library.Style instance at 0x2668537031696>' object has no attribute 'Name'
2026-06-11 15:02:13  WARNING    Para 597: outer loop error: '<win32com.gen_py.Microsoft Word 16.0 Object Library.Style instance at 0x2668537090032>' object has no attribute 'Name'
2026-06-11 15:02:13  WARNING    Para 598: outer loop error: '<win32com.gen_py.Microsoft Word 16.0 Object Library.Style instance at 0x2668537031696>' object has no attribute 'Name'
2026-06-11 15:02:13  WARNING    Para 599: outer loop error: '<win32com.gen_py.Microsoft Word 16.0 Object Library.Style instance at 0x2668537090032>' object has no attribute 'Name'
2026-06-11 15:02:13  WARNING    Para 600: outer loop error: '<win32com.gen_py.Microsoft Word 16.0 Object Library.Style instance at 0x2668537031696>' object has no attribute 'Name'
2026-06-11 15:02:13  WARNING    Para 601: outer loop error: '<win32com.gen_py.Microsoft Word 16.0 Object Library.Style instance at 0x2668537090032>' object has no attribute 'Name'
2026-06-11 15:02:13  WARNING    Para 602: outer loop error: '<win32com.gen_py.Microsoft Word 16.0 Object Library.Style instance at 0x2668537031696>' object has no attribute 'Name'
2026-06-11 15:02:13  WARNING    Para 603: outer loop error: '<win32com.gen_py.Microsoft Word 16.0 Object Library.Style instance at 0x2668537090032>' object has no attribute 'Name'
2026-06-11 15:02:13  WARNING    Para 604: outer loop error: '<win32com.gen_py.Microsoft Word 16.0 Object Library.Style instance at 0x2668537031696>' object has no attribute 'Name'
2026-06-11 15:02:13  WARNING    Para 605: outer loop error: '<win32com.gen_py.Microsoft Word 16.0 Object Library.Style instance at 0x2668537090032>' object has no attribute 'Name'
2026-06-11 15:02:13  WARNING    Para 606: outer loop error: '<win32com.gen_py.Microsoft Word 16.0 Object Library.Style instance at 0x2668537031696>' object has no attribute 'Name'
2026-06-11 15:02:13  WARNING    Para 607: outer loop error: '<win32com.gen_py.Microsoft Word 16.0 Object Library.Style instance at 0x2668537090032>' object has no attribute 'Name'
2026-06-11 15:02:13  WARNING    Para 608: outer loop error: '<win32com.gen_py.Microsoft Word 16.0 Object Library.Style instance at 0x2668537031696>' object has no attribute 'Name'
2026-06-11 15:02:13  WARNING    Para 609: outer loop error: '<win32com.gen_py.Microsoft Word 16.0 Object Library.Style instance at 0x2668537090032>' object has no attribute 'Name'
2026-06-11 15:02:13  WARNING    Para 610: outer loop error: '<win32com.gen_py.Microsoft Word 16.0 Object Library.Style instance at 0x2668537031696>' object has no attribute 'Name'
2026-06-11 15:02:13  WARNING    Para 611: outer loop error: '<win32com.gen_py.Microsoft Word 16.0 Object Library.Style instance at 0x2668537090032>' object has no attribute 'Name'
2026-06-11 15:02:13  WARNING    Para 612: outer loop error: '<win32com.gen_py.Microsoft Word 16.0 Object Library.Style instance at 0x2668537031696>' object has no attribute 'Name'
2026-06-11 15:02:13  WARNING    Para 613: outer loop error: '<win32com.gen_py.Microsoft Word 16.0 Object Library.Style instance at 0x2668537090032>' object has no attribute 'Name'
2026-06-11 15:02:13  WARNING    Para 614: outer loop error: '<win32com.gen_py.Microsoft Word 16.0 Object Library.Style instance at 0x2668537031696>' object has no attribute 'Name'
2026-06-11 15:02:13  WARNING    Para 615: outer loop error: '<win32com.gen_py.Microsoft Word 16.0 Object Library.Style instance at 0x2668537090032>' object has no attribute 'Name'
2026-06-11 15:02:13  WARNING    Para 616: outer loop error: '<win32com.gen_py.Microsoft Word 16.0 Object Library.Style instance at 0x2668537031696>' object has no attribute 'Name'
2026-06-11 15:02:13  WARNING    Para 617: outer loop error: '<win32com.gen_py.Microsoft Word 16.0 Object Library.Style instance at 0x2668537090032>' object has no attribute 'Name'
2026-06-11 15:02:13  WARNING    Para 618: outer loop error: '<win32com.gen_py.Microsoft Word 16.0 Object Library.Style instance at 0x2668537031696>' object has no attribute 'Name'
2026-06-11 15:02:13  WARNING    Para 619: outer loop error: '<win32com.gen_py.Microsoft Word 16.0 Object Library.Style instance at 0x2668537090032>' object has no attribute 'Name'
2026-06-11 15:02:13  WARNING    Para 620: outer loop error: '<win32com.gen_py.Microsoft Word 16.0 Object Library.Style instance at 0x2668537031696>' object has no attribute 'Name'
2026-06-11 15:02:13  WARNING    Para 621: outer loop error: '<win32com.gen_py.Microsoft Word 16.0 Object Library.Style instance at 0x2668537090032>' object has no attribute 'Name'
2026-06-11 15:02:13  WARNING    Para 622: outer loop error: '<win32com.gen_py.Microsoft Word 16.0 Object Library.Style instance at 0x2668537031696>' object has no attribute 'Name'
2026-06-11 15:02:13  WARNING    Para 623: outer loop error: '<win32com.gen_py.Microsoft Word 16.0 Object Library.Style instance at 0x2668537090032>' object has no attribute 'Name'
2026-06-11 15:02:13  WARNING    Para 624: outer loop error: '<win32com.gen_py.Microsoft Word 16.0 Object Library.Style instance at 0x2668537031696>' object has no attribute 'Name'
2026-06-11 15:02:13  WARNING    Para 625: outer loop error: '<win32com.gen_py.Microsoft Word 16.0 Object Library.Style instance at 0x2668537090032>' object has no attribute 'Name'
2026-06-11 15:02:14  WARNING    Para 626: outer loop error: '<win32com.gen_py.Microsoft Word 16.0 Object Library.Style instance at 0x2668537031696>' object has no attribute 'Name'
2026-06-11 15:02:14  WARNING    Para 627: outer loop error: '<win32com.gen_py.Microsoft Word 16.0 Object Library.Style instance at 0x2668537090032>' object has no attribute 'Name'
2026-06-11 15:02:14  WARNING    Para 628: outer loop error: '<win32com.gen_py.Microsoft Word 16.0 Object Library.Style instance at 0x2668537031696>' object has no attribute 'Name'
2026-06-11 15:02:14  WARNING    Para 629: outer loop error: '<win32com.gen_py.Microsoft Word 16.0 Object Library.Style instance at 0x2668537090032>' object has no attribute 'Name'
2026-06-11 15:02:14  WARNING    Para 630: outer loop error: '<win32com.gen_py.Microsoft Word 16.0 Object Library.Style instance at 0x2668537031696>' object has no attribute 'Name'
2026-06-11 15:02:14  WARNING    Para 631: outer loop error: '<win32com.gen_py.Microsoft Word 16.0 Object Library.Style instance at 0x2668537090032>' object has no attribute 'Name'
2026-06-11 15:02:14  WARNING    Para 632: outer loop error: '<win32com.gen_py.Microsoft Word 16.0 Object Library.Style instance at 0x2668537031696>' object has no attribute 'Name'
2026-06-11 15:02:14  WARNING    Para 633: outer loop error: '<win32com.gen_py.Microsoft Word 16.0 Object Library.Style instance at 0x2668537090032>' object has no attribute 'Name'
2026-06-11 15:02:14  WARNING    Para 634: outer loop error: '<win32com.gen_py.Microsoft Word 16.0 Object Library.Style instance at 0x2668537031696>' object has no attribute 'Name'
2026-06-11 15:02:14  WARNING    Para 635: outer loop error: '<win32com.gen_py.Microsoft Word 16.0 Object Library.Style instance at 0x2668537090032>' object has no attribute 'Name'
2026-06-11 15:02:14  WARNING    Para 636: outer loop error: '<win32com.gen_py.Microsoft Word 16.0 Object Library.Style instance at 0x2668537031696>' object has no attribute 'Name'
2026-06-11 15:02:14  WARNING    Para 637: outer loop error: '<win32com.gen_py.Microsoft Word 16.0 Object Library.Style instance at 0x2668537090032>' object has no attribute 'Name'
2026-06-11 15:02:14  WARNING    Para 638: outer loop error: '<win32com.gen_py.Microsoft Word 16.0 Object Library.Style instance at 0x2668537031696>' object has no attribute 'Name'
2026-06-11 15:02:14  WARNING    Para 639: outer loop error: '<win32com.gen_py.Microsoft Word 16.0 Object Library.Style instance at 0x2668537090032>' object has no attribute 'Name'
2026-06-11 15:02:14  WARNING    Para 640: outer loop error: '<win32com.gen_py.Microsoft Word 16.0 Object Library.Style instance at 0x2668537031696>' object has no attribute 'Name'
2026-06-11 15:02:14  WARNING    Para 641: outer loop error: '<win32com.gen_py.Microsoft Word 16.0 Object Library.Style instance at 0x2668537090032>' object has no attribute 'Name'
2026-06-11 15:02:14  WARNING    Para 642: outer loop error: '<win32com.gen_py.Microsoft Word 16.0 Object Library.Style instance at 0x2668537031696>' object has no attribute 'Name'
2026-06-11 15:02:14  WARNING    Para 643: outer loop error: '<win32com.gen_py.Microsoft Word 16.0 Object Library.Style instance at 0x2668537090032>' object has no attribute 'Name'
2026-06-11 15:02:14  WARNING    Para 644: outer loop error: '<win32com.gen_py.Microsoft Word 16.0 Object Library.Style instance at 0x2668537031696>' object has no attribute 'Name'
2026-06-11 15:02:14  WARNING    Para 645: outer loop error: '<win32com.gen_py.Microsoft Word 16.0 Object Library.Style instance at 0x2668537090032>' object has no attribute 'Name'
2026-06-11 15:02:14  WARNING    Para 646: outer loop error: '<win32com.gen_py.Microsoft Word 16.0 Object Library.Style instance at 0x2668537031696>' object has no attribute 'Name'
2026-06-11 15:02:14  WARNING    Para 647: outer loop error: '<win32com.gen_py.Microsoft Word 16.0 Object Library.Style instance at 0x2668537090032>' object has no attribute 'Name'
2026-06-11 15:02:14  WARNING    Para 648: outer loop error: '<win32com.gen_py.Microsoft Word 16.0 Object Library.Style instance at 0x2668537031696>' object has no attribute 'Name'
2026-06-11 15:02:14  WARNING    Para 649: outer loop error: '<win32com.gen_py.Microsoft Word 16.0 Object Library.Style instance at 0x2668537090032>' object has no attribute 'Name'
2026-06-11 15:02:14  WARNING    Para 650: outer loop error: '<win32com.gen_py.Microsoft Word 16.0 Object Library.Style instance at 0x2668537031696>' object has no attribute 'Name'
2026-06-11 15:02:14  WARNING    Para 651: outer loop error: '<win32com.gen_py.Microsoft Word 16.0 Object Library.Style instance at 0x2668537090032>' object has no attribute 'Name'
2026-06-11 15:02:14  WARNING    Para 652: outer loop error: '<win32com.gen_py.Microsoft Word 16.0 Object Library.Style instance at 0x2668537031696>' object has no attribute 'Name'
2026-06-11 15:02:14  WARNING    Para 653: outer loop error: '<win32com.gen_py.Microsoft Word 16.0 Object Library.Style instance at 0x2668537090032>' object has no attribute 'Name'
2026-06-11 15:02:14  WARNING    Para 654: outer loop error: '<win32com.gen_py.Microsoft Word 16.0 Object Library.Style instance at 0x2668537031696>' object has no attribute 'Name'
2026-06-11 15:02:14  WARNING    Para 655: outer loop error: '<win32com.gen_py.Microsoft Word 16.0 Object Library.Style instance at 0x2668537090032>' object has no attribute 'Name'
2026-06-11 15:02:14  WARNING    Para 656: outer loop error: '<win32com.gen_py.Microsoft Word 16.0 Object Library.Style instance at 0x2668537031696>' object has no attribute 'Name'
2026-06-11 15:02:14  WARNING    Para 657: outer loop error: '<win32com.gen_py.Microsoft Word 16.0 Object Library.Style instance at 0x2668537090032>' object has no attribute 'Name'
2026-06-11 15:02:14  WARNING    Para 658: outer loop error: '<win32com.gen_py.Microsoft Word 16.0 Object Library.Style instance at 0x2668537031696>' object has no attribute 'Name'
2026-06-11 15:02:14  WARNING    Para 659: outer loop error: '<win32com.gen_py.Microsoft Word 16.0 Object Library.Style instance at 0x2668537090032>' object has no attribute 'Name'
2026-06-11 15:02:14  WARNING    Para 660: outer loop error: '<win32com.gen_py.Microsoft Word 16.0 Object Library.Style instance at 0x2668537031696>' object has no attribute 'Name'
2026-06-11 15:02:14  WARNING    Para 661: outer loop error: '<win32com.gen_py.Microsoft Word 16.0 Object Library.Style instance at 0x2668537090032>' object has no attribute 'Name'
2026-06-11 15:02:14  WARNING    Para 662: outer loop error: '<win32com.gen_py.Microsoft Word 16.0 Object Library.Style instance at 0x2668537031696>' object has no attribute 'Name'
2026-06-11 15:02:14  WARNING    Para 663: outer loop error: '<win32com.gen_py.Microsoft Word 16.0 Object Library.Style instance at 0x2668537090032>' object has no attribute 'Name'
2026-06-11 15:02:14  WARNING    Para 664: outer loop error: '<win32com.gen_py.Microsoft Word 16.0 Object Library.Style instance at 0x2668537031696>' object has no attribute 'Name'
2026-06-11 15:02:14  WARNING    Para 665: outer loop error: '<win32com.gen_py.Microsoft Word 16.0 Object Library.Style instance at 0x2668537090032>' object has no attribute 'Name'
2026-06-11 15:02:14  WARNING    Para 666: outer loop error: '<win32com.gen_py.Microsoft Word 16.0 Object Library.Style instance at 0x2668537031696>' object has no attribute 'Name'
2026-06-11 15:02:14  WARNING    Para 667: outer loop error: '<win32com.gen_py.Microsoft Word 16.0 Object Library.Style instance at 0x2668537090032>' object has no attribute 'Name'
2026-06-11 15:02:14  WARNING    Para 668: outer loop error: '<win32com.gen_py.Microsoft Word 16.0 Object Library.Style instance at 0x2668537031696>' object has no attribute 'Name'
2026-06-11 15:02:14  WARNING    Para 669: outer loop error: '<win32com.gen_py.Microsoft Word 16.0 Object Library.Style instance at 0x2668537090032>' object has no attribute 'Name'
2026-06-11 15:02:15  WARNING    Para 670: outer loop error: '<win32com.gen_py.Microsoft Word 16.0 Object Library.Style instance at 0x2668537031696>' object has no attribute 'Name'
2026-06-11 15:02:15  WARNING    Para 671: outer loop error: '<win32com.gen_py.Microsoft Word 16.0 Object Library.Style instance at 0x2668537090032>' object has no attribute 'Name'
2026-06-11 15:02:15  WARNING    Para 672: outer loop error: '<win32com.gen_py.Microsoft Word 16.0 Object Library.Style instance at 0x2668537031696>' object has no attribute 'Name'
2026-06-11 15:02:15  WARNING    Para 673: outer loop error: '<win32com.gen_py.Microsoft Word 16.0 Object Library.Style instance at 0x2668537090032>' object has no attribute 'Name'
2026-06-11 15:02:15  WARNING    Para 674: outer loop error: '<win32com.gen_py.Microsoft Word 16.0 Object Library.Style instance at 0x2668537031696>' object has no attribute 'Name'
2026-06-11 15:02:15  WARNING    Para 675: outer loop error: '<win32com.gen_py.Microsoft Word 16.0 Object Library.Style instance at 0x2668537090032>' object has no attribute 'Name'
2026-06-11 15:02:15  WARNING    Para 676: outer loop error: '<win32com.gen_py.Microsoft Word 16.0 Object Library.Style instance at 0x2668537031696>' object has no attribute 'Name'
2026-06-11 15:02:15  WARNING    Para 677: outer loop error: '<win32com.gen_py.Microsoft Word 16.0 Object Library.Style instance at 0x2668537090032>' object has no attribute 'Name'
2026-06-11 15:02:15  WARNING    Para 678: outer loop error: '<win32com.gen_py.Microsoft Word 16.0 Object Library.Style instance at 0x2668537031696>' object has no attribute 'Name'
2026-06-11 15:02:15  WARNING    Para 679: outer loop error: '<win32com.gen_py.Microsoft Word 16.0 Object Library.Style instance at 0x2668537090032>' object has no attribute 'Name'
2026-06-11 15:02:15  WARNING    Para 680: outer loop error: '<win32com.gen_py.Microsoft Word 16.0 Object Library.Style instance at 0x2668537031696>' object has no attribute 'Name'
2026-06-11 15:02:15  WARNING    Para 681: outer loop error: '<win32com.gen_py.Microsoft Word 16.0 Object Library.Style instance at 0x2668537090032>' object has no attribute 'Name'
2026-06-11 15:02:15  WARNING    Para 682: outer loop error: '<win32com.gen_py.Microsoft Word 16.0 Object Library.Style instance at 0x2668537031696>' object has no attribute 'Name'
2026-06-11 15:02:15  WARNING    Para 683: outer loop error: '<win32com.gen_py.Microsoft Word 16.0 Object Library.Style instance at 0x2668537090032>' object has no attribute 'Name'
2026-06-11 15:02:15  WARNING    Para 684: outer loop error: '<win32com.gen_py.Microsoft Word 16.0 Object Library.Style instance at 0x2668537031696>' object has no attribute 'Name'
2026-06-11 15:02:15  WARNING    Para 685: outer loop error: '<win32com.gen_py.Microsoft Word 16.0 Object Library.Style instance at 0x2668537090032>' object has no attribute 'Name'
2026-06-11 15:02:15  WARNING    Para 686: outer loop error: '<win32com.gen_py.Microsoft Word 16.0 Object Library.Style instance at 0x2668537031696>' object has no attribute 'Name'
2026-06-11 15:02:15  WARNING    Para 687: outer loop error: '<win32com.gen_py.Microsoft Word 16.0 Object Library.Style instance at 0x2668537090032>' object has no attribute 'Name'
2026-06-11 15:02:15  WARNING    Para 688: outer loop error: '<win32com.gen_py.Microsoft Word 16.0 Object Library.Style instance at 0x2668537031696>' object has no attribute 'Name'
2026-06-11 15:02:15  WARNING    Para 689: outer loop error: '<win32com.gen_py.Microsoft Word 16.0 Object Library.Style instance at 0x2668537090032>' object has no attribute 'Name'
2026-06-11 15:02:15  WARNING    Para 690: outer loop error: '<win32com.gen_py.Microsoft Word 16.0 Object Library.Style instance at 0x2668537031696>' object has no attribute 'Name'
2026-06-11 15:02:15  WARNING    Para 691: outer loop error: '<win32com.gen_py.Microsoft Word 16.0 Object Library.Style instance at 0x2668537090032>' object has no attribute 'Name'
2026-06-11 15:02:15  WARNING    Para 692: outer loop error: '<win32com.gen_py.Microsoft Word 16.0 Object Library.Style instance at 0x2668537031696>' object has no attribute 'Name'
2026-06-11 15:02:15  WARNING    Para 693: outer loop error: '<win32com.gen_py.Microsoft Word 16.0 Object Library.Style instance at 0x2668537090032>' object has no attribute 'Name'
2026-06-11 15:02:15  WARNING    Para 694: outer loop error: '<win32com.gen_py.Microsoft Word 16.0 Object Library.Style instance at 0x2668537031696>' object has no attribute 'Name'
2026-06-11 15:02:15  WARNING    Para 695: outer loop error: '<win32com.gen_py.Microsoft Word 16.0 Object Library.Style instance at 0x2668537090032>' object has no attribute 'Name'
2026-06-11 15:02:15  WARNING    Para 696: outer loop error: '<win32com.gen_py.Microsoft Word 16.0 Object Library.Style instance at 0x2668537031696>' object has no attribute 'Name'
2026-06-11 15:02:15  WARNING    Para 697: outer loop error: '<win32com.gen_py.Microsoft Word 16.0 Object Library.Style instance at 0x2668537090032>' object has no attribute 'Name'
2026-06-11 15:02:15  WARNING    Para 698: outer loop error: '<win32com.gen_py.Microsoft Word 16.0 Object Library.Style instance at 0x2668537031696>' object has no attribute 'Name'
2026-06-11 15:02:15  WARNING    Para 699: outer loop error: '<win32com.gen_py.Microsoft Word 16.0 Object Library.Style instance at 0x2668537090032>' object has no attribute 'Name'
2026-06-11 15:02:15  WARNING    Para 700: outer loop error: '<win32com.gen_py.Microsoft Word 16.0 Object Library.Style instance at 0x2668537031696>' object has no attribute 'Name'
2026-06-11 15:02:15  WARNING    Para 701: outer loop error: '<win32com.gen_py.Microsoft Word 16.0 Object Library.Style instance at 0x2668537090032>' object has no attribute 'Name'
2026-06-11 15:02:15  WARNING    Para 702: outer loop error: '<win32com.gen_py.Microsoft Word 16.0 Object Library.Style instance at 0x2668537031696>' object has no attribute 'Name'
2026-06-11 15:02:15  WARNING    Para 703: outer loop error: '<win32com.gen_py.Microsoft Word 16.0 Object Library.Style instance at 0x2668537090032>' object has no attribute 'Name'
2026-06-11 15:02:15  DEBUG      Pass complete -- KeepWithNext OK:0 FAIL:0 | KeepTogether OK:0 FAIL:0 | ListGroups:0
2026-06-11 15:02:15  DEBUG      Table 1: 7 rows (char 29)
2026-06-11 15:02:15  DEBUG      Table 2: 8 rows (char 1447)
2026-06-11 15:02:16  DEBUG      Table 3: 8 rows (char 3207)
2026-06-11 15:02:16  DEBUG      Table 4: 13 rows (char 3719)
2026-06-11 15:02:16  DEBUG      Table 5: 8 rows (char 7349)
2026-06-11 15:02:16  DEBUG      Table 6: 16 rows (char 12487)
2026-06-11 15:02:16  DEBUG      Table 7: 8 rows (char 13672)
2026-06-11 15:02:16  DEBUG      Table 8: 15 rows (char 23641)
2026-06-11 15:02:17  DEBUG      Table 9: 8 rows (char 24846)
2026-06-11 15:02:17  DEBUG      Table 10: 9 rows (char 27828)
2026-06-11 15:02:17  DEBUG      Tables done -- rows OK:100 FAIL:0
2026-06-11 15:02:17  INFO       Formatting rules applied
2026-06-11 15:02:17  DEBUG      TOC tables found: 1
2026-06-11 15:02:17  DEBUG      toc.Update() called
2026-06-11 15:02:17  DEBUG      Fields.Update() called
2026-06-11 15:02:17  DEBUG      doc.Save() OK
2026-06-11 15:02:18  INFO       COM session COMPLETE -- toc_updated=True
2026-06-12 07:51:04  INFO     ============================================================
2026-06-12 07:51:04  INFO     COM session START: Chatbot test 1.docx
2026-06-12 07:51:04  DEBUG      Platform: Windows
2026-06-12 07:51:04  DEBUG      pywin32 imported OK
2026-06-12 07:51:04  DEBUG      CoInitialize OK
2026-06-12 07:51:05  ERROR      COM session FAILED with exception: com_error: (-2147352567, 'Exception occurred.', (0, 'Microsoft Word', 'This command is not available.', 'wdmain11.chm', 37373, -2146823683), None)
2026-06-13 13:04:20  INFO     ============================================================
2026-06-13 13:04:20  INFO     COM session START: test_1.docx
2026-06-13 13:04:20  DEBUG      Platform: Windows
2026-06-13 13:04:20  DEBUG      pywin32 imported OK
2026-06-13 13:04:20  DEBUG      CoInitialize OK
2026-06-13 13:04:22  DEBUG      Word.Application dispatched OK
2026-06-13 13:04:23  DEBUG      Document opened OK: D:\.IT_Projects\CLIs\Rhema - Auto Formatter\version 5\Rhema\output\test_1.docx
2026-06-13 13:04:23  INFO       Applying professional formatting rules ...
2026-06-13 13:04:23  DEBUG      Total paragraphs in document: 703
2026-06-13 13:04:24  DEBUG      Body end:   para 29 (before 'CONTENTS' at 30)
2026-06-13 13:04:24  DEBUG      Body start: para 37 (Heading 1: '1. System Overview')
2026-06-13 13:04:40  DEBUG      Body end:   para 585 (before 'REFERENCES' at 586)
2026-06-13 13:04:40  DEBUG      Body section: paras 37 to 585
2026-06-13 13:04:40  DEBUG      Para 37: ListId error: '<win32com.gen_py.Microsoft Word 16.0 Object Library.ListFormat instance at 0x3166080388128>' object has no attribute 'ListId'
2026-06-13 13:04:41  DEBUG      Para 37 [Heading 1]: KeepWithNext 0 -> -1  '1. System Overview'
2026-06-13 13:04:41  DEBUG      Para 38: ListId error: '<win32com.gen_py.Microsoft Word 16.0 Object Library.ListFormat instance at 0x3166080887184>' object has no attribute 'ListId'
2026-06-13 13:04:41  DEBUG      Para 39: ListId error: '<win32com.gen_py.Microsoft Word 16.0 Object Library.ListFormat instance at 0x3166080887184>' object has no attribute 'ListId'
2026-06-13 13:04:41  DEBUG      Para 40: ListId error: '<win32com.gen_py.Microsoft Word 16.0 Object Library.ListFormat instance at 0x3166130164560>' object has no attribute 'ListId'
2026-06-13 13:04:41  DEBUG      Para 41: ListId error: '<win32com.gen_py.Microsoft Word 16.0 Object Library.ListFormat instance at 0x3166130164560>' object has no attribute 'ListId'
2026-06-13 13:04:41  DEBUG      Para 42: ListId error: '<win32com.gen_py.Microsoft Word 16.0 Object Library.ListFormat instance at 0x3166130191632>' object has no attribute 'ListId'
2026-06-13 13:04:41  DEBUG      Para 43: ListId error: '<win32com.gen_py.Microsoft Word 16.0 Object Library.ListFormat instance at 0x3166130032160>' object has no attribute 'ListId'
2026-06-13 13:04:41  DEBUG      Para 44: ListId error: '<win32com.gen_py.Microsoft Word 16.0 Object Library.ListFormat instance at 0x3166130032160>' object has no attribute 'ListId'
2026-06-13 13:04:41  DEBUG      Para 45: ListId error: '<win32com.gen_py.Microsoft Word 16.0 Object Library.ListFormat instance at 0x3166130357840>' object has no attribute 'ListId'
2026-06-13 13:04:41  DEBUG      Para 45 [Heading 2]: KeepWithNext 0 -> -1  '1.1 Component Overview'
2026-06-13 13:04:41  DEBUG      Para 46: ListId error: '<win32com.gen_py.Microsoft Word 16.0 Object Library.ListFormat instance at 0x3166130358096>' object has no attribute 'ListId'
2026-06-13 13:04:41  DEBUG      Para 47: ListId error: '<win32com.gen_py.Microsoft Word 16.0 Object Library.ListFormat instance at 0x3166131006320>' object has no attribute 'ListId'
2026-06-13 13:04:41  DEBUG      Para 48: ListId error: '<win32com.gen_py.Microsoft Word 16.0 Object Library.ListFormat instance at 0x3166131006320>' object has no attribute 'ListId'
2026-06-13 13:04:41  DEBUG      Para 49: ListId error: '<win32com.gen_py.Microsoft Word 16.0 Object Library.ListFormat instance at 0x3166125638160>' object has no attribute 'ListId'
2026-06-13 13:04:41  WARNING    Para 49: KeepTogether SET but read back False!
2026-06-13 13:04:41  DEBUG      Para 50: ListId error: '<win32com.gen_py.Microsoft Word 16.0 Object Library.ListFormat instance at 0x3166125638160>' object has no attribute 'ListId'
2026-06-13 13:04:41  DEBUG      Para 51: ListId error: '<win32com.gen_py.Microsoft Word 16.0 Object Library.ListFormat instance at 0x3166132210192>' object has no attribute 'ListId'
2026-06-13 13:04:41  DEBUG      Para 52: ListId error: '<win32com.gen_py.Microsoft Word 16.0 Object Library.ListFormat instance at 0x3166080269200>' object has no attribute 'ListId'
2026-06-13 13:04:41  DEBUG      Para 53: ListId error: '<win32com.gen_py.Microsoft Word 16.0 Object Library.ListFormat instance at 0x3166080269200>' object has no attribute 'ListId'
2026-06-13 13:04:41  WARNING    Para 53: KeepTogether SET but read back False!
2026-06-13 13:04:41  DEBUG      Para 54: ListId error: '<win32com.gen_py.Microsoft Word 16.0 Object Library.ListFormat instance at 0x3166080476352>' object has no attribute 'ListId'
2026-06-13 13:04:41  DEBUG      Para 55: ListId error: '<win32com.gen_py.Microsoft Word 16.0 Object Library.ListFormat instance at 0x3166080476352>' object has no attribute 'ListId'
2026-06-13 13:04:41  DEBUG      Para 56: ListId error: '<win32com.gen_py.Microsoft Word 16.0 Object Library.ListFormat instance at 0x3166130788048>' object has no attribute 'ListId'
2026-06-13 13:04:41  DEBUG      Para 57: ListId error: '<win32com.gen_py.Microsoft Word 16.0 Object Library.ListFormat instance at 0x3166130788048>' object has no attribute 'ListId'
2026-06-13 13:04:41  WARNING    Para 57: KeepTogether SET but read back False!
2026-06-13 13:04:41  DEBUG      Para 58: ListId error: '<win32com.gen_py.Microsoft Word 16.0 Object Library.ListFormat instance at 0x3166081154752>' object has no attribute 'ListId'
2026-06-13 13:04:41  DEBUG      Para 59: ListId error: '<win32com.gen_py.Microsoft Word 16.0 Object Library.ListFormat instance at 0x3166130333776>' object has no attribute 'ListId'
2026-06-13 13:04:41  DEBUG      Para 60: ListId error: '<win32com.gen_py.Microsoft Word 16.0 Object Library.ListFormat instance at 0x3166130333904>' object has no attribute 'ListId'
2026-06-13 13:04:41  DEBUG      Para 61: ListId error: '<win32com.gen_py.Microsoft Word 16.0 Object Library.ListFormat instance at 0x3166091702608>' object has no attribute 'ListId'
2026-06-13 13:04:41  WARNING    Para 61: KeepTogether SET but read back False!
2026-06-13 13:04:42  DEBUG      Para 62: ListId error: '<win32com.gen_py.Microsoft Word 16.0 Object Library.ListFormat instance at 0x3166091696560>' object has no attribute 'ListId'
2026-06-13 13:04:42  DEBUG      Para 63: ListId error: '<win32com.gen_py.Microsoft Word 16.0 Object Library.ListFormat instance at 0x3166130253808>' object has no attribute 'ListId'
2026-06-13 13:04:42  DEBUG      Para 64: ListId error: '<win32com.gen_py.Microsoft Word 16.0 Object Library.ListFormat instance at 0x3166130253808>' object has no attribute 'ListId'
2026-06-13 13:04:42  DEBUG      Para 65: ListId error: '<win32com.gen_py.Microsoft Word 16.0 Object Library.ListFormat instance at 0x3166131032528>' object has no attribute 'ListId'
2026-06-13 13:04:42  WARNING    Para 65: KeepTogether SET but read back False!
2026-06-13 13:04:42  DEBUG      Para 66: ListId error: '<win32com.gen_py.Microsoft Word 16.0 Object Library.ListFormat instance at 0x3166126062672>' object has no attribute 'ListId'
2026-06-13 13:04:42  DEBUG      Para 67: ListId error: '<win32com.gen_py.Microsoft Word 16.0 Object Library.ListFormat instance at 0x3166131032528>' object has no attribute 'ListId'
2026-06-13 13:04:42  DEBUG      Para 68: ListId error: '<win32com.gen_py.Microsoft Word 16.0 Object Library.ListFormat instance at 0x3166132146000>' object has no attribute 'ListId'
2026-06-13 13:04:42  DEBUG      Para 69: ListId error: '<win32com.gen_py.Microsoft Word 16.0 Object Library.ListFormat instance at 0x3166131032528>' object has no attribute 'ListId'
2026-06-13 13:04:42  WARNING    Para 69: KeepTogether SET but read back False!
2026-06-13 13:04:42  DEBUG      Para 70: ListId error: '<win32com.gen_py.Microsoft Word 16.0 Object Library.ListFormat instance at 0x3166126062672>' object has no attribute 'ListId'
2026-06-13 13:04:42  DEBUG      Para 71: ListId error: '<win32com.gen_py.Microsoft Word 16.0 Object Library.ListFormat instance at 0x3166131032528>' object has no attribute 'ListId'
2026-06-13 13:04:42  DEBUG      Para 72: ListId error: '<win32com.gen_py.Microsoft Word 16.0 Object Library.ListFormat instance at 0x3166132146000>' object has no attribute 'ListId'
2026-06-13 13:04:42  DEBUG      Para 73: ListId error: '<win32com.gen_py.Microsoft Word 16.0 Object Library.ListFormat instance at 0x3166131032608>' object has no attribute 'ListId'
2026-06-13 13:04:42  WARNING    Para 73: KeepTogether SET but read back False!
2026-06-13 13:04:42  DEBUG      Para 74: ListId error: '<win32com.gen_py.Microsoft Word 16.0 Object Library.ListFormat instance at 0x3166126062672>' object has no attribute 'ListId'
2026-06-13 13:04:42  DEBUG      Para 75: ListId error: '<win32com.gen_py.Microsoft Word 16.0 Object Library.ListFormat instance at 0x3166131032608>' object has no attribute 'ListId'
2026-06-13 13:04:42  DEBUG      Para 76: ListId error: '<win32com.gen_py.Microsoft Word 16.0 Object Library.ListFormat instance at 0x3166132146000>' object has no attribute 'ListId'
2026-06-13 13:04:42  DEBUG      Para 77: ListId error: '<win32com.gen_py.Microsoft Word 16.0 Object Library.ListFormat instance at 0x3166131032528>' object has no attribute 'ListId'
2026-06-13 13:04:42  WARNING    Para 77: KeepTogether SET but read back False!
2026-06-13 13:04:42  DEBUG      Para 78: ListId error: '<win32com.gen_py.Microsoft Word 16.0 Object Library.ListFormat instance at 0x3166126062672>' object has no attribute 'ListId'
2026-06-13 13:04:42  DEBUG      Para 79: ListId error: '<win32com.gen_py.Microsoft Word 16.0 Object Library.ListFormat instance at 0x3166131032528>' object has no attribute 'ListId'
2026-06-13 13:04:42  DEBUG      Para 79 [Heading 1]: KeepWithNext 0 -> -1  '2. Infrastructure'
2026-06-13 13:04:42  DEBUG      Para 80: ListId error: '<win32com.gen_py.Microsoft Word 16.0 Object Library.ListFormat instance at 0x3166132146000>' object has no attribute 'ListId'
2026-06-13 13:04:42  DEBUG      Para 80 [Heading 2]: KeepWithNext 0 -> -1  '2.1 Azure AD App Registration'
2026-06-13 13:04:42  DEBUG      Para 81: ListId error: '<win32com.gen_py.Microsoft Word 16.0 Object Library.ListFormat instance at 0x3166131032528>' object has no attribute 'ListId'
2026-06-13 13:04:42  DEBUG      Para 82: ListId error: '<win32com.gen_py.Microsoft Word 16.0 Object Library.ListFormat instance at 0x3166126062672>' object has no attribute 'ListId'
2026-06-13 13:04:42  DEBUG      Para 83: ListId error: '<win32com.gen_py.Microsoft Word 16.0 Object Library.ListFormat instance at 0x3166131032528>' object has no attribute 'ListId'
2026-06-13 13:04:42  DEBUG      Para 84: ListId error: '<win32com.gen_py.Microsoft Word 16.0 Object Library.ListFormat instance at 0x3166132146000>' object has no attribute 'ListId'
2026-06-13 13:04:42  DEBUG      Para 85: ListId error: '<win32com.gen_py.Microsoft Word 16.0 Object Library.ListFormat instance at 0x3166131032528>' object has no attribute 'ListId'
2026-06-13 13:04:42  DEBUG      Para 86: ListId error: '<win32com.gen_py.Microsoft Word 16.0 Object Library.ListFormat instance at 0x3166126062672>' object has no attribute 'ListId'
2026-06-13 13:04:42  DEBUG      Para 87: ListId error: '<win32com.gen_py.Microsoft Word 16.0 Object Library.ListFormat instance at 0x3166131032528>' object has no attribute 'ListId'
2026-06-13 13:04:42  DEBUG      Para 88: ListId error: '<win32com.gen_py.Microsoft Word 16.0 Object Library.ListFormat instance at 0x3166132146000>' object has no attribute 'ListId'
2026-06-13 13:04:42  DEBUG      Para 88 [Heading 2]: KeepWithNext 0 -> -1  '2.2 PostgreSQL on Render'
2026-06-13 13:04:42  DEBUG      Para 89: ListId error: '<win32com.gen_py.Microsoft Word 16.0 Object Library.ListFormat instance at 0x3166131032528>' object has no attribute 'ListId'
2026-06-13 13:04:43  DEBUG      Para 90: ListId error: '<win32com.gen_py.Microsoft Word 16.0 Object Library.ListFormat instance at 0x3166126062672>' object has no attribute 'ListId'
2026-06-13 13:04:43  DEBUG      Para 91: ListId error: '<win32com.gen_py.Microsoft Word 16.0 Object Library.ListFormat instance at 0x3166131032528>' object has no attribute 'ListId'
2026-06-13 13:04:43  DEBUG      Para 92: ListId error: '<win32com.gen_py.Microsoft Word 16.0 Object Library.ListFormat instance at 0x3166132146000>' object has no attribute 'ListId'
2026-06-13 13:04:43  WARNING    Para 92: KeepTogether SET but read back False!
2026-06-13 13:04:43  DEBUG      Para 93: ListId error: '<win32com.gen_py.Microsoft Word 16.0 Object Library.ListFormat instance at 0x3166131032528>' object has no attribute 'ListId'
2026-06-13 13:04:43  DEBUG      Para 94: ListId error: '<win32com.gen_py.Microsoft Word 16.0 Object Library.ListFormat instance at 0x3166126062672>' object has no attribute 'ListId'
2026-06-13 13:04:43  DEBUG      Para 95: ListId error: '<win32com.gen_py.Microsoft Word 16.0 Object Library.ListFormat instance at 0x3166131032528>' object has no attribute 'ListId'
2026-06-13 13:04:43  WARNING    Para 95: KeepTogether SET but read back False!
2026-06-13 13:04:43  DEBUG      Para 96: ListId error: '<win32com.gen_py.Microsoft Word 16.0 Object Library.ListFormat instance at 0x3166132146000>' object has no attribute 'ListId'
2026-06-13 13:04:43  DEBUG      Para 97: ListId error: '<win32com.gen_py.Microsoft Word 16.0 Object Library.ListFormat instance at 0x3166131032528>' object has no attribute 'ListId'
2026-06-13 13:04:43  DEBUG      Para 98: ListId error: '<win32com.gen_py.Microsoft Word 16.0 Object Library.ListFormat instance at 0x3166126062672>' object has no attribute 'ListId'
2026-06-13 13:04:43  WARNING    Para 98: KeepTogether SET but read back False!
2026-06-13 13:04:43  DEBUG      Para 99: ListId error: '<win32com.gen_py.Microsoft Word 16.0 Object Library.ListFormat instance at 0x3166131032528>' object has no attribute 'ListId'
2026-06-13 13:04:43  DEBUG      Para 100: ListId error: '<win32com.gen_py.Microsoft Word 16.0 Object Library.ListFormat instance at 0x3166132146000>' object has no attribute 'ListId'
2026-06-13 13:04:43  DEBUG      Para 101: ListId error: '<win32com.gen_py.Microsoft Word 16.0 Object Library.ListFormat instance at 0x3166131032528>' object has no attribute 'ListId'
2026-06-13 13:04:43  WARNING    Para 101: KeepTogether SET but read back False!
2026-06-13 13:04:43  DEBUG      Para 102: ListId error: '<win32com.gen_py.Microsoft Word 16.0 Object Library.ListFormat instance at 0x3166131032608>' object has no attribute 'ListId'
2026-06-13 13:04:43  DEBUG      Para 103: ListId error: '<win32com.gen_py.Microsoft Word 16.0 Object Library.ListFormat instance at 0x3166132146000>' object has no attribute 'ListId'
2026-06-13 13:04:43  DEBUG      Para 104: ListId error: '<win32com.gen_py.Microsoft Word 16.0 Object Library.ListFormat instance at 0x3166131032608>' object has no attribute 'ListId'
2026-06-13 13:04:43  WARNING    Para 104: KeepTogether SET but read back False!
2026-06-13 13:04:43  DEBUG      Para 105: ListId error: '<win32com.gen_py.Microsoft Word 16.0 Object Library.ListFormat instance at 0x3166126062672>' object has no attribute 'ListId'
2026-06-13 13:04:43  DEBUG      Para 106: ListId error: '<win32com.gen_py.Microsoft Word 16.0 Object Library.ListFormat instance at 0x3166131032608>' object has no attribute 'ListId'
2026-06-13 13:04:43  DEBUG      Para 107: ListId error: '<win32com.gen_py.Microsoft Word 16.0 Object Library.ListFormat instance at 0x3166132146000>' object has no attribute 'ListId'
2026-06-13 13:04:43  WARNING    Para 107: KeepTogether SET but read back False!
2026-06-13 13:04:43  DEBUG      Para 108: ListId error: '<win32com.gen_py.Microsoft Word 16.0 Object Library.ListFormat instance at 0x3166131032608>' object has no attribute 'ListId'
2026-06-13 13:04:43  DEBUG      Para 109: ListId error: '<win32com.gen_py.Microsoft Word 16.0 Object Library.ListFormat instance at 0x3166126062672>' object has no attribute 'ListId'
2026-06-13 13:04:43  DEBUG      Para 110: ListId error: '<win32com.gen_py.Microsoft Word 16.0 Object Library.ListFormat instance at 0x3166131032608>' object has no attribute 'ListId'
2026-06-13 13:04:43  WARNING    Para 110: KeepTogether SET but read back False!
2026-06-13 13:04:43  DEBUG      Para 111: ListId error: '<win32com.gen_py.Microsoft Word 16.0 Object Library.ListFormat instance at 0x3166132146000>' object has no attribute 'ListId'
2026-06-13 13:04:43  DEBUG      Para 112: ListId error: '<win32com.gen_py.Microsoft Word 16.0 Object Library.ListFormat instance at 0x3166131032608>' object has no attribute 'ListId'
2026-06-13 13:04:43  DEBUG      Para 113: ListId error: '<win32com.gen_py.Microsoft Word 16.0 Object Library.ListFormat instance at 0x3166126062672>' object has no attribute 'ListId'
2026-06-13 13:04:43  WARNING    Para 113: KeepTogether SET but read back False!
2026-06-13 13:04:43  DEBUG      Para 114: ListId error: '<win32com.gen_py.Microsoft Word 16.0 Object Library.ListFormat instance at 0x3166131032608>' object has no attribute 'ListId'
2026-06-13 13:04:43  DEBUG      Para 115: ListId error: '<win32com.gen_py.Microsoft Word 16.0 Object Library.ListFormat instance at 0x3166132146000>' object has no attribute 'ListId'
2026-06-13 13:04:43  DEBUG      Para 115 [Heading 2]: KeepWithNext 0 -> -1  '2.3 Environment Variables'
2026-06-13 13:04:43  DEBUG      Para 116: ListId error: '<win32com.gen_py.Microsoft Word 16.0 Object Library.ListFormat instance at 0x3166131032608>' object has no attribute 'ListId'
2026-06-13 13:04:44  DEBUG      Para 117: ListId error: '<win32com.gen_py.Microsoft Word 16.0 Object Library.ListFormat instance at 0x3166126062672>' object has no attribute 'ListId'
2026-06-13 13:04:44  DEBUG      Para 118: ListId error: '<win32com.gen_py.Microsoft Word 16.0 Object Library.ListFormat instance at 0x3166131032608>' object has no attribute 'ListId'
2026-06-13 13:04:44  DEBUG      Para 119: ListId error: '<win32com.gen_py.Microsoft Word 16.0 Object Library.ListFormat instance at 0x3166132146000>' object has no attribute 'ListId'
2026-06-13 13:04:44  DEBUG      Para 120: ListId error: '<win32com.gen_py.Microsoft Word 16.0 Object Library.ListFormat instance at 0x3166131032608>' object has no attribute 'ListId'
2026-06-13 13:04:44  WARNING    Para 120: KeepTogether SET but read back False!
2026-06-13 13:04:44  DEBUG      Para 121: ListId error: '<win32com.gen_py.Microsoft Word 16.0 Object Library.ListFormat instance at 0x3166126062672>' object has no attribute 'ListId'
2026-06-13 13:04:44  DEBUG      Para 122: ListId error: '<win32com.gen_py.Microsoft Word 16.0 Object Library.ListFormat instance at 0x3166131032608>' object has no attribute 'ListId'
2026-06-13 13:04:44  DEBUG      Para 123: ListId error: '<win32com.gen_py.Microsoft Word 16.0 Object Library.ListFormat instance at 0x3166132146000>' object has no attribute 'ListId'
2026-06-13 13:04:44  DEBUG      Para 124: ListId error: '<win32com.gen_py.Microsoft Word 16.0 Object Library.ListFormat instance at 0x3166131032608>' object has no attribute 'ListId'
2026-06-13 13:04:44  WARNING    Para 124: KeepTogether SET but read back False!
2026-06-13 13:04:44  DEBUG      Para 125: ListId error: '<win32com.gen_py.Microsoft Word 16.0 Object Library.ListFormat instance at 0x3166126062672>' object has no attribute 'ListId'
2026-06-13 13:04:44  DEBUG      Para 126: ListId error: '<win32com.gen_py.Microsoft Word 16.0 Object Library.ListFormat instance at 0x3166131032608>' object has no attribute 'ListId'
2026-06-13 13:04:44  DEBUG      Para 127: ListId error: '<win32com.gen_py.Microsoft Word 16.0 Object Library.ListFormat instance at 0x3166132146000>' object has no attribute 'ListId'
2026-06-13 13:04:44  DEBUG      Para 128: ListId error: '<win32com.gen_py.Microsoft Word 16.0 Object Library.ListFormat instance at 0x3166131032608>' object has no attribute 'ListId'
2026-06-13 13:04:44  WARNING    Para 128: KeepTogether SET but read back False!
2026-06-13 13:04:44  DEBUG      Para 129: ListId error: '<win32com.gen_py.Microsoft Word 16.0 Object Library.ListFormat instance at 0x3166126062672>' object has no attribute 'ListId'
2026-06-13 13:04:44  DEBUG      Para 130: ListId error: '<win32com.gen_py.Microsoft Word 16.0 Object Library.ListFormat instance at 0x3166131032608>' object has no attribute 'ListId'
2026-06-13 13:04:44  DEBUG      Para 131: ListId error: '<win32com.gen_py.Microsoft Word 16.0 Object Library.ListFormat instance at 0x3166132146000>' object has no attribute 'ListId'
2026-06-13 13:04:44  DEBUG      Para 132: ListId error: '<win32com.gen_py.Microsoft Word 16.0 Object Library.ListFormat instance at 0x3166131032608>' object has no attribute 'ListId'
2026-06-13 13:04:44  WARNING    Para 132: KeepTogether SET but read back False!
2026-06-13 13:04:44  DEBUG      Para 133: ListId error: '<win32com.gen_py.Microsoft Word 16.0 Object Library.ListFormat instance at 0x3166126062672>' object has no attribute 'ListId'
2026-06-13 13:04:44  DEBUG      Para 134: ListId error: '<win32com.gen_py.Microsoft Word 16.0 Object Library.ListFormat instance at 0x3166131032608>' object has no attribute 'ListId'
2026-06-13 13:04:44  DEBUG      Para 135: ListId error: '<win32com.gen_py.Microsoft Word 16.0 Object Library.ListFormat instance at 0x3166132146000>' object has no attribute 'ListId'
2026-06-13 13:04:44  DEBUG      Para 136: ListId error: '<win32com.gen_py.Microsoft Word 16.0 Object Library.ListFormat instance at 0x3166131032528>' object has no attribute 'ListId'
2026-06-13 13:04:44  WARNING    Para 136: KeepTogether SET but read back False!
2026-06-13 13:04:44  DEBUG      Para 137: ListId error: '<win32com.gen_py.Microsoft Word 16.0 Object Library.ListFormat instance at 0x3166131032608>' object has no attribute 'ListId'
2026-06-13 13:04:44  DEBUG      Para 138: ListId error: '<win32com.gen_py.Microsoft Word 16.0 Object Library.ListFormat instance at 0x3166132146000>' object has no attribute 'ListId'
2026-06-13 13:04:44  DEBUG      Para 139: ListId error: '<win32com.gen_py.Microsoft Word 16.0 Object Library.ListFormat instance at 0x3166131032608>' object has no attribute 'ListId'
2026-06-13 13:04:44  DEBUG      Para 140: ListId error: '<win32com.gen_py.Microsoft Word 16.0 Object Library.ListFormat instance at 0x3166131032528>' object has no attribute 'ListId'
2026-06-13 13:04:44  WARNING    Para 140: KeepTogether SET but read back False!
2026-06-13 13:04:45  DEBUG      Para 141: ListId error: '<win32com.gen_py.Microsoft Word 16.0 Object Library.ListFormat instance at 0x3166132146000>' object has no attribute 'ListId'
2026-06-13 13:04:45  DEBUG      Para 142: ListId error: '<win32com.gen_py.Microsoft Word 16.0 Object Library.ListFormat instance at 0x3166131032608>' object has no attribute 'ListId'
2026-06-13 13:04:45  DEBUG      Para 143: ListId error: '<win32com.gen_py.Microsoft Word 16.0 Object Library.ListFormat instance at 0x3166126062672>' object has no attribute 'ListId'
2026-06-13 13:04:45  DEBUG      Para 144: ListId error: '<win32com.gen_py.Microsoft Word 16.0 Object Library.ListFormat instance at 0x3166131032608>' object has no attribute 'ListId'
2026-06-13 13:04:45  WARNING    Para 144: KeepTogether SET but read back False!
2026-06-13 13:04:45  DEBUG      Para 145: ListId error: '<win32com.gen_py.Microsoft Word 16.0 Object Library.ListFormat instance at 0x3166132146000>' object has no attribute 'ListId'
2026-06-13 13:04:45  DEBUG      Para 146: ListId error: '<win32com.gen_py.Microsoft Word 16.0 Object Library.ListFormat instance at 0x3166131032608>' object has no attribute 'ListId'
2026-06-13 13:04:45  DEBUG      Para 147: ListId error: '<win32com.gen_py.Microsoft Word 16.0 Object Library.ListFormat instance at 0x3166126062672>' object has no attribute 'ListId'
2026-06-13 13:04:45  DEBUG      Para 148: ListId error: '<win32com.gen_py.Microsoft Word 16.0 Object Library.ListFormat instance at 0x3166131032608>' object has no attribute 'ListId'
2026-06-13 13:04:45  WARNING    Para 148: KeepTogether SET but read back False!
2026-06-13 13:04:45  DEBUG      Para 149: ListId error: '<win32com.gen_py.Microsoft Word 16.0 Object Library.ListFormat instance at 0x3166131032528>' object has no attribute 'ListId'
2026-06-13 13:04:45  DEBUG      Para 150: ListId error: '<win32com.gen_py.Microsoft Word 16.0 Object Library.ListFormat instance at 0x3166126062672>' object has no attribute 'ListId'
2026-06-13 13:04:45  DEBUG      Para 151: ListId error: '<win32com.gen_py.Microsoft Word 16.0 Object Library.ListFormat instance at 0x3166131032528>' object has no attribute 'ListId'
2026-06-13 13:04:45  DEBUG      Para 152: ListId error: '<win32com.gen_py.Microsoft Word 16.0 Object Library.ListFormat instance at 0x3166132146000>' object has no attribute 'ListId'
2026-06-13 13:04:45  WARNING    Para 152: KeepTogether SET but read back False!
2026-06-13 13:04:45  DEBUG      Para 153: ListId error: '<win32com.gen_py.Microsoft Word 16.0 Object Library.ListFormat instance at 0x3166131032528>' object has no attribute 'ListId'
2026-06-13 13:04:45  DEBUG      Para 154: ListId error: '<win32com.gen_py.Microsoft Word 16.0 Object Library.ListFormat instance at 0x3166126062672>' object has no attribute 'ListId'
2026-06-13 13:04:45  DEBUG      Para 155: ListId error: '<win32com.gen_py.Microsoft Word 16.0 Object Library.ListFormat instance at 0x3166131032608>' object has no attribute 'ListId'
2026-06-13 13:04:45  DEBUG      Para 156: ListId error: '<win32com.gen_py.Microsoft Word 16.0 Object Library.ListFormat instance at 0x3166132146000>' object has no attribute 'ListId'
2026-06-13 13:04:45  WARNING    Para 156: KeepTogether SET but read back False!
2026-06-13 13:04:45  DEBUG      Para 157: ListId error: '<win32com.gen_py.Microsoft Word 16.0 Object Library.ListFormat instance at 0x3166131032608>' object has no attribute 'ListId'
2026-06-13 13:04:45  DEBUG      Para 158: ListId error: '<win32com.gen_py.Microsoft Word 16.0 Object Library.ListFormat instance at 0x3166126062672>' object has no attribute 'ListId'
2026-06-13 13:04:45  DEBUG      Para 159: ListId error: '<win32com.gen_py.Microsoft Word 16.0 Object Library.ListFormat instance at 0x3166131032608>' object has no attribute 'ListId'
2026-06-13 13:04:45  DEBUG      Para 160: ListId error: '<win32com.gen_py.Microsoft Word 16.0 Object Library.ListFormat instance at 0x3166131032528>' object has no attribute 'ListId'
2026-06-13 13:04:45  WARNING    Para 160: KeepTogether SET but read back False!
2026-06-13 13:04:45  DEBUG      Para 161: ListId error: '<win32com.gen_py.Microsoft Word 16.0 Object Library.ListFormat instance at 0x3166126062672>' object has no attribute 'ListId'
2026-06-13 13:04:45  DEBUG      Para 162: ListId error: '<win32com.gen_py.Microsoft Word 16.0 Object Library.ListFormat instance at 0x3166131032528>' object has no attribute 'ListId'
2026-06-13 13:04:45  DEBUG      Para 163: ListId error: '<win32com.gen_py.Microsoft Word 16.0 Object Library.ListFormat instance at 0x3166132146000>' object has no attribute 'ListId'
2026-06-13 13:04:45  DEBUG      Para 164: ListId error: '<win32com.gen_py.Microsoft Word 16.0 Object Library.ListFormat instance at 0x3166131032528>' object has no attribute 'ListId'
2026-06-13 13:04:45  WARNING    Para 164: KeepTogether SET but read back False!
2026-06-13 13:04:45  DEBUG      Para 165: ListId error: '<win32com.gen_py.Microsoft Word 16.0 Object Library.ListFormat instance at 0x3166126062672>' object has no attribute 'ListId'
2026-06-13 13:04:45  DEBUG      Para 166: ListId error: '<win32com.gen_py.Microsoft Word 16.0 Object Library.ListFormat instance at 0x3166131032528>' object has no attribute 'ListId'
2026-06-13 13:04:45  DEBUG      Para 167: ListId error: '<win32com.gen_py.Microsoft Word 16.0 Object Library.ListFormat instance at 0x3166131032608>' object has no attribute 'ListId'
2026-06-13 13:04:46  DEBUG      Para 168: ListId error: '<win32com.gen_py.Microsoft Word 16.0 Object Library.ListFormat instance at 0x3166126062672>' object has no attribute 'ListId'
2026-06-13 13:04:46  WARNING    Para 168: KeepTogether SET but read back False!
2026-06-13 13:04:46  DEBUG      Para 169: ListId error: '<win32com.gen_py.Microsoft Word 16.0 Object Library.ListFormat instance at 0x3166131032608>' object has no attribute 'ListId'
2026-06-13 13:04:46  DEBUG      Para 170: ListId error: '<win32com.gen_py.Microsoft Word 16.0 Object Library.ListFormat instance at 0x3166132146000>' object has no attribute 'ListId'
2026-06-13 13:04:46  DEBUG      Para 171: ListId error: '<win32com.gen_py.Microsoft Word 16.0 Object Library.ListFormat instance at 0x3166131032608>' object has no attribute 'ListId'
2026-06-13 13:04:46  DEBUG      Para 171 [Heading 1]: KeepWithNext 0 -> -1  '3. Dialogflow Chatbot Design'
2026-06-13 13:04:46  DEBUG      Para 172: ListId error: '<win32com.gen_py.Microsoft Word 16.0 Object Library.ListFormat instance at 0x3166126062672>' object has no attribute 'ListId'
2026-06-13 13:04:46  DEBUG      Para 173: ListId error: '<win32com.gen_py.Microsoft Word 16.0 Object Library.ListFormat instance at 0x3166131032608>' object has no attribute 'ListId'
2026-06-13 13:04:46  DEBUG      Para 173 [Heading 2]: KeepWithNext 0 -> -1  '3.1 Entities'
2026-06-13 13:04:46  DEBUG      Para 174: ListId error: '<win32com.gen_py.Microsoft Word 16.0 Object Library.ListFormat instance at 0x3166132146000>' object has no attribute 'ListId'
2026-06-13 13:04:46  DEBUG      Para 175: ListId error: '<win32com.gen_py.Microsoft Word 16.0 Object Library.ListFormat instance at 0x3166131032608>' object has no attribute 'ListId'
2026-06-13 13:04:46  DEBUG      Para 176: ListId error: '<win32com.gen_py.Microsoft Word 16.0 Object Library.ListFormat instance at 0x3166126062672>' object has no attribute 'ListId'
2026-06-13 13:04:46  DEBUG      Para 177: ListId error: '<win32com.gen_py.Microsoft Word 16.0 Object Library.ListFormat instance at 0x3166131032608>' object has no attribute 'ListId'
2026-06-13 13:04:46  DEBUG      Para 178: ListId error: '<win32com.gen_py.Microsoft Word 16.0 Object Library.ListFormat instance at 0x3166132146000>' object has no attribute 'ListId'
2026-06-13 13:04:46  DEBUG      Para 179: ListId error: '<win32com.gen_py.Microsoft Word 16.0 Object Library.ListFormat instance at 0x3166131032608>' object has no attribute 'ListId'
2026-06-13 13:04:46  DEBUG      Para 180: ListId error: '<win32com.gen_py.Microsoft Word 16.0 Object Library.ListFormat instance at 0x3166126062672>' object has no attribute 'ListId'
2026-06-13 13:04:46  DEBUG      Para 181: ListId error: '<win32com.gen_py.Microsoft Word 16.0 Object Library.ListFormat instance at 0x3166131032608>' object has no attribute 'ListId'
2026-06-13 13:04:46  DEBUG      Para 182: ListId error: '<win32com.gen_py.Microsoft Word 16.0 Object Library.ListFormat instance at 0x3166132146000>' object has no attribute 'ListId'
2026-06-13 13:04:46  DEBUG      Para 182 [Heading 2]: KeepWithNext 0 -> -1  '3.2 Intents (25 total)'
2026-06-13 13:04:46  DEBUG      Para 183: ListId error: '<win32com.gen_py.Microsoft Word 16.0 Object Library.ListFormat instance at 0x3166131032608>' object has no attribute 'ListId'
2026-06-13 13:04:46  DEBUG      Para 184: ListId error: '<win32com.gen_py.Microsoft Word 16.0 Object Library.ListFormat instance at 0x3166126062672>' object has no attribute 'ListId'
2026-06-13 13:04:46  DEBUG      Para 185: ListId error: '<win32com.gen_py.Microsoft Word 16.0 Object Library.ListFormat instance at 0x3166131032608>' object has no attribute 'ListId'
2026-06-13 13:04:46  DEBUG      Para 186: ListId error: '<win32com.gen_py.Microsoft Word 16.0 Object Library.ListFormat instance at 0x3166132146000>' object has no attribute 'ListId'
2026-06-13 13:04:46  DEBUG      Para 187: ListId error: '<win32com.gen_py.Microsoft Word 16.0 Object Library.ListFormat instance at 0x3166131032608>' object has no attribute 'ListId'
2026-06-13 13:04:46  DEBUG      Para 188: ListId error: '<win32com.gen_py.Microsoft Word 16.0 Object Library.ListFormat instance at 0x3166126062672>' object has no attribute 'ListId'
2026-06-13 13:04:46  DEBUG      Para 189: ListId error: '<win32com.gen_py.Microsoft Word 16.0 Object Library.ListFormat instance at 0x3166131032608>' object has no attribute 'ListId'
2026-06-13 13:04:46  DEBUG      Para 190: ListId error: '<win32com.gen_py.Microsoft Word 16.0 Object Library.ListFormat instance at 0x3166132146000>' object has no attribute 'ListId'
2026-06-13 13:04:46  DEBUG      Para 191: ListId error: '<win32com.gen_py.Microsoft Word 16.0 Object Library.ListFormat instance at 0x3166131032608>' object has no attribute 'ListId'
2026-06-13 13:04:46  DEBUG      Para 192: ListId error: '<win32com.gen_py.Microsoft Word 16.0 Object Library.ListFormat instance at 0x3166126062672>' object has no attribute 'ListId'
2026-06-13 13:04:46  DEBUG      Para 193: ListId error: '<win32com.gen_py.Microsoft Word 16.0 Object Library.ListFormat instance at 0x3166131032608>' object has no attribute 'ListId'
2026-06-13 13:04:46  DEBUG      Para 194: ListId error: '<win32com.gen_py.Microsoft Word 16.0 Object Library.ListFormat instance at 0x3166132146000>' object has no attribute 'ListId'
2026-06-13 13:04:47  DEBUG      Para 195: ListId error: '<win32com.gen_py.Microsoft Word 16.0 Object Library.ListFormat instance at 0x3166131032608>' object has no attribute 'ListId'
2026-06-13 13:04:47  DEBUG      Para 196: ListId error: '<win32com.gen_py.Microsoft Word 16.0 Object Library.ListFormat instance at 0x3166126062672>' object has no attribute 'ListId'
2026-06-13 13:04:47  DEBUG      Para 197: ListId error: '<win32com.gen_py.Microsoft Word 16.0 Object Library.ListFormat instance at 0x3166131032608>' object has no attribute 'ListId'
2026-06-13 13:04:47  DEBUG      Para 198: ListId error: '<win32com.gen_py.Microsoft Word 16.0 Object Library.ListFormat instance at 0x3166132146000>' object has no attribute 'ListId'
2026-06-13 13:04:47  DEBUG      Para 199: ListId error: '<win32com.gen_py.Microsoft Word 16.0 Object Library.ListFormat instance at 0x3166131032608>' object has no attribute 'ListId'
2026-06-13 13:04:47  DEBUG      Para 200: ListId error: '<win32com.gen_py.Microsoft Word 16.0 Object Library.ListFormat instance at 0x3166126062672>' object has no attribute 'ListId'
2026-06-13 13:04:47  DEBUG      Para 201: ListId error: '<win32com.gen_py.Microsoft Word 16.0 Object Library.ListFormat instance at 0x3166131032608>' object has no attribute 'ListId'
2026-06-13 13:04:47  DEBUG      Para 202: ListId error: '<win32com.gen_py.Microsoft Word 16.0 Object Library.ListFormat instance at 0x3166132146000>' object has no attribute 'ListId'
2026-06-13 13:04:47  DEBUG      Para 203: ListId error: '<win32com.gen_py.Microsoft Word 16.0 Object Library.ListFormat instance at 0x3166131032608>' object has no attribute 'ListId'
2026-06-13 13:04:47  DEBUG      Para 204: ListId error: '<win32com.gen_py.Microsoft Word 16.0 Object Library.ListFormat instance at 0x3166126062672>' object has no attribute 'ListId'
2026-06-13 13:04:47  DEBUG      Para 205: ListId error: '<win32com.gen_py.Microsoft Word 16.0 Object Library.ListFormat instance at 0x3166131032608>' object has no attribute 'ListId'
2026-06-13 13:04:47  DEBUG      Para 206: ListId error: '<win32com.gen_py.Microsoft Word 16.0 Object Library.ListFormat instance at 0x3166132146000>' object has no attribute 'ListId'
2026-06-13 13:04:47  DEBUG      Para 207: ListId error: '<win32com.gen_py.Microsoft Word 16.0 Object Library.ListFormat instance at 0x3166131032608>' object has no attribute 'ListId'
2026-06-13 13:04:47  DEBUG      Para 208: ListId error: '<win32com.gen_py.Microsoft Word 16.0 Object Library.ListFormat instance at 0x3166126062672>' object has no attribute 'ListId'
2026-06-13 13:04:47  DEBUG      Para 209: ListId error: '<win32com.gen_py.Microsoft Word 16.0 Object Library.ListFormat instance at 0x3166131032608>' object has no attribute 'ListId'
2026-06-13 13:04:47  DEBUG      Para 210: ListId error: '<win32com.gen_py.Microsoft Word 16.0 Object Library.ListFormat instance at 0x3166132146000>' object has no attribute 'ListId'
2026-06-13 13:04:47  DEBUG      Para 211: ListId error: '<win32com.gen_py.Microsoft Word 16.0 Object Library.ListFormat instance at 0x3166131032608>' object has no attribute 'ListId'
2026-06-13 13:04:47  DEBUG      Para 212: ListId error: '<win32com.gen_py.Microsoft Word 16.0 Object Library.ListFormat instance at 0x3166126062672>' object has no attribute 'ListId'
2026-06-13 13:04:47  DEBUG      Para 213: ListId error: '<win32com.gen_py.Microsoft Word 16.0 Object Library.ListFormat instance at 0x3166131032608>' object has no attribute 'ListId'
2026-06-13 13:04:47  DEBUG      Para 214: ListId error: '<win32com.gen_py.Microsoft Word 16.0 Object Library.ListFormat instance at 0x3166132146000>' object has no attribute 'ListId'
2026-06-13 13:04:47  DEBUG      Para 215: ListId error: '<win32com.gen_py.Microsoft Word 16.0 Object Library.ListFormat instance at 0x3166131032608>' object has no attribute 'ListId'
2026-06-13 13:04:47  DEBUG      Para 215 [Heading 2]: KeepWithNext 0 -> -1  '3.3 Context Lifecycle and State Stages'
2026-06-13 13:04:47  DEBUG      Para 216: ListId error: '<win32com.gen_py.Microsoft Word 16.0 Object Library.ListFormat instance at 0x3166126062672>' object has no attribute 'ListId'
2026-06-13 13:04:47  DEBUG      Para 217: ListId error: '<win32com.gen_py.Microsoft Word 16.0 Object Library.ListFormat instance at 0x3166131032608>' object has no attribute 'ListId'
2026-06-13 13:04:47  DEBUG      Para 218: ListId error: '<win32com.gen_py.Microsoft Word 16.0 Object Library.ListFormat instance at 0x3166132146000>' object has no attribute 'ListId'
2026-06-13 13:04:47  DEBUG      Para 219: ListId error: '<win32com.gen_py.Microsoft Word 16.0 Object Library.ListFormat instance at 0x3166131032608>' object has no attribute 'ListId'
2026-06-13 13:04:47  DEBUG      Para 220: ListId error: '<win32com.gen_py.Microsoft Word 16.0 Object Library.ListFormat instance at 0x3166126062672>' object has no attribute 'ListId'
2026-06-13 13:04:47  WARNING    Para 220: KeepTogether SET but read back False!
2026-06-13 13:04:47  DEBUG      Para 221: ListId error: '<win32com.gen_py.Microsoft Word 16.0 Object Library.ListFormat instance at 0x3166131032608>' object has no attribute 'ListId'
2026-06-13 13:04:48  DEBUG      Para 222: ListId error: '<win32com.gen_py.Microsoft Word 16.0 Object Library.ListFormat instance at 0x3166132146000>' object has no attribute 'ListId'
2026-06-13 13:04:48  DEBUG      Para 223: ListId error: '<win32com.gen_py.Microsoft Word 16.0 Object Library.ListFormat instance at 0x3166131032608>' object has no attribute 'ListId'
2026-06-13 13:04:48  DEBUG      Para 224: ListId error: '<win32com.gen_py.Microsoft Word 16.0 Object Library.ListFormat instance at 0x3166126062672>' object has no attribute 'ListId'
2026-06-13 13:04:48  WARNING    Para 224: KeepTogether SET but read back False!
2026-06-13 13:04:48  DEBUG      Para 225: ListId error: '<win32com.gen_py.Microsoft Word 16.0 Object Library.ListFormat instance at 0x3166131032608>' object has no attribute 'ListId'
2026-06-13 13:04:48  DEBUG      Para 226: ListId error: '<win32com.gen_py.Microsoft Word 16.0 Object Library.ListFormat instance at 0x3166132146000>' object has no attribute 'ListId'
2026-06-13 13:04:48  DEBUG      Para 227: ListId error: '<win32com.gen_py.Microsoft Word 16.0 Object Library.ListFormat instance at 0x3166131032528>' object has no attribute 'ListId'
2026-06-13 13:04:48  DEBUG      Para 228: ListId error: '<win32com.gen_py.Microsoft Word 16.0 Object Library.ListFormat instance at 0x3166126062672>' object has no attribute 'ListId'
2026-06-13 13:04:48  WARNING    Para 228: KeepTogether SET but read back False!
2026-06-13 13:04:48  DEBUG      Para 229: ListId error: '<win32com.gen_py.Microsoft Word 16.0 Object Library.ListFormat instance at 0x3166131032528>' object has no attribute 'ListId'
2026-06-13 13:04:48  DEBUG      Para 230: ListId error: '<win32com.gen_py.Microsoft Word 16.0 Object Library.ListFormat instance at 0x3166132146000>' object has no attribute 'ListId'
2026-06-13 13:04:48  DEBUG      Para 231: ListId error: '<win32com.gen_py.Microsoft Word 16.0 Object Library.ListFormat instance at 0x3166131032528>' object has no attribute 'ListId'
2026-06-13 13:04:48  DEBUG      Para 232: ListId error: '<win32com.gen_py.Microsoft Word 16.0 Object Library.ListFormat instance at 0x3166126062672>' object has no attribute 'ListId'
2026-06-13 13:04:48  WARNING    Para 232: KeepTogether SET but read back False!
2026-06-13 13:04:48  DEBUG      Para 233: ListId error: '<win32com.gen_py.Microsoft Word 16.0 Object Library.ListFormat instance at 0x3166131032528>' object has no attribute 'ListId'
2026-06-13 13:04:48  DEBUG      Para 234: ListId error: '<win32com.gen_py.Microsoft Word 16.0 Object Library.ListFormat instance at 0x3166132146000>' object has no attribute 'ListId'
2026-06-13 13:04:48  DEBUG      Para 235: ListId error: '<win32com.gen_py.Microsoft Word 16.0 Object Library.ListFormat instance at 0x3166131032528>' object has no attribute 'ListId'
2026-06-13 13:04:48  DEBUG      Para 236: ListId error: '<win32com.gen_py.Microsoft Word 16.0 Object Library.ListFormat instance at 0x3166126062672>' object has no attribute 'ListId'
2026-06-13 13:04:48  WARNING    Para 236: KeepTogether SET but read back False!
2026-06-13 13:04:48  DEBUG      Para 237: ListId error: '<win32com.gen_py.Microsoft Word 16.0 Object Library.ListFormat instance at 0x3166131032528>' object has no attribute 'ListId'
2026-06-13 13:04:48  DEBUG      Para 238: ListId error: '<win32com.gen_py.Microsoft Word 16.0 Object Library.ListFormat instance at 0x3166132146000>' object has no attribute 'ListId'
2026-06-13 13:04:48  DEBUG      Para 239: ListId error: '<win32com.gen_py.Microsoft Word 16.0 Object Library.ListFormat instance at 0x3166131032528>' object has no attribute 'ListId'
2026-06-13 13:04:48  DEBUG      Para 240: ListId error: '<win32com.gen_py.Microsoft Word 16.0 Object Library.ListFormat instance at 0x3166126062672>' object has no attribute 'ListId'
2026-06-13 13:04:48  WARNING    Para 240: KeepTogether SET but read back False!
2026-06-13 13:04:48  DEBUG      Para 241: ListId error: '<win32com.gen_py.Microsoft Word 16.0 Object Library.ListFormat instance at 0x3166131032528>' object has no attribute 'ListId'
2026-06-13 13:04:48  DEBUG      Para 242: ListId error: '<win32com.gen_py.Microsoft Word 16.0 Object Library.ListFormat instance at 0x3166132146000>' object has no attribute 'ListId'
2026-06-13 13:04:48  DEBUG      Para 243: ListId error: '<win32com.gen_py.Microsoft Word 16.0 Object Library.ListFormat instance at 0x3166131032528>' object has no attribute 'ListId'
2026-06-13 13:04:48  DEBUG      Para 244: ListId error: '<win32com.gen_py.Microsoft Word 16.0 Object Library.ListFormat instance at 0x3166126062672>' object has no attribute 'ListId'
2026-06-13 13:04:48  WARNING    Para 244: KeepTogether SET but read back False!
2026-06-13 13:04:48  DEBUG      Para 245: ListId error: '<win32com.gen_py.Microsoft Word 16.0 Object Library.ListFormat instance at 0x3166131032528>' object has no attribute 'ListId'
2026-06-13 13:04:48  DEBUG      Para 246: ListId error: '<win32com.gen_py.Microsoft Word 16.0 Object Library.ListFormat instance at 0x3166132146000>' object has no attribute 'ListId'
2026-06-13 13:04:49  DEBUG      Para 247: ListId error: '<win32com.gen_py.Microsoft Word 16.0 Object Library.ListFormat instance at 0x3166131032528>' object has no attribute 'ListId'
2026-06-13 13:04:49  DEBUG      Para 248: ListId error: '<win32com.gen_py.Microsoft Word 16.0 Object Library.ListFormat instance at 0x3166126062672>' object has no attribute 'ListId'
2026-06-13 13:04:49  WARNING    Para 248: KeepTogether SET but read back False!
2026-06-13 13:04:49  DEBUG      Para 249: ListId error: '<win32com.gen_py.Microsoft Word 16.0 Object Library.ListFormat instance at 0x3166131032528>' object has no attribute 'ListId'
2026-06-13 13:04:49  DEBUG      Para 250: ListId error: '<win32com.gen_py.Microsoft Word 16.0 Object Library.ListFormat instance at 0x3166132146000>' object has no attribute 'ListId'
2026-06-13 13:04:49  DEBUG      Para 251: ListId error: '<win32com.gen_py.Microsoft Word 16.0 Object Library.ListFormat instance at 0x3166131032528>' object has no attribute 'ListId'
2026-06-13 13:04:49  DEBUG      Para 252: ListId error: '<win32com.gen_py.Microsoft Word 16.0 Object Library.ListFormat instance at 0x3166126062672>' object has no attribute 'ListId'
2026-06-13 13:04:49  DEBUG      Para 252 [Heading 1]: KeepWithNext 0 -> -1  '4. Codebase — JavaScript Modules'
2026-06-13 13:04:49  DEBUG      Para 253: ListId error: '<win32com.gen_py.Microsoft Word 16.0 Object Library.ListFormat instance at 0x3166131032528>' object has no attribute 'ListId'
2026-06-13 13:04:49  DEBUG      Para 254: ListId error: '<win32com.gen_py.Microsoft Word 16.0 Object Library.ListFormat instance at 0x3166132146000>' object has no attribute 'ListId'
2026-06-13 13:04:49  DEBUG      Para 254 [Heading 2]: KeepWithNext 0 -> -1  '4. 1'
2026-06-13 13:04:49  DEBUG      Para 255: ListId error: '<win32com.gen_py.Microsoft Word 16.0 Object Library.ListFormat instance at 0x3166131032528>' object has no attribute 'ListId'
2026-06-13 13:04:49  DEBUG      Para 256: ListId error: '<win32com.gen_py.Microsoft Word 16.0 Object Library.ListFormat instance at 0x3166126062672>' object has no attribute 'ListId'
2026-06-13 13:04:49  DEBUG      Para 257: ListId error: '<win32com.gen_py.Microsoft Word 16.0 Object Library.ListFormat instance at 0x3166131032528>' object has no attribute 'ListId'
2026-06-13 13:04:49  DEBUG      Para 257 [Heading 1]: KeepWithNext 0 -> -1  'Server initialisation'
2026-06-13 13:04:49  DEBUG      Para 258: ListId error: '<win32com.gen_py.Microsoft Word 16.0 Object Library.ListFormat instance at 0x3166132146000>' object has no attribute 'ListId'
2026-06-13 13:04:49  DEBUG      Para 259: ListId error: '<win32com.gen_py.Microsoft Word 16.0 Object Library.ListFormat instance at 0x3166131032528>' object has no attribute 'ListId'
2026-06-13 13:04:49  DEBUG      Para 260: ListId error: '<win32com.gen_py.Microsoft Word 16.0 Object Library.ListFormat instance at 0x3166126062672>' object has no attribute 'ListId'
2026-06-13 13:04:49  DEBUG      Para 261: ListId error: '<win32com.gen_py.Microsoft Word 16.0 Object Library.ListFormat instance at 0x3166131032528>' object has no attribute 'ListId'
2026-06-13 13:04:49  DEBUG      Para 261 [Heading 1]: KeepWithNext 0 -> -1  'CONTEXT_LIFE — lifespan constants'
2026-06-13 13:04:49  DEBUG      Para 262: ListId error: '<win32com.gen_py.Microsoft Word 16.0 Object Library.ListFormat instance at 0x3166132146000>' object has no attribute 'ListId'
2026-06-13 13:04:49  DEBUG      Para 263: ListId error: '<win32com.gen_py.Microsoft Word 16.0 Object Library.ListFormat instance at 0x3166131032528>' object has no attribute 'ListId'
2026-06-13 13:04:49  DEBUG      Para 264: ListId error: '<win32com.gen_py.Microsoft Word 16.0 Object Library.ListFormat instance at 0x3166126062672>' object has no attribute 'ListId'
2026-06-13 13:04:49  DEBUG      Para 265: ListId error: '<win32com.gen_py.Microsoft Word 16.0 Object Library.ListFormat instance at 0x3166131032528>' object has no attribute 'ListId'
2026-06-13 13:04:49  DEBUG      Para 266: ListId error: '<win32com.gen_py.Microsoft Word 16.0 Object Library.ListFormat instance at 0x3166131032528>' object has no attribute 'ListId'
2026-06-13 13:04:49  DEBUG      Para 267: ListId error: '<win32com.gen_py.Microsoft Word 16.0 Object Library.ListFormat instance at 0x3166131032608>' object has no attribute 'ListId'
2026-06-13 13:04:49  DEBUG      Para 268: ListId error: '<win32com.gen_py.Microsoft Word 16.0 Object Library.ListFormat instance at 0x3166131032608>' object has no attribute 'ListId'
2026-06-13 13:04:49  DEBUG      Para 269: ListId error: '<win32com.gen_py.Microsoft Word 16.0 Object Library.ListFormat instance at 0x3166131032528>' object has no attribute 'ListId'
2026-06-13 13:04:49  DEBUG      Para 270: ListId error: '<win32com.gen_py.Microsoft Word 16.0 Object Library.ListFormat instance at 0x3166131032528>' object has no attribute 'ListId'
2026-06-13 13:04:49  DEBUG      Para 271: ListId error: '<win32com.gen_py.Microsoft Word 16.0 Object Library.ListFormat instance at 0x3166131032608>' object has no attribute 'ListId'
2026-06-13 13:04:49  DEBUG      Para 272: ListId error: '<win32com.gen_py.Microsoft Word 16.0 Object Library.ListFormat instance at 0x3166132146000>' object has no attribute 'ListId'
2026-06-13 13:04:49  DEBUG      Para 273: ListId error: '<win32com.gen_py.Microsoft Word 16.0 Object Library.ListFormat instance at 0x3166131032608>' object has no attribute 'ListId'
2026-06-13 13:04:50  DEBUG      Para 274: ListId error: '<win32com.gen_py.Microsoft Word 16.0 Object Library.ListFormat instance at 0x3166126062672>' object has no attribute 'ListId'
2026-06-13 13:04:50  DEBUG      Para 275: ListId error: '<win32com.gen_py.Microsoft Word 16.0 Object Library.ListFormat instance at 0x3166131032608>' object has no attribute 'ListId'
2026-06-13 13:04:50  DEBUG      Para 276: ListId error: '<win32com.gen_py.Microsoft Word 16.0 Object Library.ListFormat instance at 0x3166132146000>' object has no attribute 'ListId'
2026-06-13 13:04:50  DEBUG      Para 277: ListId error: '<win32com.gen_py.Microsoft Word 16.0 Object Library.ListFormat instance at 0x3166131032608>' object has no attribute 'ListId'
2026-06-13 13:04:50  DEBUG      Para 278: ListId error: '<win32com.gen_py.Microsoft Word 16.0 Object Library.ListFormat instance at 0x3166131032608>' object has no attribute 'ListId'
2026-06-13 13:04:50  DEBUG      Para 279: ListId error: '<win32com.gen_py.Microsoft Word 16.0 Object Library.ListFormat instance at 0x3166131032528>' object has no attribute 'ListId'
2026-06-13 13:04:50  DEBUG      Para 280: ListId error: '<win32com.gen_py.Microsoft Word 16.0 Object Library.ListFormat instance at 0x3166126062672>' object has no attribute 'ListId'
2026-06-13 13:04:50  DEBUG      Para 281: ListId error: '<win32com.gen_py.Microsoft Word 16.0 Object Library.ListFormat instance at 0x3166131032528>' object has no attribute 'ListId'
2026-06-13 13:04:50  DEBUG      Para 282: ListId error: '<win32com.gen_py.Microsoft Word 16.0 Object Library.ListFormat instance at 0x3166132146000>' object has no attribute 'ListId'
2026-06-13 13:04:50  WARNING    Para 282: KeepTogether SET but read back False!
2026-06-13 13:04:50  DEBUG      Para 283: ListId error: '<win32com.gen_py.Microsoft Word 16.0 Object Library.ListFormat instance at 0x3166131032528>' object has no attribute 'ListId'
2026-06-13 13:04:50  DEBUG      Para 284: ListId error: '<win32com.gen_py.Microsoft Word 16.0 Object Library.ListFormat instance at 0x3166126062672>' object has no attribute 'ListId'
2026-06-13 13:04:50  DEBUG      Para 285: ListId error: '<win32com.gen_py.Microsoft Word 16.0 Object Library.ListFormat instance at 0x3166131032528>' object has no attribute 'ListId'
2026-06-13 13:04:50  WARNING    Para 285: KeepTogether SET but read back False!
2026-06-13 13:04:50  DEBUG      Para 286: ListId error: '<win32com.gen_py.Microsoft Word 16.0 Object Library.ListFormat instance at 0x3166132146000>' object has no attribute 'ListId'
2026-06-13 13:04:50  DEBUG      Para 287: ListId error: '<win32com.gen_py.Microsoft Word 16.0 Object Library.ListFormat instance at 0x3166131032528>' object has no attribute 'ListId'
2026-06-13 13:04:50  DEBUG      Para 288: ListId error: '<win32com.gen_py.Microsoft Word 16.0 Object Library.ListFormat instance at 0x3166126062672>' object has no attribute 'ListId'
2026-06-13 13:04:50  WARNING    Para 288: KeepTogether SET but read back False!
2026-06-13 13:04:50  DEBUG      Para 289: ListId error: '<win32com.gen_py.Microsoft Word 16.0 Object Library.ListFormat instance at 0x3166131032528>' object has no attribute 'ListId'
2026-06-13 13:04:50  DEBUG      Para 290: ListId error: '<win32com.gen_py.Microsoft Word 16.0 Object Library.ListFormat instance at 0x3166132146000>' object has no attribute 'ListId'
2026-06-13 13:04:50  DEBUG      Para 291: ListId error: '<win32com.gen_py.Microsoft Word 16.0 Object Library.ListFormat instance at 0x3166131032528>' object has no attribute 'ListId'
2026-06-13 13:04:50  WARNING    Para 291: KeepTogether SET but read back False!
2026-06-13 13:04:50  DEBUG      Para 292: ListId error: '<win32com.gen_py.Microsoft Word 16.0 Object Library.ListFormat instance at 0x3166126062672>' object has no attribute 'ListId'
2026-06-13 13:04:50  DEBUG      Para 293: ListId error: '<win32com.gen_py.Microsoft Word 16.0 Object Library.ListFormat instance at 0x3166131032528>' object has no attribute 'ListId'
2026-06-13 13:04:50  DEBUG      Para 294: ListId error: '<win32com.gen_py.Microsoft Word 16.0 Object Library.ListFormat instance at 0x3166132146000>' object has no attribute 'ListId'
2026-06-13 13:04:50  WARNING    Para 294: KeepTogether SET but read back False!
2026-06-13 13:04:50  DEBUG      Para 295: ListId error: '<win32com.gen_py.Microsoft Word 16.0 Object Library.ListFormat instance at 0x3166131032528>' object has no attribute 'ListId'
2026-06-13 13:04:50  DEBUG      Para 296: ListId error: '<win32com.gen_py.Microsoft Word 16.0 Object Library.ListFormat instance at 0x3166126062672>' object has no attribute 'ListId'
2026-06-13 13:04:50  DEBUG      Para 297: ListId error: '<win32com.gen_py.Microsoft Word 16.0 Object Library.ListFormat instance at 0x3166131032528>' object has no attribute 'ListId'
2026-06-13 13:04:51  WARNING    Para 297: KeepTogether SET but read back False!
2026-06-13 13:04:51  DEBUG      Para 298: ListId error: '<win32com.gen_py.Microsoft Word 16.0 Object Library.ListFormat instance at 0x3166132146000>' object has no attribute 'ListId'
2026-06-13 13:04:51  DEBUG      Para 299: ListId error: '<win32com.gen_py.Microsoft Word 16.0 Object Library.ListFormat instance at 0x3166131032528>' object has no attribute 'ListId'
2026-06-13 13:04:51  DEBUG      Para 300: ListId error: '<win32com.gen_py.Microsoft Word 16.0 Object Library.ListFormat instance at 0x3166126062672>' object has no attribute 'ListId'
2026-06-13 13:04:51  WARNING    Para 300: KeepTogether SET but read back False!
2026-06-13 13:04:51  DEBUG      Para 301: ListId error: '<win32com.gen_py.Microsoft Word 16.0 Object Library.ListFormat instance at 0x3166131032528>' object has no attribute 'ListId'
2026-06-13 13:04:51  DEBUG      Para 302: ListId error: '<win32com.gen_py.Microsoft Word 16.0 Object Library.ListFormat instance at 0x3166132146000>' object has no attribute 'ListId'
2026-06-13 13:04:51  DEBUG      Para 303: ListId error: '<win32com.gen_py.Microsoft Word 16.0 Object Library.ListFormat instance at 0x3166131032528>' object has no attribute 'ListId'
2026-06-13 13:04:51  WARNING    Para 303: KeepTogether SET but read back False!
2026-06-13 13:04:51  DEBUG      Para 304: ListId error: '<win32com.gen_py.Microsoft Word 16.0 Object Library.ListFormat instance at 0x3166126062672>' object has no attribute 'ListId'
2026-06-13 13:04:51  DEBUG      Para 305: ListId error: '<win32com.gen_py.Microsoft Word 16.0 Object Library.ListFormat instance at 0x3166131032528>' object has no attribute 'ListId'
2026-06-13 13:04:51  DEBUG      Para 306: ListId error: '<win32com.gen_py.Microsoft Word 16.0 Object Library.ListFormat instance at 0x3166132146000>' object has no attribute 'ListId'
2026-06-13 13:04:51  WARNING    Para 306: KeepTogether SET but read back False!
2026-06-13 13:04:51  DEBUG      Para 307: ListId error: '<win32com.gen_py.Microsoft Word 16.0 Object Library.ListFormat instance at 0x3166131032528>' object has no attribute 'ListId'
2026-06-13 13:04:51  DEBUG      Para 308: ListId error: '<win32com.gen_py.Microsoft Word 16.0 Object Library.ListFormat instance at 0x3166126062672>' object has no attribute 'ListId'
2026-06-13 13:04:51  DEBUG      Para 309: ListId error: '<win32com.gen_py.Microsoft Word 16.0 Object Library.ListFormat instance at 0x3166131032528>' object has no attribute 'ListId'
2026-06-13 13:04:51  WARNING    Para 309: KeepTogether SET but read back False!
2026-06-13 13:04:51  DEBUG      Para 310: ListId error: '<win32com.gen_py.Microsoft Word 16.0 Object Library.ListFormat instance at 0x3166132146000>' object has no attribute 'ListId'
2026-06-13 13:04:51  DEBUG      Para 311: ListId error: '<win32com.gen_py.Microsoft Word 16.0 Object Library.ListFormat instance at 0x3166131032528>' object has no attribute 'ListId'
2026-06-13 13:04:51  DEBUG      Para 312: ListId error: '<win32com.gen_py.Microsoft Word 16.0 Object Library.ListFormat instance at 0x3166126062672>' object has no attribute 'ListId'
2026-06-13 13:04:51  WARNING    Para 312: KeepTogether SET but read back False!
2026-06-13 13:04:51  DEBUG      Para 313: ListId error: '<win32com.gen_py.Microsoft Word 16.0 Object Library.ListFormat instance at 0x3166131032528>' object has no attribute 'ListId'
2026-06-13 13:04:51  DEBUG      Para 314: ListId error: '<win32com.gen_py.Microsoft Word 16.0 Object Library.ListFormat instance at 0x3166132146000>' object has no attribute 'ListId'
2026-06-13 13:04:51  DEBUG      Para 315: ListId error: '<win32com.gen_py.Microsoft Word 16.0 Object Library.ListFormat instance at 0x3166131032528>' object has no attribute 'ListId'
2026-06-13 13:04:51  WARNING    Para 315: KeepTogether SET but read back False!
2026-06-13 13:04:51  DEBUG      Para 316: ListId error: '<win32com.gen_py.Microsoft Word 16.0 Object Library.ListFormat instance at 0x3166126062672>' object has no attribute 'ListId'
2026-06-13 13:04:51  DEBUG      Para 317: ListId error: '<win32com.gen_py.Microsoft Word 16.0 Object Library.ListFormat instance at 0x3166131032528>' object has no attribute 'ListId'
2026-06-13 13:04:51  DEBUG      Para 318: ListId error: '<win32com.gen_py.Microsoft Word 16.0 Object Library.ListFormat instance at 0x3166132146000>' object has no attribute 'ListId'
2026-06-13 13:04:51  WARNING    Para 318: KeepTogether SET but read back False!
2026-06-13 13:04:51  DEBUG      Para 319: ListId error: '<win32com.gen_py.Microsoft Word 16.0 Object Library.ListFormat instance at 0x3166131032528>' object has no attribute 'ListId'
2026-06-13 13:04:51  DEBUG      Para 320: ListId error: '<win32com.gen_py.Microsoft Word 16.0 Object Library.ListFormat instance at 0x3166126062672>' object has no attribute 'ListId'
2026-06-13 13:04:51  DEBUG      Para 321: ListId error: '<win32com.gen_py.Microsoft Word 16.0 Object Library.ListFormat instance at 0x3166131032528>' object has no attribute 'ListId'
2026-06-13 13:04:52  WARNING    Para 321: KeepTogether SET but read back False!
2026-06-13 13:04:52  DEBUG      Para 322: ListId error: '<win32com.gen_py.Microsoft Word 16.0 Object Library.ListFormat instance at 0x3166132146000>' object has no attribute 'ListId'
2026-06-13 13:04:52  DEBUG      Para 323: ListId error: '<win32com.gen_py.Microsoft Word 16.0 Object Library.ListFormat instance at 0x3166131032528>' object has no attribute 'ListId'
2026-06-13 13:04:52  DEBUG      Para 324: ListId error: '<win32com.gen_py.Microsoft Word 16.0 Object Library.ListFormat instance at 0x3166126062672>' object has no attribute 'ListId'
2026-06-13 13:04:52  WARNING    Para 324: KeepTogether SET but read back False!
2026-06-13 13:04:52  DEBUG      Para 325: ListId error: '<win32com.gen_py.Microsoft Word 16.0 Object Library.ListFormat instance at 0x3166131032528>' object has no attribute 'ListId'
2026-06-13 13:04:52  DEBUG      Para 326: ListId error: '<win32com.gen_py.Microsoft Word 16.0 Object Library.ListFormat instance at 0x3166132146000>' object has no attribute 'ListId'
2026-06-13 13:04:52  DEBUG      Para 327: ListId error: '<win32com.gen_py.Microsoft Word 16.0 Object Library.ListFormat instance at 0x3166131032528>' object has no attribute 'ListId'
2026-06-13 13:04:52  WARNING    Para 327: KeepTogether SET but read back False!
2026-06-13 13:04:52  DEBUG      Para 328: ListId error: '<win32com.gen_py.Microsoft Word 16.0 Object Library.ListFormat instance at 0x3166126062672>' object has no attribute 'ListId'
2026-06-13 13:04:52  DEBUG      Para 329: ListId error: '<win32com.gen_py.Microsoft Word 16.0 Object Library.ListFormat instance at 0x3166131032528>' object has no attribute 'ListId'
2026-06-13 13:04:52  DEBUG      Para 330: ListId error: '<win32com.gen_py.Microsoft Word 16.0 Object Library.ListFormat instance at 0x3166132146000>' object has no attribute 'ListId'
2026-06-13 13:04:52  DEBUG      Para 331: ListId error: '<win32com.gen_py.Microsoft Word 16.0 Object Library.ListFormat instance at 0x3166131032528>' object has no attribute 'ListId'
2026-06-13 13:04:52  DEBUG      Para 332: ListId error: '<win32com.gen_py.Microsoft Word 16.0 Object Library.ListFormat instance at 0x3166126062672>' object has no attribute 'ListId'
2026-06-13 13:04:52  DEBUG      Para 333: ListId error: '<win32com.gen_py.Microsoft Word 16.0 Object Library.ListFormat instance at 0x3166131032528>' object has no attribute 'ListId'
2026-06-13 13:04:52  WARNING    Para 333: KeepTogether SET but read back False!
2026-06-13 13:04:52  DEBUG      Para 334: ListId error: '<win32com.gen_py.Microsoft Word 16.0 Object Library.ListFormat instance at 0x3166132146000>' object has no attribute 'ListId'
2026-06-13 13:04:52  DEBUG      Para 335: ListId error: '<win32com.gen_py.Microsoft Word 16.0 Object Library.ListFormat instance at 0x3166131032528>' object has no attribute 'ListId'
2026-06-13 13:04:52  DEBUG      Para 336: ListId error: '<win32com.gen_py.Microsoft Word 16.0 Object Library.ListFormat instance at 0x3166126062672>' object has no attribute 'ListId'
2026-06-13 13:04:52  DEBUG      Para 337: ListId error: '<win32com.gen_py.Microsoft Word 16.0 Object Library.ListFormat instance at 0x3166131032528>' object has no attribute 'ListId'
2026-06-13 13:04:52  WARNING    Para 337: KeepTogether SET but read back False!
2026-06-13 13:04:52  DEBUG      Para 338: ListId error: '<win32com.gen_py.Microsoft Word 16.0 Object Library.ListFormat instance at 0x3166132146000>' object has no attribute 'ListId'
2026-06-13 13:04:52  DEBUG      Para 339: ListId error: '<win32com.gen_py.Microsoft Word 16.0 Object Library.ListFormat instance at 0x3166131032528>' object has no attribute 'ListId'
2026-06-13 13:04:52  DEBUG      Para 340: ListId error: '<win32com.gen_py.Microsoft Word 16.0 Object Library.ListFormat instance at 0x3166126062672>' object has no attribute 'ListId'
2026-06-13 13:04:52  DEBUG      Para 341: ListId error: '<win32com.gen_py.Microsoft Word 16.0 Object Library.ListFormat instance at 0x3166131032528>' object has no attribute 'ListId'
2026-06-13 13:04:52  WARNING    Para 341: KeepTogether SET but read back False!
2026-06-13 13:04:52  DEBUG      Para 342: ListId error: '<win32com.gen_py.Microsoft Word 16.0 Object Library.ListFormat instance at 0x3166132146000>' object has no attribute 'ListId'
2026-06-13 13:04:52  DEBUG      Para 343: ListId error: '<win32com.gen_py.Microsoft Word 16.0 Object Library.ListFormat instance at 0x3166131032528>' object has no attribute 'ListId'
2026-06-13 13:04:52  DEBUG      Para 344: ListId error: '<win32com.gen_py.Microsoft Word 16.0 Object Library.ListFormat instance at 0x3166126062672>' object has no attribute 'ListId'
2026-06-13 13:04:52  DEBUG      Para 345: ListId error: '<win32com.gen_py.Microsoft Word 16.0 Object Library.ListFormat instance at 0x3166131032528>' object has no attribute 'ListId'
2026-06-13 13:04:53  WARNING    Para 345: KeepTogether SET but read back False!
2026-06-13 13:04:53  DEBUG      Para 346: ListId error: '<win32com.gen_py.Microsoft Word 16.0 Object Library.ListFormat instance at 0x3166132146000>' object has no attribute 'ListId'
2026-06-13 13:04:53  DEBUG      Para 347: ListId error: '<win32com.gen_py.Microsoft Word 16.0 Object Library.ListFormat instance at 0x3166131032528>' object has no attribute 'ListId'
2026-06-13 13:04:53  DEBUG      Para 348: ListId error: '<win32com.gen_py.Microsoft Word 16.0 Object Library.ListFormat instance at 0x3166131032608>' object has no attribute 'ListId'
2026-06-13 13:04:53  DEBUG      Para 349: ListId error: '<win32com.gen_py.Microsoft Word 16.0 Object Library.ListFormat instance at 0x3166132146000>' object has no attribute 'ListId'
2026-06-13 13:04:53  WARNING    Para 349: KeepTogether SET but read back False!
2026-06-13 13:04:53  DEBUG      Para 350: ListId error: '<win32com.gen_py.Microsoft Word 16.0 Object Library.ListFormat instance at 0x3166131032608>' object has no attribute 'ListId'
2026-06-13 13:04:53  DEBUG      Para 351: ListId error: '<win32com.gen_py.Microsoft Word 16.0 Object Library.ListFormat instance at 0x3166126062672>' object has no attribute 'ListId'
2026-06-13 13:04:53  DEBUG      Para 352: ListId error: '<win32com.gen_py.Microsoft Word 16.0 Object Library.ListFormat instance at 0x3166131032608>' object has no attribute 'ListId'
2026-06-13 13:04:53  DEBUG      Para 353: ListId error: '<win32com.gen_py.Microsoft Word 16.0 Object Library.ListFormat instance at 0x3166132146000>' object has no attribute 'ListId'
2026-06-13 13:04:53  WARNING    Para 353: KeepTogether SET but read back False!
2026-06-13 13:04:53  DEBUG      Para 354: ListId error: '<win32com.gen_py.Microsoft Word 16.0 Object Library.ListFormat instance at 0x3166131032608>' object has no attribute 'ListId'
2026-06-13 13:04:53  DEBUG      Para 355: ListId error: '<win32com.gen_py.Microsoft Word 16.0 Object Library.ListFormat instance at 0x3166126062672>' object has no attribute 'ListId'
2026-06-13 13:04:53  DEBUG      Para 356: ListId error: '<win32com.gen_py.Microsoft Word 16.0 Object Library.ListFormat instance at 0x3166131032528>' object has no attribute 'ListId'
2026-06-13 13:04:53  DEBUG      Para 357: ListId error: '<win32com.gen_py.Microsoft Word 16.0 Object Library.ListFormat instance at 0x3166132146000>' object has no attribute 'ListId'
2026-06-13 13:04:53  WARNING    Para 357: KeepTogether SET but read back False!
2026-06-13 13:04:53  DEBUG      Para 358: ListId error: '<win32com.gen_py.Microsoft Word 16.0 Object Library.ListFormat instance at 0x3166131032528>' object has no attribute 'ListId'
2026-06-13 13:04:53  DEBUG      Para 359: ListId error: '<win32com.gen_py.Microsoft Word 16.0 Object Library.ListFormat instance at 0x3166126062672>' object has no attribute 'ListId'
2026-06-13 13:04:53  DEBUG      Para 360: ListId error: '<win32com.gen_py.Microsoft Word 16.0 Object Library.ListFormat instance at 0x3166131032528>' object has no attribute 'ListId'
2026-06-13 13:04:53  DEBUG      Para 361: ListId error: '<win32com.gen_py.Microsoft Word 16.0 Object Library.ListFormat instance at 0x3166132146000>' object has no attribute 'ListId'
2026-06-13 13:04:53  WARNING    Para 361: KeepTogether SET but read back False!
2026-06-13 13:04:53  DEBUG      Para 362: ListId error: '<win32com.gen_py.Microsoft Word 16.0 Object Library.ListFormat instance at 0x3166131032528>' object has no attribute 'ListId'
2026-06-13 13:04:53  DEBUG      Para 363: ListId error: '<win32com.gen_py.Microsoft Word 16.0 Object Library.ListFormat instance at 0x3166126062672>' object has no attribute 'ListId'
2026-06-13 13:04:53  DEBUG      Para 363 [Heading 2]: KeepWithNext 0 -> -1  '4. 2'
2026-06-13 13:04:53  DEBUG      Para 364: ListId error: '<win32com.gen_py.Microsoft Word 16.0 Object Library.ListFormat instance at 0x3166131032528>' object has no attribute 'ListId'
2026-06-13 13:04:53  DEBUG      Para 365: ListId error: '<win32com.gen_py.Microsoft Word 16.0 Object Library.ListFormat instance at 0x3166132146000>' object has no attribute 'ListId'
2026-06-13 13:04:53  DEBUG      Para 366: ListId error: '<win32com.gen_py.Microsoft Word 16.0 Object Library.ListFormat instance at 0x3166131032528>' object has no attribute 'ListId'
2026-06-13 13:04:53  DEBUG      Para 367: ListId error: '<win32com.gen_py.Microsoft Word 16.0 Object Library.ListFormat instance at 0x3166126062672>' object has no attribute 'ListId'
2026-06-13 13:04:53  DEBUG      Para 368: ListId error: '<win32com.gen_py.Microsoft Word 16.0 Object Library.ListFormat instance at 0x3166131032528>' object has no attribute 'ListId'
2026-06-13 13:04:53  DEBUG      Para 369: ListId error: '<win32com.gen_py.Microsoft Word 16.0 Object Library.ListFormat instance at 0x3166132146000>' object has no attribute 'ListId'
2026-06-13 13:04:54  DEBUG      Para 370: ListId error: '<win32com.gen_py.Microsoft Word 16.0 Object Library.ListFormat instance at 0x3166131032528>' object has no attribute 'ListId'
2026-06-13 13:04:54  DEBUG      Para 371: ListId error: '<win32com.gen_py.Microsoft Word 16.0 Object Library.ListFormat instance at 0x3166126062672>' object has no attribute 'ListId'
2026-06-13 13:04:54  DEBUG      Para 372: ListId error: '<win32com.gen_py.Microsoft Word 16.0 Object Library.ListFormat instance at 0x3166131032528>' object has no attribute 'ListId'
2026-06-13 13:04:54  DEBUG      Para 373: ListId error: '<win32com.gen_py.Microsoft Word 16.0 Object Library.ListFormat instance at 0x3166132146000>' object has no attribute 'ListId'
2026-06-13 13:04:54  DEBUG      Para 374: ListId error: '<win32com.gen_py.Microsoft Word 16.0 Object Library.ListFormat instance at 0x3166131032528>' object has no attribute 'ListId'
2026-06-13 13:04:54  DEBUG      Para 375: ListId error: '<win32com.gen_py.Microsoft Word 16.0 Object Library.ListFormat instance at 0x3166126062672>' object has no attribute 'ListId'
2026-06-13 13:04:54  DEBUG      Para 376: ListId error: '<win32com.gen_py.Microsoft Word 16.0 Object Library.ListFormat instance at 0x3166131032528>' object has no attribute 'ListId'
2026-06-13 13:04:54  DEBUG      Para 377: ListId error: '<win32com.gen_py.Microsoft Word 16.0 Object Library.ListFormat instance at 0x3166131032528>' object has no attribute 'ListId'
2026-06-13 13:04:54  DEBUG      Para 378: ListId error: '<win32com.gen_py.Microsoft Word 16.0 Object Library.ListFormat instance at 0x3166131032608>' object has no attribute 'ListId'
2026-06-13 13:04:54  DEBUG      Para 379: ListId error: '<win32com.gen_py.Microsoft Word 16.0 Object Library.ListFormat instance at 0x3166132146000>' object has no attribute 'ListId'
2026-06-13 13:04:54  DEBUG      Para 379 [Heading 2]: KeepWithNext 0 -> -1  '4. 3'
2026-06-13 13:04:54  DEBUG      Para 380: ListId error: '<win32com.gen_py.Microsoft Word 16.0 Object Library.ListFormat instance at 0x3166131032608>' object has no attribute 'ListId'
2026-06-13 13:04:54  DEBUG      Para 381: ListId error: '<win32com.gen_py.Microsoft Word 16.0 Object Library.ListFormat instance at 0x3166126062672>' object has no attribute 'ListId'
2026-06-13 13:04:54  DEBUG      Para 382: ListId error: '<win32com.gen_py.Microsoft Word 16.0 Object Library.ListFormat instance at 0x3166131032608>' object has no attribute 'ListId'
2026-06-13 13:04:54  DEBUG      Para 383: ListId error: '<win32com.gen_py.Microsoft Word 16.0 Object Library.ListFormat instance at 0x3166132146000>' object has no attribute 'ListId'
2026-06-13 13:04:54  DEBUG      Para 384: ListId error: '<win32com.gen_py.Microsoft Word 16.0 Object Library.ListFormat instance at 0x3166131032608>' object has no attribute 'ListId'
2026-06-13 13:04:54  DEBUG      Para 385: ListId error: '<win32com.gen_py.Microsoft Word 16.0 Object Library.ListFormat instance at 0x3166131032608>' object has no attribute 'ListId'
2026-06-13 13:04:54  DEBUG      Para 386: ListId error: '<win32com.gen_py.Microsoft Word 16.0 Object Library.ListFormat instance at 0x3166131032528>' object has no attribute 'ListId'
2026-06-13 13:04:54  DEBUG      Para 387: ListId error: '<win32com.gen_py.Microsoft Word 16.0 Object Library.ListFormat instance at 0x3166126062672>' object has no attribute 'ListId'
2026-06-13 13:04:54  DEBUG      Para 388: ListId error: '<win32com.gen_py.Microsoft Word 16.0 Object Library.ListFormat instance at 0x3166131032528>' object has no attribute 'ListId'
2026-06-13 13:04:54  DEBUG      Para 389: ListId error: '<win32com.gen_py.Microsoft Word 16.0 Object Library.ListFormat instance at 0x3166131032528>' object has no attribute 'ListId'
2026-06-13 13:04:54  DEBUG      Para 390: ListId error: '<win32com.gen_py.Microsoft Word 16.0 Object Library.ListFormat instance at 0x3166131032608>' object has no attribute 'ListId'
2026-06-13 13:04:54  DEBUG      Para 391: ListId error: '<win32com.gen_py.Microsoft Word 16.0 Object Library.ListFormat instance at 0x3166132146000>' object has no attribute 'ListId'
2026-06-13 13:04:54  DEBUG      Para 392: ListId error: '<win32com.gen_py.Microsoft Word 16.0 Object Library.ListFormat instance at 0x3166131032608>' object has no attribute 'ListId'
2026-06-13 13:04:54  DEBUG      Para 393: ListId error: '<win32com.gen_py.Microsoft Word 16.0 Object Library.ListFormat instance at 0x3166131032608>' object has no attribute 'ListId'
2026-06-13 13:04:55  DEBUG      Para 394: ListId error: '<win32com.gen_py.Microsoft Word 16.0 Object Library.ListFormat instance at 0x3166131032528>' object has no attribute 'ListId'
2026-06-13 13:04:55  DEBUG      Para 395: ListId error: '<win32com.gen_py.Microsoft Word 16.0 Object Library.ListFormat instance at 0x3166126062672>' object has no attribute 'ListId'
2026-06-13 13:04:55  DEBUG      Para 396: ListId error: '<win32com.gen_py.Microsoft Word 16.0 Object Library.ListFormat instance at 0x3166131032528>' object has no attribute 'ListId'
2026-06-13 13:04:55  DEBUG      Para 397: ListId error: '<win32com.gen_py.Microsoft Word 16.0 Object Library.ListFormat instance at 0x3166131032528>' object has no attribute 'ListId'
2026-06-13 13:04:55  DEBUG      Para 398: ListId error: '<win32com.gen_py.Microsoft Word 16.0 Object Library.ListFormat instance at 0x3166131032608>' object has no attribute 'ListId'
2026-06-13 13:04:55  DEBUG      Para 398 [Heading 2]: KeepWithNext 0 -> -1  '4.4  autoSync.js — Scheduler'
2026-06-13 13:04:55  DEBUG      Para 399: ListId error: '<win32com.gen_py.Microsoft Word 16.0 Object Library.ListFormat instance at 0x3166132146000>' object has no attribute 'ListId'
2026-06-13 13:04:55  DEBUG      Para 400: ListId error: '<win32com.gen_py.Microsoft Word 16.0 Object Library.ListFormat instance at 0x3166131032608>' object has no attribute 'ListId'
2026-06-13 13:04:55  DEBUG      Para 401: ListId error: '<win32com.gen_py.Microsoft Word 16.0 Object Library.ListFormat instance at 0x3166126062672>' object has no attribute 'ListId'
2026-06-13 13:04:55  DEBUG      Para 402: ListId error: '<win32com.gen_py.Microsoft Word 16.0 Object Library.ListFormat instance at 0x3166131032608>' object has no attribute 'ListId'
2026-06-13 13:04:55  DEBUG      Para 403: ListId error: '<win32com.gen_py.Microsoft Word 16.0 Object Library.ListFormat instance at 0x3166132146000>' object has no attribute 'ListId'
2026-06-13 13:04:55  DEBUG      Para 404: ListId error: '<win32com.gen_py.Microsoft Word 16.0 Object Library.ListFormat instance at 0x3166131032608>' object has no attribute 'ListId'
2026-06-13 13:04:55  DEBUG      Para 404 [Heading 2]: KeepWithNext 0 -> -1  '4.5  shiftLogService.js — Shift Session '
2026-06-13 13:04:55  DEBUG      Para 405: ListId error: '<win32com.gen_py.Microsoft Word 16.0 Object Library.ListFormat instance at 0x3166126062672>' object has no attribute 'ListId'
2026-06-13 13:04:55  DEBUG      Para 406: ListId error: '<win32com.gen_py.Microsoft Word 16.0 Object Library.ListFormat instance at 0x3166131032608>' object has no attribute 'ListId'
2026-06-13 13:04:55  DEBUG      Para 407: ListId error: '<win32com.gen_py.Microsoft Word 16.0 Object Library.ListFormat instance at 0x3166132146000>' object has no attribute 'ListId'
2026-06-13 13:04:55  DEBUG      Para 408: ListId error: '<win32com.gen_py.Microsoft Word 16.0 Object Library.ListFormat instance at 0x3166131032608>' object has no attribute 'ListId'
2026-06-13 13:04:55  DEBUG      Para 409: ListId error: '<win32com.gen_py.Microsoft Word 16.0 Object Library.ListFormat instance at 0x3166126062672>' object has no attribute 'ListId'
2026-06-13 13:04:55  DEBUG      Para 410: ListId error: '<win32com.gen_py.Microsoft Word 16.0 Object Library.ListFormat instance at 0x3166131032608>' object has no attribute 'ListId'
2026-06-13 13:04:55  DEBUG      Para 411: ListId error: '<win32com.gen_py.Microsoft Word 16.0 Object Library.ListFormat instance at 0x3166132146000>' object has no attribute 'ListId'
2026-06-13 13:04:55  DEBUG      Para 412: ListId error: '<win32com.gen_py.Microsoft Word 16.0 Object Library.ListFormat instance at 0x3166131032608>' object has no attribute 'ListId'
2026-06-13 13:04:55  DEBUG      Para 413: ListId error: '<win32com.gen_py.Microsoft Word 16.0 Object Library.ListFormat instance at 0x3166126062672>' object has no attribute 'ListId'
2026-06-13 13:04:55  DEBUG      Para 413 [Heading 2]: KeepWithNext 0 -> -1  '4. 6'
2026-06-13 13:04:55  DEBUG      Para 414: ListId error: '<win32com.gen_py.Microsoft Word 16.0 Object Library.ListFormat instance at 0x3166131032608>' object has no attribute 'ListId'
2026-06-13 13:04:55  DEBUG      Para 415: ListId error: '<win32com.gen_py.Microsoft Word 16.0 Object Library.ListFormat instance at 0x3166132146000>' object has no attribute 'ListId'
2026-06-13 13:04:55  DEBUG      Para 416: ListId error: '<win32com.gen_py.Microsoft Word 16.0 Object Library.ListFormat instance at 0x3166131032608>' object has no attribute 'ListId'
2026-06-13 13:04:55  DEBUG      Para 417: ListId error: '<win32com.gen_py.Microsoft Word 16.0 Object Library.ListFormat instance at 0x3166126062672>' object has no attribute 'ListId'
2026-06-13 13:04:56  DEBUG      Para 418: ListId error: '<win32com.gen_py.Microsoft Word 16.0 Object Library.ListFormat instance at 0x3166131032608>' object has no attribute 'ListId'
2026-06-13 13:04:56  DEBUG      Para 419: ListId error: '<win32com.gen_py.Microsoft Word 16.0 Object Library.ListFormat instance at 0x3166132146000>' object has no attribute 'ListId'
2026-06-13 13:04:56  DEBUG      Para 420: ListId error: '<win32com.gen_py.Microsoft Word 16.0 Object Library.ListFormat instance at 0x3166131032608>' object has no attribute 'ListId'
2026-06-13 13:04:56  DEBUG      Para 421: ListId error: '<win32com.gen_py.Microsoft Word 16.0 Object Library.ListFormat instance at 0x3166126062672>' object has no attribute 'ListId'
2026-06-13 13:04:56  DEBUG      Para 422: ListId error: '<win32com.gen_py.Microsoft Word 16.0 Object Library.ListFormat instance at 0x3166131032608>' object has no attribute 'ListId'
2026-06-13 13:04:56  DEBUG      Para 422 [Heading 2]: KeepWithNext 0 -> -1  '4. 7'
2026-06-13 13:04:56  DEBUG      Para 423: ListId error: '<win32com.gen_py.Microsoft Word 16.0 Object Library.ListFormat instance at 0x3166132146000>' object has no attribute 'ListId'
2026-06-13 13:04:56  DEBUG      Para 424: ListId error: '<win32com.gen_py.Microsoft Word 16.0 Object Library.ListFormat instance at 0x3166131032608>' object has no attribute 'ListId'
2026-06-13 13:04:56  DEBUG      Para 425: ListId error: '<win32com.gen_py.Microsoft Word 16.0 Object Library.ListFormat instance at 0x3166126062672>' object has no attribute 'ListId'
2026-06-13 13:04:56  DEBUG      Para 425 [Heading 2]: KeepWithNext 0 -> -1  '4.8  dataService.js — Database Read Laye'
2026-06-13 13:04:56  DEBUG      Para 426: ListId error: '<win32com.gen_py.Microsoft Word 16.0 Object Library.ListFormat instance at 0x3166131032608>' object has no attribute 'ListId'
2026-06-13 13:04:56  DEBUG      Para 427: ListId error: '<win32com.gen_py.Microsoft Word 16.0 Object Library.ListFormat instance at 0x3166132146000>' object has no attribute 'ListId'
2026-06-13 13:04:56  DEBUG      Para 428: ListId error: '<win32com.gen_py.Microsoft Word 16.0 Object Library.ListFormat instance at 0x3166131032608>' object has no attribute 'ListId'
2026-06-13 13:04:56  DEBUG      Para 429: ListId error: '<win32com.gen_py.Microsoft Word 16.0 Object Library.ListFormat instance at 0x3166126062672>' object has no attribute 'ListId'
2026-06-13 13:04:56  DEBUG      Para 430: ListId error: '<win32com.gen_py.Microsoft Word 16.0 Object Library.ListFormat instance at 0x3166131032608>' object has no attribute 'ListId'
2026-06-13 13:04:56  DEBUG      Para 431: ListId error: '<win32com.gen_py.Microsoft Word 16.0 Object Library.ListFormat instance at 0x3166132146000>' object has no attribute 'ListId'
2026-06-13 13:04:56  DEBUG      Para 432: ListId error: '<win32com.gen_py.Microsoft Word 16.0 Object Library.ListFormat instance at 0x3166131032608>' object has no attribute 'ListId'
2026-06-13 13:04:56  DEBUG      Para 433: ListId error: '<win32com.gen_py.Microsoft Word 16.0 Object Library.ListFormat instance at 0x3166126062672>' object has no attribute 'ListId'
2026-06-13 13:04:56  DEBUG      Para 433 [Heading 2]: KeepWithNext 0 -> -1  '4.9  onedriveExportService.js — OneDrive'
2026-06-13 13:04:56  DEBUG      Para 434: ListId error: '<win32com.gen_py.Microsoft Word 16.0 Object Library.ListFormat instance at 0x3166131032608>' object has no attribute 'ListId'
2026-06-13 13:04:56  DEBUG      Para 435: ListId error: '<win32com.gen_py.Microsoft Word 16.0 Object Library.ListFormat instance at 0x3166132146000>' object has no attribute 'ListId'
2026-06-13 13:04:56  DEBUG      Para 435 [Heading 2]: KeepWithNext 0 -> -1  '4.10  utils.js — Shared Utility Function'
2026-06-13 13:04:56  DEBUG      Para 436: ListId error: '<win32com.gen_py.Microsoft Word 16.0 Object Library.ListFormat instance at 0x3166131032608>' object has no attribute 'ListId'
2026-06-13 13:04:56  DEBUG      Para 437: ListId error: '<win32com.gen_py.Microsoft Word 16.0 Object Library.ListFormat instance at 0x3166126062672>' object has no attribute 'ListId'
2026-06-13 13:04:56  DEBUG      Para 438: ListId error: '<win32com.gen_py.Microsoft Word 16.0 Object Library.ListFormat instance at 0x3166131032608>' object has no attribute 'ListId'
2026-06-13 13:04:56  DEBUG      Para 439: ListId error: '<win32com.gen_py.Microsoft Word 16.0 Object Library.ListFormat instance at 0x3166132146000>' object has no attribute 'ListId'
2026-06-13 13:04:56  WARNING    Para 439: KeepTogether SET but read back False!
2026-06-13 13:04:56  DEBUG      Para 440: ListId error: '<win32com.gen_py.Microsoft Word 16.0 Object Library.ListFormat instance at 0x3166131032608>' object has no attribute 'ListId'
2026-06-13 13:04:56  DEBUG      Para 441: ListId error: '<win32com.gen_py.Microsoft Word 16.0 Object Library.ListFormat instance at 0x3166126062672>' object has no attribute 'ListId'
2026-06-13 13:04:57  DEBUG      Para 442: ListId error: '<win32com.gen_py.Microsoft Word 16.0 Object Library.ListFormat instance at 0x3166131032608>' object has no attribute 'ListId'
2026-06-13 13:04:57  DEBUG      Para 443: ListId error: '<win32com.gen_py.Microsoft Word 16.0 Object Library.ListFormat instance at 0x3166132146000>' object has no attribute 'ListId'
2026-06-13 13:04:57  WARNING    Para 443: KeepTogether SET but read back False!
2026-06-13 13:04:57  DEBUG      Para 444: ListId error: '<win32com.gen_py.Microsoft Word 16.0 Object Library.ListFormat instance at 0x3166131032528>' object has no attribute 'ListId'
2026-06-13 13:04:57  DEBUG      Para 445: ListId error: '<win32com.gen_py.Microsoft Word 16.0 Object Library.ListFormat instance at 0x3166126062672>' object has no attribute 'ListId'
2026-06-13 13:04:57  DEBUG      Para 446: ListId error: '<win32com.gen_py.Microsoft Word 16.0 Object Library.ListFormat instance at 0x3166131032528>' object has no attribute 'ListId'
2026-06-13 13:04:57  DEBUG      Para 447: ListId error: '<win32com.gen_py.Microsoft Word 16.0 Object Library.ListFormat instance at 0x3166132146000>' object has no attribute 'ListId'
2026-06-13 13:04:57  WARNING    Para 447: KeepTogether SET but read back False!
2026-06-13 13:04:57  DEBUG      Para 448: ListId error: '<win32com.gen_py.Microsoft Word 16.0 Object Library.ListFormat instance at 0x3166131032528>' object has no attribute 'ListId'
2026-06-13 13:04:57  DEBUG      Para 449: ListId error: '<win32com.gen_py.Microsoft Word 16.0 Object Library.ListFormat instance at 0x3166126062672>' object has no attribute 'ListId'
2026-06-13 13:04:57  DEBUG      Para 450: ListId error: '<win32com.gen_py.Microsoft Word 16.0 Object Library.ListFormat instance at 0x3166131032528>' object has no attribute 'ListId'
2026-06-13 13:04:57  DEBUG      Para 451: ListId error: '<win32com.gen_py.Microsoft Word 16.0 Object Library.ListFormat instance at 0x3166132146000>' object has no attribute 'ListId'
2026-06-13 13:04:57  WARNING    Para 451: KeepTogether SET but read back False!
2026-06-13 13:04:57  DEBUG      Para 452: ListId error: '<win32com.gen_py.Microsoft Word 16.0 Object Library.ListFormat instance at 0x3166131032528>' object has no attribute 'ListId'
2026-06-13 13:04:57  DEBUG      Para 453: ListId error: '<win32com.gen_py.Microsoft Word 16.0 Object Library.ListFormat instance at 0x3166126062672>' object has no attribute 'ListId'
2026-06-13 13:04:57  DEBUG      Para 454: ListId error: '<win32com.gen_py.Microsoft Word 16.0 Object Library.ListFormat instance at 0x3166131032528>' object has no attribute 'ListId'
2026-06-13 13:04:57  DEBUG      Para 455: ListId error: '<win32com.gen_py.Microsoft Word 16.0 Object Library.ListFormat instance at 0x3166132146000>' object has no attribute 'ListId'
2026-06-13 13:04:57  WARNING    Para 455: KeepTogether SET but read back False!
2026-06-13 13:04:57  DEBUG      Para 456: ListId error: '<win32com.gen_py.Microsoft Word 16.0 Object Library.ListFormat instance at 0x3166131032528>' object has no attribute 'ListId'
2026-06-13 13:04:57  DEBUG      Para 457: ListId error: '<win32com.gen_py.Microsoft Word 16.0 Object Library.ListFormat instance at 0x3166126062672>' object has no attribute 'ListId'
2026-06-13 13:04:57  DEBUG      Para 458: ListId error: '<win32com.gen_py.Microsoft Word 16.0 Object Library.ListFormat instance at 0x3166131032528>' object has no attribute 'ListId'
2026-06-13 13:04:57  DEBUG      Para 459: ListId error: '<win32com.gen_py.Microsoft Word 16.0 Object Library.ListFormat instance at 0x3166132146000>' object has no attribute 'ListId'
2026-06-13 13:04:57  WARNING    Para 459: KeepTogether SET but read back False!
2026-06-13 13:04:57  DEBUG      Para 460: ListId error: '<win32com.gen_py.Microsoft Word 16.0 Object Library.ListFormat instance at 0x3166131032528>' object has no attribute 'ListId'
2026-06-13 13:04:57  DEBUG      Para 461: ListId error: '<win32com.gen_py.Microsoft Word 16.0 Object Library.ListFormat instance at 0x3166126062672>' object has no attribute 'ListId'
2026-06-13 13:04:57  DEBUG      Para 462: ListId error: '<win32com.gen_py.Microsoft Word 16.0 Object Library.ListFormat instance at 0x3166131032528>' object has no attribute 'ListId'
2026-06-13 13:04:57  DEBUG      Para 463: ListId error: '<win32com.gen_py.Microsoft Word 16.0 Object Library.ListFormat instance at 0x3166132146000>' object has no attribute 'ListId'
2026-06-13 13:04:57  WARNING    Para 463: KeepTogether SET but read back False!
2026-06-13 13:04:57  DEBUG      Para 464: ListId error: '<win32com.gen_py.Microsoft Word 16.0 Object Library.ListFormat instance at 0x3166131032528>' object has no attribute 'ListId'
2026-06-13 13:04:58  DEBUG      Para 465: ListId error: '<win32com.gen_py.Microsoft Word 16.0 Object Library.ListFormat instance at 0x3166126062672>' object has no attribute 'ListId'
2026-06-13 13:04:58  DEBUG      Para 466: ListId error: '<win32com.gen_py.Microsoft Word 16.0 Object Library.ListFormat instance at 0x3166131032608>' object has no attribute 'ListId'
2026-06-13 13:04:58  DEBUG      Para 467: ListId error: '<win32com.gen_py.Microsoft Word 16.0 Object Library.ListFormat instance at 0x3166132146000>' object has no attribute 'ListId'
2026-06-13 13:04:58  WARNING    Para 467: KeepTogether SET but read back False!
2026-06-13 13:04:58  DEBUG      Para 468: ListId error: '<win32com.gen_py.Microsoft Word 16.0 Object Library.ListFormat instance at 0x3166131032608>' object has no attribute 'ListId'
2026-06-13 13:04:58  DEBUG      Para 469: ListId error: '<win32com.gen_py.Microsoft Word 16.0 Object Library.ListFormat instance at 0x3166126062672>' object has no attribute 'ListId'
2026-06-13 13:04:58  DEBUG      Para 470: ListId error: '<win32com.gen_py.Microsoft Word 16.0 Object Library.ListFormat instance at 0x3166131032608>' object has no attribute 'ListId'
2026-06-13 13:04:58  DEBUG      Para 471: ListId error: '<win32com.gen_py.Microsoft Word 16.0 Object Library.ListFormat instance at 0x3166132146000>' object has no attribute 'ListId'
2026-06-13 13:04:58  WARNING    Para 471: KeepTogether SET but read back False!
2026-06-13 13:04:58  DEBUG      Para 472: ListId error: '<win32com.gen_py.Microsoft Word 16.0 Object Library.ListFormat instance at 0x3166131032608>' object has no attribute 'ListId'
2026-06-13 13:04:58  DEBUG      Para 473: ListId error: '<win32com.gen_py.Microsoft Word 16.0 Object Library.ListFormat instance at 0x3166126062672>' object has no attribute 'ListId'
2026-06-13 13:04:58  DEBUG      Para 474: ListId error: '<win32com.gen_py.Microsoft Word 16.0 Object Library.ListFormat instance at 0x3166131032608>' object has no attribute 'ListId'
2026-06-13 13:04:58  DEBUG      Para 475: ListId error: '<win32com.gen_py.Microsoft Word 16.0 Object Library.ListFormat instance at 0x3166132146000>' object has no attribute 'ListId'
2026-06-13 13:04:58  WARNING    Para 475: KeepTogether SET but read back False!
2026-06-13 13:04:58  DEBUG      Para 476: ListId error: '<win32com.gen_py.Microsoft Word 16.0 Object Library.ListFormat instance at 0x3166131032608>' object has no attribute 'ListId'
2026-06-13 13:04:58  DEBUG      Para 477: ListId error: '<win32com.gen_py.Microsoft Word 16.0 Object Library.ListFormat instance at 0x3166126062672>' object has no attribute 'ListId'
2026-06-13 13:04:58  DEBUG      Para 478: ListId error: '<win32com.gen_py.Microsoft Word 16.0 Object Library.ListFormat instance at 0x3166131032608>' object has no attribute 'ListId'
2026-06-13 13:04:58  DEBUG      Para 479: ListId error: '<win32com.gen_py.Microsoft Word 16.0 Object Library.ListFormat instance at 0x3166132146000>' object has no attribute 'ListId'
2026-06-13 13:04:58  WARNING    Para 479: KeepTogether SET but read back False!
2026-06-13 13:04:58  DEBUG      Para 480: ListId error: '<win32com.gen_py.Microsoft Word 16.0 Object Library.ListFormat instance at 0x3166131032608>' object has no attribute 'ListId'
2026-06-13 13:04:58  DEBUG      Para 481: ListId error: '<win32com.gen_py.Microsoft Word 16.0 Object Library.ListFormat instance at 0x3166126062672>' object has no attribute 'ListId'
2026-06-13 13:04:58  DEBUG      Para 482: ListId error: '<win32com.gen_py.Microsoft Word 16.0 Object Library.ListFormat instance at 0x3166131032608>' object has no attribute 'ListId'
2026-06-13 13:04:58  DEBUG      Para 483: ListId error: '<win32com.gen_py.Microsoft Word 16.0 Object Library.ListFormat instance at 0x3166132146000>' object has no attribute 'ListId'
2026-06-13 13:04:58  WARNING    Para 483: KeepTogether SET but read back False!
2026-06-13 13:04:58  DEBUG      Para 484: ListId error: '<win32com.gen_py.Microsoft Word 16.0 Object Library.ListFormat instance at 0x3166131032608>' object has no attribute 'ListId'
2026-06-13 13:04:58  DEBUG      Para 485: ListId error: '<win32com.gen_py.Microsoft Word 16.0 Object Library.ListFormat instance at 0x3166126062672>' object has no attribute 'ListId'
2026-06-13 13:04:58  DEBUG      Para 486: ListId error: '<win32com.gen_py.Microsoft Word 16.0 Object Library.ListFormat instance at 0x3166131032608>' object has no attribute 'ListId'
2026-06-13 13:04:58  DEBUG      Para 487: ListId error: '<win32com.gen_py.Microsoft Word 16.0 Object Library.ListFormat instance at 0x3166132146000>' object has no attribute 'ListId'
2026-06-13 13:04:58  WARNING    Para 487: KeepTogether SET but read back False!
2026-06-13 13:04:59  DEBUG      Para 488: ListId error: '<win32com.gen_py.Microsoft Word 16.0 Object Library.ListFormat instance at 0x3166131032608>' object has no attribute 'ListId'
2026-06-13 13:04:59  DEBUG      Para 489: ListId error: '<win32com.gen_py.Microsoft Word 16.0 Object Library.ListFormat instance at 0x3166126062672>' object has no attribute 'ListId'
2026-06-13 13:04:59  DEBUG      Para 490: ListId error: '<win32com.gen_py.Microsoft Word 16.0 Object Library.ListFormat instance at 0x3166131032608>' object has no attribute 'ListId'
2026-06-13 13:04:59  DEBUG      Para 491: ListId error: '<win32com.gen_py.Microsoft Word 16.0 Object Library.ListFormat instance at 0x3166132146000>' object has no attribute 'ListId'
2026-06-13 13:04:59  WARNING    Para 491: KeepTogether SET but read back False!
2026-06-13 13:04:59  DEBUG      Para 492: ListId error: '<win32com.gen_py.Microsoft Word 16.0 Object Library.ListFormat instance at 0x3166131032608>' object has no attribute 'ListId'
2026-06-13 13:04:59  DEBUG      Para 493: ListId error: '<win32com.gen_py.Microsoft Word 16.0 Object Library.ListFormat instance at 0x3166126062672>' object has no attribute 'ListId'
2026-06-13 13:04:59  DEBUG      Para 494: ListId error: '<win32com.gen_py.Microsoft Word 16.0 Object Library.ListFormat instance at 0x3166131032608>' object has no attribute 'ListId'
2026-06-13 13:04:59  DEBUG      Para 495: ListId error: '<win32com.gen_py.Microsoft Word 16.0 Object Library.ListFormat instance at 0x3166132146000>' object has no attribute 'ListId'
2026-06-13 13:04:59  WARNING    Para 495: KeepTogether SET but read back False!
2026-06-13 13:04:59  DEBUG      Para 496: ListId error: '<win32com.gen_py.Microsoft Word 16.0 Object Library.ListFormat instance at 0x3166131032608>' object has no attribute 'ListId'
2026-06-13 13:04:59  DEBUG      Para 497: ListId error: '<win32com.gen_py.Microsoft Word 16.0 Object Library.ListFormat instance at 0x3166126062672>' object has no attribute 'ListId'
2026-06-13 13:04:59  DEBUG      Para 497 [Heading 2]: KeepWithNext 0 -> -1  '4.11  package.json — Dependency Manifest'
2026-06-13 13:04:59  DEBUG      Para 498: ListId error: '<win32com.gen_py.Microsoft Word 16.0 Object Library.ListFormat instance at 0x3166131032608>' object has no attribute 'ListId'
2026-06-13 13:04:59  DEBUG      Para 499: ListId error: '<win32com.gen_py.Microsoft Word 16.0 Object Library.ListFormat instance at 0x3166132146000>' object has no attribute 'ListId'
2026-06-13 13:04:59  DEBUG      Para 500: ListId error: '<win32com.gen_py.Microsoft Word 16.0 Object Library.ListFormat instance at 0x3166131032608>' object has no attribute 'ListId'
2026-06-13 13:04:59  DEBUG      Para 501: ListId error: '<win32com.gen_py.Microsoft Word 16.0 Object Library.ListFormat instance at 0x3166126062672>' object has no attribute 'ListId'
2026-06-13 13:04:59  WARNING    Para 501: KeepTogether SET but read back False!
2026-06-13 13:04:59  DEBUG      Para 502: ListId error: '<win32com.gen_py.Microsoft Word 16.0 Object Library.ListFormat instance at 0x3166131032608>' object has no attribute 'ListId'
2026-06-13 13:04:59  DEBUG      Para 503: ListId error: '<win32com.gen_py.Microsoft Word 16.0 Object Library.ListFormat instance at 0x3166132146000>' object has no attribute 'ListId'
2026-06-13 13:04:59  DEBUG      Para 504: ListId error: '<win32com.gen_py.Microsoft Word 16.0 Object Library.ListFormat instance at 0x3166131032608>' object has no attribute 'ListId'
2026-06-13 13:04:59  DEBUG      Para 505: ListId error: '<win32com.gen_py.Microsoft Word 16.0 Object Library.ListFormat instance at 0x3166126062672>' object has no attribute 'ListId'
2026-06-13 13:04:59  WARNING    Para 505: KeepTogether SET but read back False!
2026-06-13 13:04:59  DEBUG      Para 506: ListId error: '<win32com.gen_py.Microsoft Word 16.0 Object Library.ListFormat instance at 0x3166131032608>' object has no attribute 'ListId'
2026-06-13 13:04:59  DEBUG      Para 507: ListId error: '<win32com.gen_py.Microsoft Word 16.0 Object Library.ListFormat instance at 0x3166132146000>' object has no attribute 'ListId'
2026-06-13 13:04:59  DEBUG      Para 508: ListId error: '<win32com.gen_py.Microsoft Word 16.0 Object Library.ListFormat instance at 0x3166131032608>' object has no attribute 'ListId'
2026-06-13 13:04:59  DEBUG      Para 509: ListId error: '<win32com.gen_py.Microsoft Word 16.0 Object Library.ListFormat instance at 0x3166126062672>' object has no attribute 'ListId'
2026-06-13 13:04:59  WARNING    Para 509: KeepTogether SET but read back False!
2026-06-13 13:04:59  DEBUG      Para 510: ListId error: '<win32com.gen_py.Microsoft Word 16.0 Object Library.ListFormat instance at 0x3166131032608>' object has no attribute 'ListId'
2026-06-13 13:05:00  DEBUG      Para 511: ListId error: '<win32com.gen_py.Microsoft Word 16.0 Object Library.ListFormat instance at 0x3166132146000>' object has no attribute 'ListId'
2026-06-13 13:05:00  DEBUG      Para 512: ListId error: '<win32com.gen_py.Microsoft Word 16.0 Object Library.ListFormat instance at 0x3166131032608>' object has no attribute 'ListId'
2026-06-13 13:05:00  DEBUG      Para 513: ListId error: '<win32com.gen_py.Microsoft Word 16.0 Object Library.ListFormat instance at 0x3166126062672>' object has no attribute 'ListId'
2026-06-13 13:05:00  WARNING    Para 513: KeepTogether SET but read back False!
2026-06-13 13:05:00  DEBUG      Para 514: ListId error: '<win32com.gen_py.Microsoft Word 16.0 Object Library.ListFormat instance at 0x3166131032608>' object has no attribute 'ListId'
2026-06-13 13:05:00  DEBUG      Para 515: ListId error: '<win32com.gen_py.Microsoft Word 16.0 Object Library.ListFormat instance at 0x3166132146000>' object has no attribute 'ListId'
2026-06-13 13:05:00  DEBUG      Para 516: ListId error: '<win32com.gen_py.Microsoft Word 16.0 Object Library.ListFormat instance at 0x3166131032608>' object has no attribute 'ListId'
2026-06-13 13:05:00  DEBUG      Para 517: ListId error: '<win32com.gen_py.Microsoft Word 16.0 Object Library.ListFormat instance at 0x3166126062672>' object has no attribute 'ListId'
2026-06-13 13:05:00  WARNING    Para 517: KeepTogether SET but read back False!
2026-06-13 13:05:00  DEBUG      Para 518: ListId error: '<win32com.gen_py.Microsoft Word 16.0 Object Library.ListFormat instance at 0x3166131032608>' object has no attribute 'ListId'
2026-06-13 13:05:00  DEBUG      Para 519: ListId error: '<win32com.gen_py.Microsoft Word 16.0 Object Library.ListFormat instance at 0x3166132146000>' object has no attribute 'ListId'
2026-06-13 13:05:00  DEBUG      Para 520: ListId error: '<win32com.gen_py.Microsoft Word 16.0 Object Library.ListFormat instance at 0x3166131032608>' object has no attribute 'ListId'
2026-06-13 13:05:00  DEBUG      Para 521: ListId error: '<win32com.gen_py.Microsoft Word 16.0 Object Library.ListFormat instance at 0x3166126062672>' object has no attribute 'ListId'
2026-06-13 13:05:00  WARNING    Para 521: KeepTogether SET but read back False!
2026-06-13 13:05:00  DEBUG      Para 522: ListId error: '<win32com.gen_py.Microsoft Word 16.0 Object Library.ListFormat instance at 0x3166131032608>' object has no attribute 'ListId'
2026-06-13 13:05:00  DEBUG      Para 523: ListId error: '<win32com.gen_py.Microsoft Word 16.0 Object Library.ListFormat instance at 0x3166132146000>' object has no attribute 'ListId'
2026-06-13 13:05:00  DEBUG      Para 524: ListId error: '<win32com.gen_py.Microsoft Word 16.0 Object Library.ListFormat instance at 0x3166131032608>' object has no attribute 'ListId'
2026-06-13 13:05:00  DEBUG      Para 525: ListId error: '<win32com.gen_py.Microsoft Word 16.0 Object Library.ListFormat instance at 0x3166126062672>' object has no attribute 'ListId'
2026-06-13 13:05:00  WARNING    Para 525: KeepTogether SET but read back False!
2026-06-13 13:05:00  DEBUG      Para 526: ListId error: '<win32com.gen_py.Microsoft Word 16.0 Object Library.ListFormat instance at 0x3166131032608>' object has no attribute 'ListId'
2026-06-13 13:05:00  DEBUG      Para 527: ListId error: '<win32com.gen_py.Microsoft Word 16.0 Object Library.ListFormat instance at 0x3166132146000>' object has no attribute 'ListId'
2026-06-13 13:05:00  DEBUG      Para 528: ListId error: '<win32com.gen_py.Microsoft Word 16.0 Object Library.ListFormat instance at 0x3166131032608>' object has no attribute 'ListId'
2026-06-13 13:05:00  DEBUG      Para 529: ListId error: '<win32com.gen_py.Microsoft Word 16.0 Object Library.ListFormat instance at 0x3166126062672>' object has no attribute 'ListId'
2026-06-13 13:05:00  WARNING    Para 529: KeepTogether SET but read back False!
2026-06-13 13:05:00  DEBUG      Para 530: ListId error: '<win32com.gen_py.Microsoft Word 16.0 Object Library.ListFormat instance at 0x3166131032608>' object has no attribute 'ListId'
2026-06-13 13:05:00  DEBUG      Para 531: ListId error: '<win32com.gen_py.Microsoft Word 16.0 Object Library.ListFormat instance at 0x3166132146000>' object has no attribute 'ListId'
2026-06-13 13:05:00  DEBUG      Para 532: ListId error: '<win32com.gen_py.Microsoft Word 16.0 Object Library.ListFormat instance at 0x3166131032608>' object has no attribute 'ListId'
2026-06-13 13:05:00  DEBUG      Para 532 [Heading 1]: KeepWithNext 0 -> -1  '5. Security Practices'
2026-06-13 13:05:01  DEBUG      Para 533: ListId error: '<win32com.gen_py.Microsoft Word 16.0 Object Library.ListFormat instance at 0x3166126062672>' object has no attribute 'ListId'
2026-06-13 13:05:01  DEBUG      Para 533 [Heading 2]: KeepWithNext 0 -> -1  '5.1 Password Hashing with bcrypt'
2026-06-13 13:05:01  DEBUG      Para 534: ListId error: '<win32com.gen_py.Microsoft Word 16.0 Object Library.ListFormat instance at 0x3166131032608>' object has no attribute 'ListId'
2026-06-13 13:05:01  DEBUG      Para 535: ListId error: '<win32com.gen_py.Microsoft Word 16.0 Object Library.ListFormat instance at 0x3166132146000>' object has no attribute 'ListId'
2026-06-13 13:05:01  DEBUG      Para 535 [Heading 2]: KeepWithNext 0 -> -1  '5. 2 Parameterised Queries — SQL Injecti'
2026-06-13 13:05:01  DEBUG      Para 536: ListId error: '<win32com.gen_py.Microsoft Word 16.0 Object Library.ListFormat instance at 0x3166131032608>' object has no attribute 'ListId'
2026-06-13 13:05:01  DEBUG      Para 537: ListId error: '<win32com.gen_py.Microsoft Word 16.0 Object Library.ListFormat instance at 0x3166126062672>' object has no attribute 'ListId'
2026-06-13 13:05:01  DEBUG      Para 538: ListId error: '<win32com.gen_py.Microsoft Word 16.0 Object Library.ListFormat instance at 0x3166131032608>' object has no attribute 'ListId'
2026-06-13 13:05:01  DEBUG      Para 538 [Heading 2]: KeepWithNext 0 -> -1  '5.3 OAuth 2.0 and Token Management'
2026-06-13 13:05:01  DEBUG      Para 539: ListId error: '<win32com.gen_py.Microsoft Word 16.0 Object Library.ListFormat instance at 0x3166132146000>' object has no attribute 'ListId'
2026-06-13 13:05:01  DEBUG      Para 540: ListId error: '<win32com.gen_py.Microsoft Word 16.0 Object Library.ListFormat instance at 0x3166131032608>' object has no attribute 'ListId'
2026-06-13 13:05:01  DEBUG      Para 540 [Heading 2]: KeepWithNext 0 -> -1  '5.4 Transport Security (TLS)'
2026-06-13 13:05:01  DEBUG      Para 541: ListId error: '<win32com.gen_py.Microsoft Word 16.0 Object Library.ListFormat instance at 0x3166126062672>' object has no attribute 'ListId'
2026-06-13 13:05:01  DEBUG      Para 542: ListId error: '<win32com.gen_py.Microsoft Word 16.0 Object Library.ListFormat instance at 0x3166131032608>' object has no attribute 'ListId'
2026-06-13 13:05:01  DEBUG      Para 542 [Heading 1]: KeepWithNext 0 -> -1  '6. Power BI Reporting — Planned Feature'
2026-06-13 13:05:01  DEBUG      Para 543: ListId error: '<win32com.gen_py.Microsoft Word 16.0 Object Library.ListFormat instance at 0x3166132146000>' object has no attribute 'ListId'
2026-06-13 13:05:01  DEBUG      Para 544: ListId error: '<win32com.gen_py.Microsoft Word 16.0 Object Library.ListFormat instance at 0x3166131032608>' object has no attribute 'ListId'
2026-06-13 13:05:01  DEBUG      Para 545: ListId error: '<win32com.gen_py.Microsoft Word 16.0 Object Library.ListFormat instance at 0x3166126062672>' object has no attribute 'ListId'
2026-06-13 13:05:01  DEBUG      Para 545 [Heading 2]: KeepWithNext 0 -> -1  '6.1 Intended Dashboard KPIs and Visuals'
2026-06-13 13:05:01  DEBUG      Para 546: ListId error: '<win32com.gen_py.Microsoft Word 16.0 Object Library.ListFormat instance at 0x3166131032608>' object has no attribute 'ListId'
2026-06-13 13:05:01  DEBUG      Para 547: ListId error: '<win32com.gen_py.Microsoft Word 16.0 Object Library.ListFormat instance at 0x3166132146000>' object has no attribute 'ListId'
2026-06-13 13:05:01  DEBUG      Para 548: ListId error: '<win32com.gen_py.Microsoft Word 16.0 Object Library.ListFormat instance at 0x3166131032608>' object has no attribute 'ListId'
2026-06-13 13:05:01  DEBUG      Para 549: ListId error: '<win32com.gen_py.Microsoft Word 16.0 Object Library.ListFormat instance at 0x3166126062672>' object has no attribute 'ListId'
2026-06-13 13:05:01  WARNING    Para 549: KeepTogether SET but read back False!
2026-06-13 13:05:01  DEBUG      Para 550: ListId error: '<win32com.gen_py.Microsoft Word 16.0 Object Library.ListFormat instance at 0x3166131032608>' object has no attribute 'ListId'
2026-06-13 13:05:01  DEBUG      Para 551: ListId error: '<win32com.gen_py.Microsoft Word 16.0 Object Library.ListFormat instance at 0x3166132146000>' object has no attribute 'ListId'
2026-06-13 13:05:01  DEBUG      Para 552: ListId error: '<win32com.gen_py.Microsoft Word 16.0 Object Library.ListFormat instance at 0x3166131032608>' object has no attribute 'ListId'
2026-06-13 13:05:01  DEBUG      Para 553: ListId error: '<win32com.gen_py.Microsoft Word 16.0 Object Library.ListFormat instance at 0x3166126062672>' object has no attribute 'ListId'
2026-06-13 13:05:01  WARNING    Para 553: KeepTogether SET but read back False!
2026-06-13 13:05:02  DEBUG      Para 554: ListId error: '<win32com.gen_py.Microsoft Word 16.0 Object Library.ListFormat instance at 0x3166131032528>' object has no attribute 'ListId'
2026-06-13 13:05:02  DEBUG      Para 555: ListId error: '<win32com.gen_py.Microsoft Word 16.0 Object Library.ListFormat instance at 0x3166132146000>' object has no attribute 'ListId'
2026-06-13 13:05:02  DEBUG      Para 556: ListId error: '<win32com.gen_py.Microsoft Word 16.0 Object Library.ListFormat instance at 0x3166131032528>' object has no attribute 'ListId'
2026-06-13 13:05:02  DEBUG      Para 557: ListId error: '<win32com.gen_py.Microsoft Word 16.0 Object Library.ListFormat instance at 0x3166126062672>' object has no attribute 'ListId'
2026-06-13 13:05:02  WARNING    Para 557: KeepTogether SET but read back False!
2026-06-13 13:05:02  DEBUG      Para 558: ListId error: '<win32com.gen_py.Microsoft Word 16.0 Object Library.ListFormat instance at 0x3166131032528>' object has no attribute 'ListId'
2026-06-13 13:05:02  DEBUG      Para 559: ListId error: '<win32com.gen_py.Microsoft Word 16.0 Object Library.ListFormat instance at 0x3166132146000>' object has no attribute 'ListId'
2026-06-13 13:05:02  DEBUG      Para 560: ListId error: '<win32com.gen_py.Microsoft Word 16.0 Object Library.ListFormat instance at 0x3166131032528>' object has no attribute 'ListId'
2026-06-13 13:05:02  DEBUG      Para 561: ListId error: '<win32com.gen_py.Microsoft Word 16.0 Object Library.ListFormat instance at 0x3166131032608>' object has no attribute 'ListId'
2026-06-13 13:05:02  WARNING    Para 561: KeepTogether SET but read back False!
2026-06-13 13:05:02  DEBUG      Para 562: ListId error: '<win32com.gen_py.Microsoft Word 16.0 Object Library.ListFormat instance at 0x3166132146000>' object has no attribute 'ListId'
2026-06-13 13:05:02  DEBUG      Para 563: ListId error: '<win32com.gen_py.Microsoft Word 16.0 Object Library.ListFormat instance at 0x3166131032528>' object has no attribute 'ListId'
2026-06-13 13:05:02  DEBUG      Para 564: ListId error: '<win32com.gen_py.Microsoft Word 16.0 Object Library.ListFormat instance at 0x3166126062672>' object has no attribute 'ListId'
2026-06-13 13:05:02  DEBUG      Para 565: ListId error: '<win32com.gen_py.Microsoft Word 16.0 Object Library.ListFormat instance at 0x3166131032528>' object has no attribute 'ListId'
2026-06-13 13:05:02  WARNING    Para 565: KeepTogether SET but read back False!
2026-06-13 13:05:02  DEBUG      Para 566: ListId error: '<win32com.gen_py.Microsoft Word 16.0 Object Library.ListFormat instance at 0x3166131032608>' object has no attribute 'ListId'
2026-06-13 13:05:02  DEBUG      Para 567: ListId error: '<win32com.gen_py.Microsoft Word 16.0 Object Library.ListFormat instance at 0x3166126062672>' object has no attribute 'ListId'
2026-06-13 13:05:02  DEBUG      Para 568: ListId error: '<win32com.gen_py.Microsoft Word 16.0 Object Library.ListFormat instance at 0x3166131032608>' object has no attribute 'ListId'
2026-06-13 13:05:02  DEBUG      Para 569: ListId error: '<win32com.gen_py.Microsoft Word 16.0 Object Library.ListFormat instance at 0x3166132146000>' object has no attribute 'ListId'
2026-06-13 13:05:02  WARNING    Para 569: KeepTogether SET but read back False!
2026-06-13 13:05:02  DEBUG      Para 570: ListId error: '<win32com.gen_py.Microsoft Word 16.0 Object Library.ListFormat instance at 0x3166131032528>' object has no attribute 'ListId'
2026-06-13 13:05:02  DEBUG      Para 571: ListId error: '<win32com.gen_py.Microsoft Word 16.0 Object Library.ListFormat instance at 0x3166126062672>' object has no attribute 'ListId'
2026-06-13 13:05:02  DEBUG      Para 572: ListId error: '<win32com.gen_py.Microsoft Word 16.0 Object Library.ListFormat instance at 0x3166131032528>' object has no attribute 'ListId'
2026-06-13 13:05:02  DEBUG      Para 573: ListId error: '<win32com.gen_py.Microsoft Word 16.0 Object Library.ListFormat instance at 0x3166132146000>' object has no attribute 'ListId'
2026-06-13 13:05:02  WARNING    Para 573: KeepTogether SET but read back False!
2026-06-13 13:05:02  DEBUG      Para 574: ListId error: '<win32com.gen_py.Microsoft Word 16.0 Object Library.ListFormat instance at 0x3166131032608>' object has no attribute 'ListId'
2026-06-13 13:05:02  DEBUG      Para 575: ListId error: '<win32com.gen_py.Microsoft Word 16.0 Object Library.ListFormat instance at 0x3166126062672>' object has no attribute 'ListId'
2026-06-13 13:05:03  DEBUG      Para 576: ListId error: '<win32com.gen_py.Microsoft Word 16.0 Object Library.ListFormat instance at 0x3166131032608>' object has no attribute 'ListId'
2026-06-13 13:05:03  DEBUG      Para 577: ListId error: '<win32com.gen_py.Microsoft Word 16.0 Object Library.ListFormat instance at 0x3166132146000>' object has no attribute 'ListId'
2026-06-13 13:05:03  WARNING    Para 577: KeepTogether SET but read back False!
2026-06-13 13:05:03  DEBUG      Para 578: ListId error: '<win32com.gen_py.Microsoft Word 16.0 Object Library.ListFormat instance at 0x3166131032528>' object has no attribute 'ListId'
2026-06-13 13:05:03  DEBUG      Para 579: ListId error: '<win32com.gen_py.Microsoft Word 16.0 Object Library.ListFormat instance at 0x3166126062672>' object has no attribute 'ListId'
2026-06-13 13:05:03  DEBUG      Para 580: ListId error: '<win32com.gen_py.Microsoft Word 16.0 Object Library.ListFormat instance at 0x3166131032528>' object has no attribute 'ListId'
2026-06-13 13:05:03  DEBUG      Para 581: ListId error: '<win32com.gen_py.Microsoft Word 16.0 Object Library.ListFormat instance at 0x3166132146000>' object has no attribute 'ListId'
2026-06-13 13:05:03  WARNING    Para 581: KeepTogether SET but read back False!
2026-06-13 13:05:03  DEBUG      Para 582: ListId error: '<win32com.gen_py.Microsoft Word 16.0 Object Library.ListFormat instance at 0x3166131032608>' object has no attribute 'ListId'
2026-06-13 13:05:03  DEBUG      Para 583: ListId error: '<win32com.gen_py.Microsoft Word 16.0 Object Library.ListFormat instance at 0x3166126062672>' object has no attribute 'ListId'
2026-06-13 13:05:03  DEBUG      Para 584: ListId error: '<win32com.gen_py.Microsoft Word 16.0 Object Library.ListFormat instance at 0x3166131032608>' object has no attribute 'ListId'
2026-06-13 13:05:03  DEBUG      Para 585: ListId error: '<win32com.gen_py.Microsoft Word 16.0 Object Library.ListFormat instance at 0x3166132146000>' object has no attribute 'ListId'
2026-06-13 13:05:03  DEBUG      Pass complete -- KeepWithNext OK:31 FAIL:0 | KeepTogether OK:401 FAIL:93 | ListGroups:0
2026-06-13 13:05:03  DEBUG      Table 2: 8 rows (char 1448)
2026-06-13 13:05:03  DEBUG      Table 3: 8 rows (char 3208)
2026-06-13 13:05:03  DEBUG      Table 4: 13 rows (char 3720)
2026-06-13 13:05:04  DEBUG      Table 5: 8 rows (char 7350)
2026-06-13 13:05:04  DEBUG      Table 6: 16 rows (char 12488)
2026-06-13 13:05:04  DEBUG      Table 7: 8 rows (char 13673)
2026-06-13 13:05:04  DEBUG      Table 8: 15 rows (char 23642)
2026-06-13 13:05:04  DEBUG      Table 9: 8 rows (char 24847)
2026-06-13 13:05:05  DEBUG      Table 10: 9 rows (char 27829)
2026-06-13 13:05:05  DEBUG      Tables done -- rows OK:93 FAIL:0
2026-06-13 13:05:05  INFO       Formatting rules applied
2026-06-13 13:05:05  DEBUG      TOC tables found: 1
2026-06-13 13:05:05  DEBUG      toc.Update() called
2026-06-13 13:05:05  DEBUG      Fields.Update() called
2026-06-13 13:05:05  DEBUG      doc.Save() OK
2026-06-13 13:05:06  INFO       COM session COMPLETE -- toc_updated=True
2026-06-13 13:09:32  INFO     ============================================================
2026-06-13 13:09:32  INFO     COM session START: t.docx
2026-06-13 13:09:32  DEBUG      Platform: Windows
2026-06-13 13:09:32  DEBUG      pywin32 imported OK
2026-06-13 13:09:32  DEBUG      CoInitialize OK
2026-06-13 13:09:34  DEBUG      Word.Application dispatched OK
2026-06-13 13:09:34  DEBUG      Document opened OK: D:\.IT_Projects\CLIs\Rhema - Auto Formatter\version 5\Rhema\output\t.docx
2026-06-13 13:09:34  INFO       Applying professional formatting rules ...
2026-06-13 13:09:34  DEBUG      Total paragraphs in document: 73
2026-06-13 13:09:35  DEBUG      Body end:   para 29 (before 'CONTENTS' at 30)
2026-06-13 13:09:35  DEBUG      Body start: para 37 (Heading 1: 'Introduction to Web Development Environm')
2026-06-13 13:09:36  DEBUG      Body end:   para 69 (before 'REFERENCES' at 70)
2026-06-13 13:09:36  DEBUG      Body section: paras 37 to 69
2026-06-13 13:09:36  DEBUG      Para 37: ListId error: '<win32com.gen_py.Microsoft Word 16.0 Object Library.ListFormat instance at 0x2798802292752>' object has no attribute 'ListId'
2026-06-13 13:09:36  DEBUG      Para 37 [Heading 1]: KeepWithNext 0 -> -1  'Introduction to Web Development Environm'
2026-06-13 13:09:36  DEBUG      Para 38: ListId error: '<win32com.gen_py.Microsoft Word 16.0 Object Library.ListFormat instance at 0x2798790785488>' object has no attribute 'ListId'
2026-06-13 13:09:36  DEBUG      Para 39: ListId error: '<win32com.gen_py.Microsoft Word 16.0 Object Library.ListFormat instance at 0x2798790785488>' object has no attribute 'ListId'
2026-06-13 13:09:36  DEBUG      Para 40: ListId error: '<win32com.gen_py.Microsoft Word 16.0 Object Library.ListFormat instance at 0x2798806353776>' object has no attribute 'ListId'
2026-06-13 13:09:36  DEBUG      Para 40 [Heading 2]: KeepWithNext 0 -> -1  '2.1. Core Capabilities and JavaScript Sp'
2026-06-13 13:09:36  DEBUG      Para 41: ListId error: '<win32com.gen_py.Microsoft Word 16.0 Object Library.ListFormat instance at 0x2798806353776>' object has no attribute 'ListId'
2026-06-13 13:09:36  DEBUG      Para 42: ListId error: '<win32com.gen_py.Microsoft Word 16.0 Object Library.ListFormat instance at 0x2798806374960>' object has no attribute 'ListId'
2026-06-13 13:09:36  DEBUG      Para 42 [Heading 2]: KeepWithNext 0 -> -1  '2.2. HCI Features Supporting Code Educat'
2026-06-13 13:09:36  DEBUG      Para 43: ListId error: '<win32com.gen_py.Microsoft Word 16.0 Object Library.ListFormat instance at 0x2798802471120>' object has no attribute 'ListId'
2026-06-13 13:09:36  DEBUG      Para 44: ListId error: '<win32com.gen_py.Microsoft Word 16.0 Object Library.ListFormat instance at 0x2798802471120>' object has no attribute 'ListId'
2026-06-13 13:09:36  DEBUG      Para 44 [Heading 2]: KeepWithNext 0 -> -1  '2.3. Free Educational Access Model'
2026-06-13 13:09:36  DEBUG      Para 45: ListId error: '<win32com.gen_py.Microsoft Word 16.0 Object Library.ListFormat instance at 0x2798806384976>' object has no attribute 'ListId'
2026-06-13 13:09:36  DEBUG      Para 46: ListId error: '<win32com.gen_py.Microsoft Word 16.0 Object Library.ListFormat instance at 0x2798806385232>' object has no attribute 'ListId'
2026-06-13 13:09:36  DEBUG      Para 47: ListId error: '<win32com.gen_py.Microsoft Word 16.0 Object Library.ListFormat instance at 0x2798790729536>' object has no attribute 'ListId'
2026-06-13 13:09:36  DEBUG      Para 47 [Heading 2]: KeepWithNext 0 -> -1  '3.1. Open-Source Ecosystem and Architect'
2026-06-13 13:09:36  DEBUG      Para 48: ListId error: '<win32com.gen_py.Microsoft Word 16.0 Object Library.ListFormat instance at 0x2798790729536>' object has no attribute 'ListId'
2026-06-13 13:09:36  DEBUG      Para 49: ListId error: '<win32com.gen_py.Microsoft Word 16.0 Object Library.ListFormat instance at 0x2798806581328>' object has no attribute 'ListId'
2026-06-13 13:09:36  DEBUG      Para 49 [Heading 2]: KeepWithNext 0 -> -1  '3.2. Customization and HCI Adaptability'
2026-06-13 13:09:36  DEBUG      Para 50: ListId error: '<win32com.gen_py.Microsoft Word 16.0 Object Library.ListFormat instance at 0x2798806581328>' object has no attribute 'ListId'
2026-06-13 13:09:37  DEBUG      Para 51: ListId error: '<win32com.gen_py.Microsoft Word 16.0 Object Library.ListFormat instance at 0x2798790438144>' object has no attribute 'ListId'
2026-06-13 13:09:37  DEBUG      Para 51 [Heading 2]: KeepWithNext 0 -> -1  '3.3. Academic Utilization and Availabili'
2026-06-13 13:09:37  DEBUG      Para 52: ListId error: '<win32com.gen_py.Microsoft Word 16.0 Object Library.ListFormat instance at 0x2798790176656>' object has no attribute 'ListId'
2026-06-13 13:09:37  DEBUG      Para 53: ListId error: '<win32com.gen_py.Microsoft Word 16.0 Object Library.ListFormat instance at 0x2798790176656>' object has no attribute 'ListId'
2026-06-13 13:09:37  DEBUG      Para 54: ListId error: '<win32com.gen_py.Microsoft Word 16.0 Object Library.ListFormat instance at 0x2798790742576>' object has no attribute 'ListId'
2026-06-13 13:09:37  DEBUG      Para 54 [Heading 2]: KeepWithNext 0 -> -1  '4.1. Synthesis of Capabilities (WebStorm'
2026-06-13 13:09:37  DEBUG      Para 55: ListId error: '<win32com.gen_py.Microsoft Word 16.0 Object Library.ListFormat instance at 0x2798790742576>' object has no attribute 'ListId'
2026-06-13 13:09:37  DEBUG      Para 56: ListId error: '<win32com.gen_py.Microsoft Word 16.0 Object Library.ListFormat instance at 0x2798792438192>' object has no attribute 'ListId'
2026-06-13 13:09:37  DEBUG      Para 57: ListId error: '<win32com.gen_py.Microsoft Word 16.0 Object Library.ListFormat instance at 0x2798792438192>' object has no attribute 'ListId'
2026-06-13 13:09:37  DEBUG      Para 58: ListId error: '<win32com.gen_py.Microsoft Word 16.0 Object Library.ListFormat instance at 0x2798791111264>' object has no attribute 'ListId'
2026-06-13 13:09:37  WARNING    Para 58: KeepTogether SET but read back False!
2026-06-13 13:09:37  DEBUG      Para 59: ListId error: '<win32com.gen_py.Microsoft Word 16.0 Object Library.ListFormat instance at 0x2798806543696>' object has no attribute 'ListId'
2026-06-13 13:09:37  DEBUG      Para 60: ListId error: '<win32com.gen_py.Microsoft Word 16.0 Object Library.ListFormat instance at 0x2798806543696>' object has no attribute 'ListId'
2026-06-13 13:09:37  DEBUG      Para 61: ListId error: '<win32com.gen_py.Microsoft Word 16.0 Object Library.ListFormat instance at 0x2798790819104>' object has no attribute 'ListId'
2026-06-13 13:09:37  DEBUG      Para 62: ListId error: '<win32com.gen_py.Microsoft Word 16.0 Object Library.ListFormat instance at 0x2798790819104>' object has no attribute 'ListId'
2026-06-13 13:09:37  WARNING    Para 62: KeepTogether SET but read back False!
2026-06-13 13:09:37  DEBUG      Para 63: ListId error: '<win32com.gen_py.Microsoft Word 16.0 Object Library.ListFormat instance at 0x2798806440400>' object has no attribute 'ListId'
2026-06-13 13:09:37  DEBUG      Para 64: ListId error: '<win32com.gen_py.Microsoft Word 16.0 Object Library.ListFormat instance at 0x2798806440400>' object has no attribute 'ListId'
2026-06-13 13:09:37  DEBUG      Para 65: ListId error: '<win32com.gen_py.Microsoft Word 16.0 Object Library.ListFormat instance at 0x2798802771616>' object has no attribute 'ListId'
2026-06-13 13:09:37  DEBUG      Para 66: ListId error: '<win32com.gen_py.Microsoft Word 16.0 Object Library.ListFormat instance at 0x2798806556800>' object has no attribute 'ListId'
2026-06-13 13:09:37  WARNING    Para 66: KeepTogether SET but read back False!
2026-06-13 13:09:37  DEBUG      Para 67: ListId error: '<win32com.gen_py.Microsoft Word 16.0 Object Library.ListFormat instance at 0x2798802771616>' object has no attribute 'ListId'
2026-06-13 13:09:37  DEBUG      Para 67 [Heading 2]: KeepWithNext 0 -> -1  '4.2. Recommendations for Undergraduate P'
2026-06-13 13:09:37  DEBUG      Para 68: ListId error: '<win32com.gen_py.Microsoft Word 16.0 Object Library.ListFormat instance at 0x2798802254048>' object has no attribute 'ListId'
2026-06-13 13:09:37  DEBUG      Para 69: ListId error: '<win32com.gen_py.Microsoft Word 16.0 Object Library.ListFormat instance at 0x2798806306000>' object has no attribute 'ListId'
2026-06-13 13:09:37  DEBUG      Pass complete -- KeepWithNext OK:9 FAIL:0 | KeepTogether OK:20 FAIL:3 | ListGroups:0
2026-06-13 13:09:37  DEBUG      Table 2: 3 rows (char 1871)
2026-06-13 13:09:37  DEBUG      Tables done -- rows OK:3 FAIL:0
2026-06-13 13:09:37  INFO       Formatting rules applied
2026-06-13 13:09:37  DEBUG      TOC tables found: 1
2026-06-13 13:09:37  DEBUG      toc.Update() called
2026-06-13 13:09:37  DEBUG      Fields.Update() called
2026-06-13 13:09:38  DEBUG      doc.Save() OK
2026-06-13 13:09:38  INFO       COM session COMPLETE -- toc_updated=True
2026-06-21 06:26:03  INFO     ============================================================
2026-06-21 06:26:03  INFO     COM session START: ITC4214-IasonPapadopoulos-MidtermProjectReport.docx
2026-06-21 06:26:03  DEBUG      Platform: Windows
2026-06-21 06:26:03  DEBUG      pywin32 imported OK
2026-06-21 06:26:03  DEBUG      CoInitialize OK
2026-06-21 06:26:05  DEBUG      Word.Application dispatched OK
2026-06-21 06:26:06  DEBUG      Document opened OK: D:\.IT_Projects\CLIs\Rhema - Auto Formatter\version 5\Rhema\output\ITC4214-IasonPapadopoulos-MidtermProjectReport.docx
2026-06-21 06:26:06  INFO       Applying professional formatting rules ...
2026-06-21 06:26:06  DEBUG      Total paragraphs in document: 202
2026-06-21 06:26:07  DEBUG      Body end:   para 29 (before 'CONTENTS' at 30)
2026-06-21 06:26:07  DEBUG      Body start: para 41 (Heading 1: 'Section 1: Technical Code Analysis')
2026-06-21 06:26:11  DEBUG      Body end:   para 179 (before 'REFERENCES' at 180)
2026-06-21 06:26:11  DEBUG      Body section: paras 41 to 179
2026-06-21 06:26:11  DEBUG      Para 41: ListId error: '<win32com.gen_py.Microsoft Word 16.0 Object Library.ListFormat instance at 0x1679296745152>' object has no attribute 'ListId'
2026-06-21 06:26:11  DEBUG      Para 41 [Heading 1]: KeepWithNext 0 -> -1  'Section 1: Technical Code Analysis'
2026-06-21 06:26:11  DEBUG      Para 42: ListId error: '<win32com.gen_py.Microsoft Word 16.0 Object Library.ListFormat instance at 0x1679285025232>' object has no attribute 'ListId'
2026-06-21 06:26:11  DEBUG      Para 42 [Heading 2]: KeepWithNext 0 -> -1  '1.1 Project Architecture'
2026-06-21 06:26:11  DEBUG      Para 43: ListId error: '<win32com.gen_py.Microsoft Word 16.0 Object Library.ListFormat instance at 0x1679285025232>' object has no attribute 'ListId'
2026-06-21 06:26:11  DEBUG      Para 44: ListId error: '<win32com.gen_py.Microsoft Word 16.0 Object Library.ListFormat instance at 0x1679300757056>' object has no attribute 'ListId'
2026-06-21 06:26:11  DEBUG      Para 45: ListId error: '<win32com.gen_py.Microsoft Word 16.0 Object Library.ListFormat instance at 0x1679300757056>' object has no attribute 'ListId'
2026-06-21 06:26:11  DEBUG      Para 45 [Heading 1]: KeepWithNext 0 -> -1  'Table 1. File Organisation and Governing'
2026-06-21 06:26:11  DEBUG      Para 46: ListId error: '<win32com.gen_py.Microsoft Word 16.0 Object Library.ListFormat instance at 0x1679300778256>' object has no attribute 'ListId'
2026-06-21 06:26:11  DEBUG      Para 47: ListId error: '<win32com.gen_py.Microsoft Word 16.0 Object Library.ListFormat instance at 0x1679297201568>' object has no attribute 'ListId'
2026-06-21 06:26:11  DEBUG      Para 48: ListId error: '<win32com.gen_py.Microsoft Word 16.0 Object Library.ListFormat instance at 0x1679297201568>' object has no attribute 'ListId'
2026-06-21 06:26:11  DEBUG      Para 49: ListId error: '<win32com.gen_py.Microsoft Word 16.0 Object Library.ListFormat instance at 0x1679284911440>' object has no attribute 'ListId'
2026-06-21 06:26:11  WARNING    Para 49: KeepTogether SET but read back False!
2026-06-21 06:26:11  DEBUG      Para 50: ListId error: '<win32com.gen_py.Microsoft Word 16.0 Object Library.ListFormat instance at 0x1679284911184>' object has no attribute 'ListId'
2026-06-21 06:26:11  DEBUG      Para 51: ListId error: '<win32com.gen_py.Microsoft Word 16.0 Object Library.ListFormat instance at 0x1679285343712>' object has no attribute 'ListId'
2026-06-21 06:26:11  DEBUG      Para 52: ListId error: '<win32com.gen_py.Microsoft Word 16.0 Object Library.ListFormat instance at 0x1679285343712>' object has no attribute 'ListId'
2026-06-21 06:26:11  DEBUG      Para 53: ListId error: '<win32com.gen_py.Microsoft Word 16.0 Object Library.ListFormat instance at 0x1679300968752>' object has no attribute 'ListId'
2026-06-21 06:26:11  WARNING    Para 53: KeepTogether SET but read back False!
2026-06-21 06:26:11  DEBUG      Para 54: ListId error: '<win32com.gen_py.Microsoft Word 16.0 Object Library.ListFormat instance at 0x1679300968752>' object has no attribute 'ListId'
2026-06-21 06:26:11  DEBUG      Para 55: ListId error: '<win32com.gen_py.Microsoft Word 16.0 Object Library.ListFormat instance at 0x1679284687616>' object has no attribute 'ListId'
2026-06-21 06:26:11  DEBUG      Para 56: ListId error: '<win32com.gen_py.Microsoft Word 16.0 Object Library.ListFormat instance at 0x1679284431824>' object has no attribute 'ListId'
2026-06-21 06:26:11  DEBUG      Para 57: ListId error: '<win32com.gen_py.Microsoft Word 16.0 Object Library.ListFormat instance at 0x1679284431824>' object has no attribute 'ListId'
2026-06-21 06:26:11  WARNING    Para 57: KeepTogether SET but read back False!
2026-06-21 06:26:11  DEBUG      Para 58: ListId error: '<win32com.gen_py.Microsoft Word 16.0 Object Library.ListFormat instance at 0x1679285059664>' object has no attribute 'ListId'
2026-06-21 06:26:11  DEBUG      Para 59: ListId error: '<win32com.gen_py.Microsoft Word 16.0 Object Library.ListFormat instance at 0x1679285059664>' object has no attribute 'ListId'
2026-06-21 06:26:11  DEBUG      Para 60: ListId error: '<win32com.gen_py.Microsoft Word 16.0 Object Library.ListFormat instance at 0x1679295376400>' object has no attribute 'ListId'
2026-06-21 06:26:11  DEBUG      Para 61: ListId error: '<win32com.gen_py.Microsoft Word 16.0 Object Library.ListFormat instance at 0x1679295376400>' object has no attribute 'ListId'
2026-06-21 06:26:11  WARNING    Para 61: KeepTogether SET but read back False!
2026-06-21 06:26:11  DEBUG      Para 62: ListId error: '<win32com.gen_py.Microsoft Word 16.0 Object Library.ListFormat instance at 0x1679285416256>' object has no attribute 'ListId'
2026-06-21 06:26:11  DEBUG      Para 63: ListId error: '<win32com.gen_py.Microsoft Word 16.0 Object Library.ListFormat instance at 0x1679300931152>' object has no attribute 'ListId'
2026-06-21 06:26:12  DEBUG      Para 64: ListId error: '<win32com.gen_py.Microsoft Word 16.0 Object Library.ListFormat instance at 0x1679300931152>' object has no attribute 'ListId'
2026-06-21 06:26:12  DEBUG      Para 65: ListId error: '<win32com.gen_py.Microsoft Word 16.0 Object Library.ListFormat instance at 0x1679285042576>' object has no attribute 'ListId'
2026-06-21 06:26:12  WARNING    Para 65: KeepTogether SET but read back False!
2026-06-21 06:26:12  DEBUG      Para 66: ListId error: '<win32com.gen_py.Microsoft Word 16.0 Object Library.ListFormat instance at 0x1679285042576>' object has no attribute 'ListId'
2026-06-21 06:26:12  DEBUG      Para 67: ListId error: '<win32com.gen_py.Microsoft Word 16.0 Object Library.ListFormat instance at 0x1679300829808>' object has no attribute 'ListId'
2026-06-21 06:26:12  DEBUG      Para 68: ListId error: '<win32com.gen_py.Microsoft Word 16.0 Object Library.ListFormat instance at 0x1679300827504>' object has no attribute 'ListId'
2026-06-21 06:26:12  DEBUG      Para 69: ListId error: '<win32com.gen_py.Microsoft Word 16.0 Object Library.ListFormat instance at 0x1679297158896>' object has no attribute 'ListId'
2026-06-21 06:26:12  WARNING    Para 69: KeepTogether SET but read back False!
2026-06-21 06:26:12  DEBUG      Para 70: ListId error: '<win32com.gen_py.Microsoft Word 16.0 Object Library.ListFormat instance at 0x1679300709664>' object has no attribute 'ListId'
2026-06-21 06:26:12  DEBUG      Para 71: ListId error: '<win32com.gen_py.Microsoft Word 16.0 Object Library.ListFormat instance at 0x1679296641328>' object has no attribute 'ListId'
2026-06-21 06:26:12  DEBUG      Para 72: ListId error: '<win32com.gen_py.Microsoft Word 16.0 Object Library.ListFormat instance at 0x1679297158896>' object has no attribute 'ListId'
2026-06-21 06:26:12  DEBUG      Para 73: ListId error: '<win32com.gen_py.Microsoft Word 16.0 Object Library.ListFormat instance at 0x1679300709664>' object has no attribute 'ListId'
2026-06-21 06:26:12  WARNING    Para 73: KeepTogether SET but read back False!
2026-06-21 06:26:12  DEBUG      Para 74: ListId error: '<win32com.gen_py.Microsoft Word 16.0 Object Library.ListFormat instance at 0x1679296641328>' object has no attribute 'ListId'
2026-06-21 06:26:12  DEBUG      Para 75: ListId error: '<win32com.gen_py.Microsoft Word 16.0 Object Library.ListFormat instance at 0x1679297158896>' object has no attribute 'ListId'
2026-06-21 06:26:12  DEBUG      Para 76: ListId error: '<win32com.gen_py.Microsoft Word 16.0 Object Library.ListFormat instance at 0x1679300709664>' object has no attribute 'ListId'
2026-06-21 06:26:12  DEBUG      Para 77: ListId error: '<win32com.gen_py.Microsoft Word 16.0 Object Library.ListFormat instance at 0x1679296641328>' object has no attribute 'ListId'
2026-06-21 06:26:12  WARNING    Para 77: KeepTogether SET but read back False!
2026-06-21 06:26:12  DEBUG      Para 78: ListId error: '<win32com.gen_py.Microsoft Word 16.0 Object Library.ListFormat instance at 0x1679300709664>' object has no attribute 'ListId'
2026-06-21 06:26:12  DEBUG      Para 78 [Heading 2]: KeepWithNext 0 -> -1  '1.2 Inline CSS Justification'
2026-06-21 06:26:12  DEBUG      Para 79: ListId error: '<win32com.gen_py.Microsoft Word 16.0 Object Library.ListFormat instance at 0x1679297158896>' object has no attribute 'ListId'
2026-06-21 06:26:12  DEBUG      Para 80: ListId error: '<win32com.gen_py.Microsoft Word 16.0 Object Library.ListFormat instance at 0x1679296641328>' object has no attribute 'ListId'
2026-06-21 06:26:12  DEBUG      Para 80 [Heading 1]: KeepWithNext 0 -> -1  'Table 2. Inline CSS Categories and Justi'
2026-06-21 06:26:12  DEBUG      Para 81: ListId error: '<win32com.gen_py.Microsoft Word 16.0 Object Library.ListFormat instance at 0x1679300709664>' object has no attribute 'ListId'
2026-06-21 06:26:13  DEBUG      Para 82: ListId error: '<win32com.gen_py.Microsoft Word 16.0 Object Library.ListFormat instance at 0x1679297158896>' object has no attribute 'ListId'
2026-06-21 06:26:13  DEBUG      Para 83: ListId error: '<win32com.gen_py.Microsoft Word 16.0 Object Library.ListFormat instance at 0x1679296641328>' object has no attribute 'ListId'
2026-06-21 06:26:13  WARNING    Para 83: KeepTogether SET but read back False!
2026-06-21 06:26:13  DEBUG      Para 84: ListId error: '<win32com.gen_py.Microsoft Word 16.0 Object Library.ListFormat instance at 0x1679300709664>' object has no attribute 'ListId'
2026-06-21 06:26:13  DEBUG      Para 85: ListId error: '<win32com.gen_py.Microsoft Word 16.0 Object Library.ListFormat instance at 0x1679297158896>' object has no attribute 'ListId'
2026-06-21 06:26:13  DEBUG      Para 86: ListId error: '<win32com.gen_py.Microsoft Word 16.0 Object Library.ListFormat instance at 0x1679296641328>' object has no attribute 'ListId'
2026-06-21 06:26:13  WARNING    Para 86: KeepTogether SET but read back False!
2026-06-21 06:26:13  DEBUG      Para 87: ListId error: '<win32com.gen_py.Microsoft Word 16.0 Object Library.ListFormat instance at 0x1679297158896>' object has no attribute 'ListId'
2026-06-21 06:26:13  DEBUG      Para 88: ListId error: '<win32com.gen_py.Microsoft Word 16.0 Object Library.ListFormat instance at 0x1679300709664>' object has no attribute 'ListId'
2026-06-21 06:26:13  DEBUG      Para 89: ListId error: '<win32com.gen_py.Microsoft Word 16.0 Object Library.ListFormat instance at 0x1679296641328>' object has no attribute 'ListId'
2026-06-21 06:26:13  WARNING    Para 89: KeepTogether SET but read back False!
2026-06-21 06:26:13  DEBUG      Para 90: ListId error: '<win32com.gen_py.Microsoft Word 16.0 Object Library.ListFormat instance at 0x1679300709664>' object has no attribute 'ListId'
2026-06-21 06:26:13  DEBUG      Para 91: ListId error: '<win32com.gen_py.Microsoft Word 16.0 Object Library.ListFormat instance at 0x1679297158896>' object has no attribute 'ListId'
2026-06-21 06:26:13  DEBUG      Para 92: ListId error: '<win32com.gen_py.Microsoft Word 16.0 Object Library.ListFormat instance at 0x1679296641328>' object has no attribute 'ListId'
2026-06-21 06:26:13  WARNING    Para 92: KeepTogether SET but read back False!
2026-06-21 06:26:13  DEBUG      Para 93: ListId error: '<win32com.gen_py.Microsoft Word 16.0 Object Library.ListFormat instance at 0x1679300709664>' object has no attribute 'ListId'
2026-06-21 06:26:13  DEBUG      Para 93 [Heading 2]: KeepWithNext 0 -> -1  '1.3 Shared Layer: common.js'
2026-06-21 06:26:13  DEBUG      Para 94: ListId error: '<win32com.gen_py.Microsoft Word 16.0 Object Library.ListFormat instance at 0x1679297158896>' object has no attribute 'ListId'
2026-06-21 06:26:13  DEBUG      Para 95: ListId error: '<win32com.gen_py.Microsoft Word 16.0 Object Library.ListFormat instance at 0x1679296641328>' object has no attribute 'ListId'
2026-06-21 06:26:13  DEBUG      Para 96: ListId error: '<win32com.gen_py.Microsoft Word 16.0 Object Library.ListFormat instance at 0x1679300709664>' object has no attribute 'ListId'
2026-06-21 06:26:13  DEBUG      Para 97: ListId error: '<win32com.gen_py.Microsoft Word 16.0 Object Library.ListFormat instance at 0x1679297158896>' object has no attribute 'ListId'
2026-06-21 06:26:13  DEBUG      Para 97 [Heading 2]: KeepWithNext 0 -> -1  '1.4 Page-Specific Behaviour'
2026-06-21 06:26:13  DEBUG      Para 98: ListId error: '<win32com.gen_py.Microsoft Word 16.0 Object Library.ListFormat instance at 0x1679296641328>' object has no attribute 'ListId'
2026-06-21 06:26:13  DEBUG      Para 98 [Heading 1]: KeepWithNext 0 -> -1  'Table 3. Page Features and Implementatio'
2026-06-21 06:26:13  DEBUG      Para 99: ListId error: '<win32com.gen_py.Microsoft Word 16.0 Object Library.ListFormat instance at 0x1679300709664>' object has no attribute 'ListId'
2026-06-21 06:26:13  DEBUG      Para 100: ListId error: '<win32com.gen_py.Microsoft Word 16.0 Object Library.ListFormat instance at 0x1679297158896>' object has no attribute 'ListId'
2026-06-21 06:26:13  DEBUG      Para 101: ListId error: '<win32com.gen_py.Microsoft Word 16.0 Object Library.ListFormat instance at 0x1679296641328>' object has no attribute 'ListId'
2026-06-21 06:26:13  DEBUG      Para 102: ListId error: '<win32com.gen_py.Microsoft Word 16.0 Object Library.ListFormat instance at 0x1679300709664>' object has no attribute 'ListId'
2026-06-21 06:26:13  WARNING    Para 102: KeepTogether SET but read back False!
2026-06-21 06:26:13  DEBUG      Para 103: ListId error: '<win32com.gen_py.Microsoft Word 16.0 Object Library.ListFormat instance at 0x1679297158896>' object has no attribute 'ListId'
2026-06-21 06:26:14  DEBUG      Para 104: ListId error: '<win32com.gen_py.Microsoft Word 16.0 Object Library.ListFormat instance at 0x1679300709664>' object has no attribute 'ListId'
2026-06-21 06:26:14  DEBUG      Para 105: ListId error: '<win32com.gen_py.Microsoft Word 16.0 Object Library.ListFormat instance at 0x1679296641328>' object has no attribute 'ListId'
2026-06-21 06:26:14  DEBUG      Para 106: ListId error: '<win32com.gen_py.Microsoft Word 16.0 Object Library.ListFormat instance at 0x1679297158896>' object has no attribute 'ListId'
2026-06-21 06:26:14  WARNING    Para 106: KeepTogether SET but read back False!
2026-06-21 06:26:14  DEBUG      Para 107: ListId error: '<win32com.gen_py.Microsoft Word 16.0 Object Library.ListFormat instance at 0x1679300709664>' object has no attribute 'ListId'
2026-06-21 06:26:14  DEBUG      Para 108: ListId error: '<win32com.gen_py.Microsoft Word 16.0 Object Library.ListFormat instance at 0x1679296641328>' object has no attribute 'ListId'
2026-06-21 06:26:14  DEBUG      Para 109: ListId error: '<win32com.gen_py.Microsoft Word 16.0 Object Library.ListFormat instance at 0x1679297158896>' object has no attribute 'ListId'
2026-06-21 06:26:14  DEBUG      Para 110: ListId error: '<win32com.gen_py.Microsoft Word 16.0 Object Library.ListFormat instance at 0x1679300709664>' object has no attribute 'ListId'
2026-06-21 06:26:14  WARNING    Para 110: KeepTogether SET but read back False!
2026-06-21 06:26:14  DEBUG      Para 111: ListId error: '<win32com.gen_py.Microsoft Word 16.0 Object Library.ListFormat instance at 0x1679296641328>' object has no attribute 'ListId'
2026-06-21 06:26:14  DEBUG      Para 112: ListId error: '<win32com.gen_py.Microsoft Word 16.0 Object Library.ListFormat instance at 0x1679297158896>' object has no attribute 'ListId'
2026-06-21 06:26:14  DEBUG      Para 113: ListId error: '<win32com.gen_py.Microsoft Word 16.0 Object Library.ListFormat instance at 0x1679300709664>' object has no attribute 'ListId'
2026-06-21 06:26:14  DEBUG      Para 114: ListId error: '<win32com.gen_py.Microsoft Word 16.0 Object Library.ListFormat instance at 0x1679296641328>' object has no attribute 'ListId'
2026-06-21 06:26:14  WARNING    Para 114: KeepTogether SET but read back False!
2026-06-21 06:26:14  DEBUG      Para 115: ListId error: '<win32com.gen_py.Microsoft Word 16.0 Object Library.ListFormat instance at 0x1679297158896>' object has no attribute 'ListId'
2026-06-21 06:26:14  DEBUG      Para 116: ListId error: '<win32com.gen_py.Microsoft Word 16.0 Object Library.ListFormat instance at 0x1679300709664>' object has no attribute 'ListId'
2026-06-21 06:26:14  DEBUG      Para 117: ListId error: '<win32com.gen_py.Microsoft Word 16.0 Object Library.ListFormat instance at 0x1679296641328>' object has no attribute 'ListId'
2026-06-21 06:26:14  DEBUG      Para 118: ListId error: '<win32com.gen_py.Microsoft Word 16.0 Object Library.ListFormat instance at 0x1679297158896>' object has no attribute 'ListId'
2026-06-21 06:26:14  WARNING    Para 118: KeepTogether SET but read back False!
2026-06-21 06:26:14  DEBUG      Para 119: ListId error: '<win32com.gen_py.Microsoft Word 16.0 Object Library.ListFormat instance at 0x1679300709664>' object has no attribute 'ListId'
2026-06-21 06:26:14  DEBUG      Para 119 [Heading 3]: KeepWithNext 0 -> -1  '1.4.1 Mouse-Tracking Parallax (index.js)'
2026-06-21 06:26:14  DEBUG      Para 120: ListId error: '<win32com.gen_py.Microsoft Word 16.0 Object Library.ListFormat instance at 0x1679296641328>' object has no attribute 'ListId'
2026-06-21 06:26:14  DEBUG      Para 121: ListId error: '<win32com.gen_py.Microsoft Word 16.0 Object Library.ListFormat instance at 0x1679297158896>' object has no attribute 'ListId'
2026-06-21 06:26:14  DEBUG      Para 121 [Heading 3]: KeepWithNext 0 -> -1  '1.4.2 Audio Player (index.js)'
2026-06-21 06:26:14  DEBUG      Para 122: ListId error: '<win32com.gen_py.Microsoft Word 16.0 Object Library.ListFormat instance at 0x1679300709664>' object has no attribute 'ListId'
2026-06-21 06:26:14  DEBUG      Para 123: ListId error: '<win32com.gen_py.Microsoft Word 16.0 Object Library.ListFormat instance at 0x1679296641328>' object has no attribute 'ListId'
2026-06-21 06:26:14  DEBUG      Para 123 [Heading 2]: KeepWithNext 0 -> -1  '1.5 Side Quests: The Quest State Machine'
2026-06-21 06:26:14  DEBUG      Para 124: ListId error: '<win32com.gen_py.Microsoft Word 16.0 Object Library.ListFormat instance at 0x1679297158896>' object has no attribute 'ListId'
2026-06-21 06:26:14  DEBUG      Para 125: ListId error: '<win32com.gen_py.Microsoft Word 16.0 Object Library.ListFormat instance at 0x1679300709664>' object has no attribute 'ListId'
2026-06-21 06:26:14  DEBUG      Para 126: ListId error: '<win32com.gen_py.Microsoft Word 16.0 Object Library.ListFormat instance at 0x1679296641328>' object has no attribute 'ListId'
2026-06-21 06:26:14  DEBUG      Para 127: ListId error: '<win32com.gen_py.Microsoft Word 16.0 Object Library.ListFormat instance at 0x1679297158896>' object has no attribute 'ListId'
2026-06-21 06:26:15  DEBUG      Para 127 [Heading 2]: KeepWithNext 0 -> -1  '1.6 Side Quests: The SVG Donut Chart'
2026-06-21 06:26:15  DEBUG      Para 128: ListId error: '<win32com.gen_py.Microsoft Word 16.0 Object Library.ListFormat instance at 0x1679300709664>' object has no attribute 'ListId'
2026-06-21 06:26:15  DEBUG      Para 129: ListId error: '<win32com.gen_py.Microsoft Word 16.0 Object Library.ListFormat instance at 0x1679296641328>' object has no attribute 'ListId'
2026-06-21 06:26:15  DEBUG      Para 130: ListId error: '<win32com.gen_py.Microsoft Word 16.0 Object Library.ListFormat instance at 0x1679297158896>' object has no attribute 'ListId'
2026-06-21 06:26:15  DEBUG      Para 131: ListId error: '<win32com.gen_py.Microsoft Word 16.0 Object Library.ListFormat instance at 0x1679300709664>' object has no attribute 'ListId'
2026-06-21 06:26:15  DEBUG      Para 132: ListId error: '<win32com.gen_py.Microsoft Word 16.0 Object Library.ListFormat instance at 0x1679296641328>' object has no attribute 'ListId'
2026-06-21 06:26:15  DEBUG      Para 132 [Heading 2]: KeepWithNext 0 -> -1  '1.7 Colour Semantics'
2026-06-21 06:26:15  DEBUG      Para 133: ListId error: '<win32com.gen_py.Microsoft Word 16.0 Object Library.ListFormat instance at 0x1679297158896>' object has no attribute 'ListId'
2026-06-21 06:26:15  DEBUG      Para 133 [Heading 1]: KeepWithNext 0 -> -1  'Table 4. Colour-Semantic Mapping'
2026-06-21 06:26:15  DEBUG      Para 134: ListId error: '<win32com.gen_py.Microsoft Word 16.0 Object Library.ListFormat instance at 0x1679300709664>' object has no attribute 'ListId'
2026-06-21 06:26:15  DEBUG      Para 135: ListId error: '<win32com.gen_py.Microsoft Word 16.0 Object Library.ListFormat instance at 0x1679296641328>' object has no attribute 'ListId'
2026-06-21 06:26:15  DEBUG      Para 136: ListId error: '<win32com.gen_py.Microsoft Word 16.0 Object Library.ListFormat instance at 0x1679297158896>' object has no attribute 'ListId'
2026-06-21 06:26:15  DEBUG      Para 137: ListId error: '<win32com.gen_py.Microsoft Word 16.0 Object Library.ListFormat instance at 0x1679300709664>' object has no attribute 'ListId'
2026-06-21 06:26:15  WARNING    Para 137: KeepTogether SET but read back False!
2026-06-21 06:26:15  DEBUG      Para 138: ListId error: '<win32com.gen_py.Microsoft Word 16.0 Object Library.ListFormat instance at 0x1679296641328>' object has no attribute 'ListId'
2026-06-21 06:26:15  DEBUG      Para 139: ListId error: '<win32com.gen_py.Microsoft Word 16.0 Object Library.ListFormat instance at 0x1679300709664>' object has no attribute 'ListId'
2026-06-21 06:26:15  DEBUG      Para 140: ListId error: '<win32com.gen_py.Microsoft Word 16.0 Object Library.ListFormat instance at 0x1679297158896>' object has no attribute 'ListId'
2026-06-21 06:26:15  DEBUG      Para 141: ListId error: '<win32com.gen_py.Microsoft Word 16.0 Object Library.ListFormat instance at 0x1679296641328>' object has no attribute 'ListId'
2026-06-21 06:26:15  WARNING    Para 141: KeepTogether SET but read back False!
2026-06-21 06:26:15  DEBUG      Para 142: ListId error: '<win32com.gen_py.Microsoft Word 16.0 Object Library.ListFormat instance at 0x1679300709664>' object has no attribute 'ListId'
2026-06-21 06:26:15  DEBUG      Para 143: ListId error: '<win32com.gen_py.Microsoft Word 16.0 Object Library.ListFormat instance at 0x1679297158896>' object has no attribute 'ListId'
2026-06-21 06:26:15  DEBUG      Para 144: ListId error: '<win32com.gen_py.Microsoft Word 16.0 Object Library.ListFormat instance at 0x1679296641328>' object has no attribute 'ListId'
2026-06-21 06:26:15  DEBUG      Para 145: ListId error: '<win32com.gen_py.Microsoft Word 16.0 Object Library.ListFormat instance at 0x1679300709664>' object has no attribute 'ListId'
2026-06-21 06:26:15  WARNING    Para 145: KeepTogether SET but read back False!
2026-06-21 06:26:15  DEBUG      Para 146: ListId error: '<win32com.gen_py.Microsoft Word 16.0 Object Library.ListFormat instance at 0x1679296641328>' object has no attribute 'ListId'
2026-06-21 06:26:15  DEBUG      Para 147: ListId error: '<win32com.gen_py.Microsoft Word 16.0 Object Library.ListFormat instance at 0x1679297158896>' object has no attribute 'ListId'
2026-06-21 06:26:15  DEBUG      Para 148: ListId error: '<win32com.gen_py.Microsoft Word 16.0 Object Library.ListFormat instance at 0x1679300709664>' object has no attribute 'ListId'
2026-06-21 06:26:15  DEBUG      Para 149: ListId error: '<win32com.gen_py.Microsoft Word 16.0 Object Library.ListFormat instance at 0x1679296641328>' object has no attribute 'ListId'
2026-06-21 06:26:15  WARNING    Para 149: KeepTogether SET but read back False!
2026-06-21 06:26:15  DEBUG      Para 150: ListId error: '<win32com.gen_py.Microsoft Word 16.0 Object Library.ListFormat instance at 0x1679300709664>' object has no attribute 'ListId'
2026-06-21 06:26:16  DEBUG      Para 151: ListId error: '<win32com.gen_py.Microsoft Word 16.0 Object Library.ListFormat instance at 0x1679297158896>' object has no attribute 'ListId'
2026-06-21 06:26:16  DEBUG      Para 152: ListId error: '<win32com.gen_py.Microsoft Word 16.0 Object Library.ListFormat instance at 0x1679296641328>' object has no attribute 'ListId'
2026-06-21 06:26:16  DEBUG      Para 152 [Heading 1]: KeepWithNext 0 -> -1  'Section 2: Development Process'
2026-06-21 06:26:16  DEBUG      Para 153: ListId error: '<win32com.gen_py.Microsoft Word 16.0 Object Library.ListFormat instance at 0x1679300709664>' object has no attribute 'ListId'
2026-06-21 06:26:16  DEBUG      Para 153 [Heading 2]: KeepWithNext 0 -> -1  '2.1 Version Control'
2026-06-21 06:26:16  DEBUG      Para 154: ListId error: '<win32com.gen_py.Microsoft Word 16.0 Object Library.ListFormat instance at 0x1679297158896>' object has no attribute 'ListId'
2026-06-21 06:26:16  DEBUG      Para 155: ListId error: '<win32com.gen_py.Microsoft Word 16.0 Object Library.ListFormat instance at 0x1679296641328>' object has no attribute 'ListId'
2026-06-21 06:26:16  DEBUG      Para 155 [Heading 2]: KeepWithNext 0 -> -1  '2.2 Development Timeline'
2026-06-21 06:26:16  DEBUG      Para 156: ListId error: '<win32com.gen_py.Microsoft Word 16.0 Object Library.ListFormat instance at 0x1679300709664>' object has no attribute 'ListId'
2026-06-21 06:26:16  DEBUG      Para 156 [Heading 1]: KeepWithNext 0 -> -1  'Table 5. Development Sessions'
2026-06-21 06:26:16  DEBUG      Para 157: ListId error: '<win32com.gen_py.Microsoft Word 16.0 Object Library.ListFormat instance at 0x1679297158896>' object has no attribute 'ListId'
2026-06-21 06:26:16  DEBUG      Para 158: ListId error: '<win32com.gen_py.Microsoft Word 16.0 Object Library.ListFormat instance at 0x1679296641328>' object has no attribute 'ListId'
2026-06-21 06:26:16  DEBUG      Para 159: ListId error: '<win32com.gen_py.Microsoft Word 16.0 Object Library.ListFormat instance at 0x1679300709664>' object has no attribute 'ListId'
2026-06-21 06:26:16  WARNING    Para 159: KeepTogether SET but read back False!
2026-06-21 06:26:16  DEBUG      Para 160: ListId error: '<win32com.gen_py.Microsoft Word 16.0 Object Library.ListFormat instance at 0x1679297158896>' object has no attribute 'ListId'
2026-06-21 06:26:16  DEBUG      Para 161: ListId error: '<win32com.gen_py.Microsoft Word 16.0 Object Library.ListFormat instance at 0x1679296641328>' object has no attribute 'ListId'
2026-06-21 06:26:16  DEBUG      Para 162: ListId error: '<win32com.gen_py.Microsoft Word 16.0 Object Library.ListFormat instance at 0x1679300709664>' object has no attribute 'ListId'
2026-06-21 06:26:16  WARNING    Para 162: KeepTogether SET but read back False!
2026-06-21 06:26:16  DEBUG      Para 163: ListId error: '<win32com.gen_py.Microsoft Word 16.0 Object Library.ListFormat instance at 0x1679296641328>' object has no attribute 'ListId'
2026-06-21 06:26:16  DEBUG      Para 164: ListId error: '<win32com.gen_py.Microsoft Word 16.0 Object Library.ListFormat instance at 0x1679297158896>' object has no attribute 'ListId'
2026-06-21 06:26:16  DEBUG      Para 165: ListId error: '<win32com.gen_py.Microsoft Word 16.0 Object Library.ListFormat instance at 0x1679300709664>' object has no attribute 'ListId'
2026-06-21 06:26:16  WARNING    Para 165: KeepTogether SET but read back False!
2026-06-21 06:26:16  DEBUG      Para 166: ListId error: '<win32com.gen_py.Microsoft Word 16.0 Object Library.ListFormat instance at 0x1679297158896>' object has no attribute 'ListId'
2026-06-21 06:26:16  DEBUG      Para 167: ListId error: '<win32com.gen_py.Microsoft Word 16.0 Object Library.ListFormat instance at 0x1679296641328>' object has no attribute 'ListId'
2026-06-21 06:26:16  DEBUG      Para 168: ListId error: '<win32com.gen_py.Microsoft Word 16.0 Object Library.ListFormat instance at 0x1679300709664>' object has no attribute 'ListId'
2026-06-21 06:26:16  WARNING    Para 168: KeepTogether SET but read back False!
2026-06-21 06:26:16  DEBUG      Para 169: ListId error: '<win32com.gen_py.Microsoft Word 16.0 Object Library.ListFormat instance at 0x1679297158896>' object has no attribute 'ListId'
2026-06-21 06:26:16  DEBUG      Para 169 [Heading 2]: KeepWithNext 0 -> -1  '2.3 Significant Technical Challenges'
2026-06-21 06:26:16  DEBUG      Para 170: ListId error: '<win32com.gen_py.Microsoft Word 16.0 Object Library.ListFormat instance at 0x1679296641328>' object has no attribute 'ListId'
2026-06-21 06:26:16  DEBUG      Para 170 [Heading 3]: KeepWithNext 0 -> -1  'Dark and Light Theme (12 Bugs)'
2026-06-21 06:26:16  DEBUG      Para 171: ListId error: '<win32com.gen_py.Microsoft Word 16.0 Object Library.ListFormat instance at 0x1679300709664>' object has no attribute 'ListId'
2026-06-21 06:26:16  DEBUG      Para 172: ListId error: '<win32com.gen_py.Microsoft Word 16.0 Object Library.ListFormat instance at 0x1679297158896>' object has no attribute 'ListId'
2026-06-21 06:26:16  DEBUG      Para 172 [Heading 3]: KeepWithNext 0 -> -1  'ARIA Focus Ring (3 Attempts)'
2026-06-21 06:26:16  DEBUG      Para 173: ListId error: '<win32com.gen_py.Microsoft Word 16.0 Object Library.ListFormat instance at 0x1679296641328>' object has no attribute 'ListId'
2026-06-21 06:26:16  DEBUG      Para 174: ListId error: '<win32com.gen_py.Microsoft Word 16.0 Object Library.ListFormat instance at 0x1679300709664>' object has no attribute 'ListId'
2026-06-21 06:26:16  DEBUG      Para 174 [Heading 3]: KeepWithNext 0 -> -1  'Chrome Autofill Preview (3 Attempts)'
2026-06-21 06:26:17  DEBUG      Para 175: ListId error: '<win32com.gen_py.Microsoft Word 16.0 Object Library.ListFormat instance at 0x1679297158896>' object has no attribute 'ListId'
2026-06-21 06:26:17  DEBUG      Para 176: ListId error: '<win32com.gen_py.Microsoft Word 16.0 Object Library.ListFormat instance at 0x1679296641328>' object has no attribute 'ListId'
2026-06-21 06:26:17  DEBUG      Para 176 [Heading 2]: KeepWithNext 0 -> -1  '2.4 Final Validation'
2026-06-21 06:26:17  DEBUG      Para 177: ListId error: '<win32com.gen_py.Microsoft Word 16.0 Object Library.ListFormat instance at 0x1679300709664>' object has no attribute 'ListId'
2026-06-21 06:26:17  DEBUG      Para 178: ListId error: '<win32com.gen_py.Microsoft Word 16.0 Object Library.ListFormat instance at 0x1679297158896>' object has no attribute 'ListId'
2026-06-21 06:26:17  DEBUG      Para 179: ListId error: '<win32com.gen_py.Microsoft Word 16.0 Object Library.ListFormat instance at 0x1679296641328>' object has no attribute 'ListId'
2026-06-21 06:26:17  DEBUG      Pass complete -- KeepWithNext OK:23 FAIL:0 | KeepTogether OK:88 FAIL:25 | ListGroups:0
2026-06-21 06:26:17  DEBUG      Table 2: 8 rows (char 1934)
2026-06-21 06:26:17  DEBUG      Table 3: 4 rows (char 3187)
2026-06-21 06:26:18  DEBUG      Table 4: 5 rows (char 5482)
2026-06-21 06:26:18  DEBUG      Table 5: 4 rows (char 13755)
2026-06-21 06:26:18  DEBUG      Table 6: 4 rows (char 14686)
2026-06-21 06:26:18  DEBUG      Tables done -- rows OK:25 FAIL:0
2026-06-21 06:26:18  INFO       Formatting rules applied
2026-06-21 06:26:18  DEBUG      TOC tables found: 1
2026-06-21 06:26:19  DEBUG      toc.Update() called
2026-06-21 06:26:19  DEBUG      Fields.Update() called
2026-06-21 06:26:19  DEBUG      doc.Save() OK
2026-06-21 06:26:19  INFO       COM session COMPLETE -- toc_updated=True
2026-06-22 03:42:56  INFO     ============================================================
2026-06-22 03:42:56  INFO     COM session START: Itc4214 Iasonpapadopoulos Midtermprojectreport.docx
2026-06-22 03:42:56  DEBUG      Platform: Windows
2026-06-22 03:42:56  DEBUG      pywin32 imported OK
2026-06-22 03:42:56  DEBUG      CoInitialize OK
2026-06-22 03:42:59  DEBUG      Word.Application dispatched OK
2026-06-22 03:42:59  DEBUG      Document opened OK: D:\.IT_Projects\_GIT_hub\CLI - Rhema\output\Itc4214 Iasonpapadopoulos Midtermprojectreport.docx
2026-06-22 03:42:59  INFO       Applying professional formatting rules ...
2026-06-22 03:42:59  DEBUG      Total paragraphs in document: 203
2026-06-22 03:43:00  DEBUG      Body end:   para 29 (before 'CONTENTS' at 30)
2026-06-22 03:43:00  DEBUG      Body start: para 41 (Heading 1: 'Section 1: Technical Code Analysis')
2026-06-22 03:43:04  DEBUG      Body end:   para 180 (before 'REFERENCES' at 181)
2026-06-22 03:43:04  DEBUG      Body section: paras 41 to 180
2026-06-22 03:43:04  DEBUG      Para 41: ListId error: '<win32com.gen_py.Microsoft Word 16.0 Object Library.ListFormat instance at 0x1925166483504>' object has no attribute 'ListId'
2026-06-22 03:43:04  DEBUG      Para 41 [Heading 1]: KeepWithNext -1 -> -1  'Section 1: Technical Code Analysis'
2026-06-22 03:43:04  DEBUG      Para 42: ListId error: '<win32com.gen_py.Microsoft Word 16.0 Object Library.ListFormat instance at 0x1925154811856>' object has no attribute 'ListId'
2026-06-22 03:43:04  DEBUG      Para 42 [Heading 2]: KeepWithNext -1 -> -1  '1.1 Project Architecture'
2026-06-22 03:43:04  DEBUG      Para 43: ListId error: '<win32com.gen_py.Microsoft Word 16.0 Object Library.ListFormat instance at 0x1925154811856>' object has no attribute 'ListId'
2026-06-22 03:43:04  DEBUG      Para 44: ListId error: '<win32com.gen_py.Microsoft Word 16.0 Object Library.ListFormat instance at 0x1925154520592>' object has no attribute 'ListId'
2026-06-22 03:43:04  DEBUG      Para 45: ListId error: '<win32com.gen_py.Microsoft Word 16.0 Object Library.ListFormat instance at 0x1925154520592>' object has no attribute 'ListId'
2026-06-22 03:43:04  DEBUG      Para 45 [Heading 1]: KeepWithNext -1 -> -1  'Table 1. File Organisation and Governing'
2026-06-22 03:43:04  DEBUG      Para 46: ListId error: '<win32com.gen_py.Microsoft Word 16.0 Object Library.ListFormat instance at 0x1925170123344>' object has no attribute 'ListId'
2026-06-22 03:43:04  DEBUG      Para 47: ListId error: '<win32com.gen_py.Microsoft Word 16.0 Object Library.ListFormat instance at 0x1925154537216>' object has no attribute 'ListId'
2026-06-22 03:43:04  DEBUG      Para 48: ListId error: '<win32com.gen_py.Microsoft Word 16.0 Object Library.ListFormat instance at 0x1925154537216>' object has no attribute 'ListId'
2026-06-22 03:43:04  DEBUG      Para 49: ListId error: '<win32com.gen_py.Microsoft Word 16.0 Object Library.ListFormat instance at 0x1925154569808>' object has no attribute 'ListId'
2026-06-22 03:43:04  WARNING    Para 49: KeepTogether SET but read back False!
2026-06-22 03:43:04  DEBUG      Para 50: ListId error: '<win32com.gen_py.Microsoft Word 16.0 Object Library.ListFormat instance at 0x1925154569552>' object has no attribute 'ListId'
2026-06-22 03:43:04  DEBUG      Para 51: ListId error: '<win32com.gen_py.Microsoft Word 16.0 Object Library.ListFormat instance at 0x1925154676544>' object has no attribute 'ListId'
2026-06-22 03:43:04  DEBUG      Para 52: ListId error: '<win32com.gen_py.Microsoft Word 16.0 Object Library.ListFormat instance at 0x1925154676544>' object has no attribute 'ListId'
2026-06-22 03:43:04  DEBUG      Para 53: ListId error: '<win32com.gen_py.Microsoft Word 16.0 Object Library.ListFormat instance at 0x1925165548272>' object has no attribute 'ListId'
2026-06-22 03:43:04  WARNING    Para 53: KeepTogether SET but read back False!
2026-06-22 03:43:04  DEBUG      Para 54: ListId error: '<win32com.gen_py.Microsoft Word 16.0 Object Library.ListFormat instance at 0x1925165548272>' object has no attribute 'ListId'
2026-06-22 03:43:04  DEBUG      Para 55: ListId error: '<win32com.gen_py.Microsoft Word 16.0 Object Library.ListFormat instance at 0x1925154429104>' object has no attribute 'ListId'
2026-06-22 03:43:04  DEBUG      Para 56: ListId error: '<win32com.gen_py.Microsoft Word 16.0 Object Library.ListFormat instance at 0x1925154090128>' object has no attribute 'ListId'
2026-06-22 03:43:04  DEBUG      Para 57: ListId error: '<win32com.gen_py.Microsoft Word 16.0 Object Library.ListFormat instance at 0x1925154090128>' object has no attribute 'ListId'
2026-06-22 03:43:04  WARNING    Para 57: KeepTogether SET but read back False!
2026-06-22 03:43:04  DEBUG      Para 58: ListId error: '<win32com.gen_py.Microsoft Word 16.0 Object Library.ListFormat instance at 0x1925154763920>' object has no attribute 'ListId'
2026-06-22 03:43:04  DEBUG      Para 59: ListId error: '<win32com.gen_py.Microsoft Word 16.0 Object Library.ListFormat instance at 0x1925154763920>' object has no attribute 'ListId'
2026-06-22 03:43:04  DEBUG      Para 60: ListId error: '<win32com.gen_py.Microsoft Word 16.0 Object Library.ListFormat instance at 0x1925165590768>' object has no attribute 'ListId'
2026-06-22 03:43:04  DEBUG      Para 61: ListId error: '<win32com.gen_py.Microsoft Word 16.0 Object Library.ListFormat instance at 0x1925165590768>' object has no attribute 'ListId'
2026-06-22 03:43:04  WARNING    Para 61: KeepTogether SET but read back False!
2026-06-22 03:43:04  DEBUG      Para 62: ListId error: '<win32com.gen_py.Microsoft Word 16.0 Object Library.ListFormat instance at 0x1925164903616>' object has no attribute 'ListId'
2026-06-22 03:43:04  DEBUG      Para 63: ListId error: '<win32com.gen_py.Microsoft Word 16.0 Object Library.ListFormat instance at 0x1925170280400>' object has no attribute 'ListId'
2026-06-22 03:43:04  DEBUG      Para 64: ListId error: '<win32com.gen_py.Microsoft Word 16.0 Object Library.ListFormat instance at 0x1925170280400>' object has no attribute 'ListId'
2026-06-22 03:43:05  DEBUG      Para 65: ListId error: '<win32com.gen_py.Microsoft Word 16.0 Object Library.ListFormat instance at 0x1925154733792>' object has no attribute 'ListId'
2026-06-22 03:43:05  WARNING    Para 65: KeepTogether SET but read back False!
2026-06-22 03:43:05  DEBUG      Para 66: ListId error: '<win32com.gen_py.Microsoft Word 16.0 Object Library.ListFormat instance at 0x1925154733792>' object has no attribute 'ListId'
2026-06-22 03:43:05  DEBUG      Para 67: ListId error: '<win32com.gen_py.Microsoft Word 16.0 Object Library.ListFormat instance at 0x1925170176336>' object has no attribute 'ListId'
2026-06-22 03:43:05  DEBUG      Para 68: ListId error: '<win32com.gen_py.Microsoft Word 16.0 Object Library.ListFormat instance at 0x1925170178640>' object has no attribute 'ListId'
2026-06-22 03:43:05  DEBUG      Para 69: ListId error: '<win32com.gen_py.Microsoft Word 16.0 Object Library.ListFormat instance at 0x1925166053440>' object has no attribute 'ListId'
2026-06-22 03:43:05  WARNING    Para 69: KeepTogether SET but read back False!
2026-06-22 03:43:05  DEBUG      Para 70: ListId error: '<win32com.gen_py.Microsoft Word 16.0 Object Library.ListFormat instance at 0x1925170072704>' object has no attribute 'ListId'
2026-06-22 03:43:05  DEBUG      Para 71: ListId error: '<win32com.gen_py.Microsoft Word 16.0 Object Library.ListFormat instance at 0x1925166538320>' object has no attribute 'ListId'
2026-06-22 03:43:05  DEBUG      Para 72: ListId error: '<win32com.gen_py.Microsoft Word 16.0 Object Library.ListFormat instance at 0x1925166053440>' object has no attribute 'ListId'
2026-06-22 03:43:05  DEBUG      Para 73: ListId error: '<win32com.gen_py.Microsoft Word 16.0 Object Library.ListFormat instance at 0x1925170072704>' object has no attribute 'ListId'
2026-06-22 03:43:05  WARNING    Para 73: KeepTogether SET but read back False!
2026-06-22 03:43:05  DEBUG      Para 74: ListId error: '<win32com.gen_py.Microsoft Word 16.0 Object Library.ListFormat instance at 0x1925166538320>' object has no attribute 'ListId'
2026-06-22 03:43:05  DEBUG      Para 75: ListId error: '<win32com.gen_py.Microsoft Word 16.0 Object Library.ListFormat instance at 0x1925166053440>' object has no attribute 'ListId'
2026-06-22 03:43:05  DEBUG      Para 76: ListId error: '<win32com.gen_py.Microsoft Word 16.0 Object Library.ListFormat instance at 0x1925170072704>' object has no attribute 'ListId'
2026-06-22 03:43:05  DEBUG      Para 77: ListId error: '<win32com.gen_py.Microsoft Word 16.0 Object Library.ListFormat instance at 0x1925166538320>' object has no attribute 'ListId'
2026-06-22 03:43:05  WARNING    Para 77: KeepTogether SET but read back False!
2026-06-22 03:43:05  DEBUG      Para 78: ListId error: '<win32com.gen_py.Microsoft Word 16.0 Object Library.ListFormat instance at 0x1925170072704>' object has no attribute 'ListId'
2026-06-22 03:43:05  DEBUG      Para 78 [Heading 2]: KeepWithNext -1 -> -1  '1.2 Inline CSS Justification'
2026-06-22 03:43:05  DEBUG      Para 79: ListId error: '<win32com.gen_py.Microsoft Word 16.0 Object Library.ListFormat instance at 0x1925166053440>' object has no attribute 'ListId'
2026-06-22 03:43:05  DEBUG      Para 80: ListId error: '<win32com.gen_py.Microsoft Word 16.0 Object Library.ListFormat instance at 0x1925166538320>' object has no attribute 'ListId'
2026-06-22 03:43:05  DEBUG      Para 80 [Heading 1]: KeepWithNext -1 -> -1  'Table 2. Inline CSS Categories and Justi'
2026-06-22 03:43:05  DEBUG      Para 81: ListId error: '<win32com.gen_py.Microsoft Word 16.0 Object Library.ListFormat instance at 0x1925170072704>' object has no attribute 'ListId'
2026-06-22 03:43:05  DEBUG      Para 82: ListId error: '<win32com.gen_py.Microsoft Word 16.0 Object Library.ListFormat instance at 0x1925166053440>' object has no attribute 'ListId'
2026-06-22 03:43:05  DEBUG      Para 83: ListId error: '<win32com.gen_py.Microsoft Word 16.0 Object Library.ListFormat instance at 0x1925166538320>' object has no attribute 'ListId'
2026-06-22 03:43:05  WARNING    Para 83: KeepTogether SET but read back False!
2026-06-22 03:43:05  DEBUG      Para 84: ListId error: '<win32com.gen_py.Microsoft Word 16.0 Object Library.ListFormat instance at 0x1925170072704>' object has no attribute 'ListId'
2026-06-22 03:43:05  DEBUG      Para 85: ListId error: '<win32com.gen_py.Microsoft Word 16.0 Object Library.ListFormat instance at 0x1925166053440>' object has no attribute 'ListId'
2026-06-22 03:43:05  DEBUG      Para 86: ListId error: '<win32com.gen_py.Microsoft Word 16.0 Object Library.ListFormat instance at 0x1925166538320>' object has no attribute 'ListId'
2026-06-22 03:43:05  WARNING    Para 86: KeepTogether SET but read back False!
2026-06-22 03:43:05  DEBUG      Para 87: ListId error: '<win32com.gen_py.Microsoft Word 16.0 Object Library.ListFormat instance at 0x1925166053440>' object has no attribute 'ListId'
2026-06-22 03:43:05  DEBUG      Para 88: ListId error: '<win32com.gen_py.Microsoft Word 16.0 Object Library.ListFormat instance at 0x1925170072704>' object has no attribute 'ListId'
2026-06-22 03:43:05  DEBUG      Para 89: ListId error: '<win32com.gen_py.Microsoft Word 16.0 Object Library.ListFormat instance at 0x1925166538320>' object has no attribute 'ListId'
2026-06-22 03:43:05  WARNING    Para 89: KeepTogether SET but read back False!
2026-06-22 03:43:05  DEBUG      Para 90: ListId error: '<win32com.gen_py.Microsoft Word 16.0 Object Library.ListFormat instance at 0x1925170072704>' object has no attribute 'ListId'
2026-06-22 03:43:05  DEBUG      Para 91: ListId error: '<win32com.gen_py.Microsoft Word 16.0 Object Library.ListFormat instance at 0x1925166053440>' object has no attribute 'ListId'
2026-06-22 03:43:05  DEBUG      Para 92: ListId error: '<win32com.gen_py.Microsoft Word 16.0 Object Library.ListFormat instance at 0x1925166538320>' object has no attribute 'ListId'
2026-06-22 03:43:05  WARNING    Para 92: KeepTogether SET but read back False!
2026-06-22 03:43:05  DEBUG      Para 93: ListId error: '<win32com.gen_py.Microsoft Word 16.0 Object Library.ListFormat instance at 0x1925170072704>' object has no attribute 'ListId'
2026-06-22 03:43:05  DEBUG      Para 93 [Heading 2]: KeepWithNext -1 -> -1  '1.3 Shared Layer: common.js'
2026-06-22 03:43:05  DEBUG      Para 94: ListId error: '<win32com.gen_py.Microsoft Word 16.0 Object Library.ListFormat instance at 0x1925166053440>' object has no attribute 'ListId'
2026-06-22 03:43:06  DEBUG      Para 95: ListId error: '<win32com.gen_py.Microsoft Word 16.0 Object Library.ListFormat instance at 0x1925166538320>' object has no attribute 'ListId'
2026-06-22 03:43:06  DEBUG      Para 96: ListId error: '<win32com.gen_py.Microsoft Word 16.0 Object Library.ListFormat instance at 0x1925170072704>' object has no attribute 'ListId'
2026-06-22 03:43:06  DEBUG      Para 97: ListId error: '<win32com.gen_py.Microsoft Word 16.0 Object Library.ListFormat instance at 0x1925166053440>' object has no attribute 'ListId'
2026-06-22 03:43:06  DEBUG      Para 97 [Heading 2]: KeepWithNext -1 -> -1  '1.4 Page-Specific Behaviour'
2026-06-22 03:43:06  DEBUG      Para 98: ListId error: '<win32com.gen_py.Microsoft Word 16.0 Object Library.ListFormat instance at 0x1925166538320>' object has no attribute 'ListId'
2026-06-22 03:43:06  DEBUG      Para 98 [Heading 1]: KeepWithNext -1 -> -1  'Table 3. Page Features and Implementatio'
2026-06-22 03:43:06  DEBUG      Para 99: ListId error: '<win32com.gen_py.Microsoft Word 16.0 Object Library.ListFormat instance at 0x1925170072704>' object has no attribute 'ListId'
2026-06-22 03:43:06  DEBUG      Para 100: ListId error: '<win32com.gen_py.Microsoft Word 16.0 Object Library.ListFormat instance at 0x1925166053440>' object has no attribute 'ListId'
2026-06-22 03:43:06  DEBUG      Para 101: ListId error: '<win32com.gen_py.Microsoft Word 16.0 Object Library.ListFormat instance at 0x1925166538320>' object has no attribute 'ListId'
2026-06-22 03:43:06  DEBUG      Para 102: ListId error: '<win32com.gen_py.Microsoft Word 16.0 Object Library.ListFormat instance at 0x1925170072704>' object has no attribute 'ListId'
2026-06-22 03:43:06  WARNING    Para 102: KeepTogether SET but read back False!
2026-06-22 03:43:06  DEBUG      Para 103: ListId error: '<win32com.gen_py.Microsoft Word 16.0 Object Library.ListFormat instance at 0x1925166053440>' object has no attribute 'ListId'
2026-06-22 03:43:06  DEBUG      Para 104: ListId error: '<win32com.gen_py.Microsoft Word 16.0 Object Library.ListFormat instance at 0x1925170072704>' object has no attribute 'ListId'
2026-06-22 03:43:06  DEBUG      Para 105: ListId error: '<win32com.gen_py.Microsoft Word 16.0 Object Library.ListFormat instance at 0x1925166538320>' object has no attribute 'ListId'
2026-06-22 03:43:06  DEBUG      Para 106: ListId error: '<win32com.gen_py.Microsoft Word 16.0 Object Library.ListFormat instance at 0x1925166053440>' object has no attribute 'ListId'
2026-06-22 03:43:06  WARNING    Para 106: KeepTogether SET but read back False!
2026-06-22 03:43:06  DEBUG      Para 107: ListId error: '<win32com.gen_py.Microsoft Word 16.0 Object Library.ListFormat instance at 0x1925170072704>' object has no attribute 'ListId'
2026-06-22 03:43:06  DEBUG      Para 108: ListId error: '<win32com.gen_py.Microsoft Word 16.0 Object Library.ListFormat instance at 0x1925166538320>' object has no attribute 'ListId'
2026-06-22 03:43:06  DEBUG      Para 109: ListId error: '<win32com.gen_py.Microsoft Word 16.0 Object Library.ListFormat instance at 0x1925166053440>' object has no attribute 'ListId'
2026-06-22 03:43:06  DEBUG      Para 110: ListId error: '<win32com.gen_py.Microsoft Word 16.0 Object Library.ListFormat instance at 0x1925170072704>' object has no attribute 'ListId'
2026-06-22 03:43:06  WARNING    Para 110: KeepTogether SET but read back False!
2026-06-22 03:43:06  DEBUG      Para 111: ListId error: '<win32com.gen_py.Microsoft Word 16.0 Object Library.ListFormat instance at 0x1925166538320>' object has no attribute 'ListId'
2026-06-22 03:43:06  DEBUG      Para 112: ListId error: '<win32com.gen_py.Microsoft Word 16.0 Object Library.ListFormat instance at 0x1925166053440>' object has no attribute 'ListId'
2026-06-22 03:43:06  DEBUG      Para 113: ListId error: '<win32com.gen_py.Microsoft Word 16.0 Object Library.ListFormat instance at 0x1925170072704>' object has no attribute 'ListId'
2026-06-22 03:43:06  DEBUG      Para 114: ListId error: '<win32com.gen_py.Microsoft Word 16.0 Object Library.ListFormat instance at 0x1925166538320>' object has no attribute 'ListId'
2026-06-22 03:43:06  WARNING    Para 114: KeepTogether SET but read back False!
2026-06-22 03:43:06  DEBUG      Para 115: ListId error: '<win32com.gen_py.Microsoft Word 16.0 Object Library.ListFormat instance at 0x1925166053440>' object has no attribute 'ListId'
2026-06-22 03:43:06  DEBUG      Para 116: ListId error: '<win32com.gen_py.Microsoft Word 16.0 Object Library.ListFormat instance at 0x1925170072704>' object has no attribute 'ListId'
2026-06-22 03:43:06  DEBUG      Para 117: ListId error: '<win32com.gen_py.Microsoft Word 16.0 Object Library.ListFormat instance at 0x1925166538320>' object has no attribute 'ListId'
2026-06-22 03:43:06  DEBUG      Para 118: ListId error: '<win32com.gen_py.Microsoft Word 16.0 Object Library.ListFormat instance at 0x1925166053440>' object has no attribute 'ListId'
2026-06-22 03:43:06  WARNING    Para 118: KeepTogether SET but read back False!
2026-06-22 03:43:06  DEBUG      Para 119: ListId error: '<win32com.gen_py.Microsoft Word 16.0 Object Library.ListFormat instance at 0x1925170072704>' object has no attribute 'ListId'
2026-06-22 03:43:06  DEBUG      Para 119 [Heading 3]: KeepWithNext -1 -> -1  '1.4.1 Mouse-Tracking Parallax (index.js)'
2026-06-22 03:43:06  DEBUG      Para 120: ListId error: '<win32com.gen_py.Microsoft Word 16.0 Object Library.ListFormat instance at 0x1925166538320>' object has no attribute 'ListId'
2026-06-22 03:43:06  DEBUG      Para 121: ListId error: '<win32com.gen_py.Microsoft Word 16.0 Object Library.ListFormat instance at 0x1925166053440>' object has no attribute 'ListId'
2026-06-22 03:43:06  DEBUG      Para 121 [Heading 3]: KeepWithNext -1 -> -1  '1.4.2 Audio Player (index.js)'
2026-06-22 03:43:06  DEBUG      Para 122: ListId error: '<win32com.gen_py.Microsoft Word 16.0 Object Library.ListFormat instance at 0x1925170072704>' object has no attribute 'ListId'
2026-06-22 03:43:06  DEBUG      Para 123: ListId error: '<win32com.gen_py.Microsoft Word 16.0 Object Library.ListFormat instance at 0x1925166538320>' object has no attribute 'ListId'
2026-06-22 03:43:06  DEBUG      Para 123 [Heading 2]: KeepWithNext -1 -> -1  '1.5 Side Quests: The Quest State Machine'
2026-06-22 03:43:06  DEBUG      Para 124: ListId error: '<win32com.gen_py.Microsoft Word 16.0 Object Library.ListFormat instance at 0x1925166053440>' object has no attribute 'ListId'
2026-06-22 03:43:07  DEBUG      Para 125: ListId error: '<win32com.gen_py.Microsoft Word 16.0 Object Library.ListFormat instance at 0x1925170072704>' object has no attribute 'ListId'
2026-06-22 03:43:07  DEBUG      Para 126: ListId error: '<win32com.gen_py.Microsoft Word 16.0 Object Library.ListFormat instance at 0x1925166538320>' object has no attribute 'ListId'
2026-06-22 03:43:07  DEBUG      Para 127: ListId error: '<win32com.gen_py.Microsoft Word 16.0 Object Library.ListFormat instance at 0x1925166053440>' object has no attribute 'ListId'
2026-06-22 03:43:07  DEBUG      Para 127 [Heading 2]: KeepWithNext -1 -> -1  '1.6 Side Quests: The SVG Donut Chart'
2026-06-22 03:43:07  DEBUG      Para 128: ListId error: '<win32com.gen_py.Microsoft Word 16.0 Object Library.ListFormat instance at 0x1925170072704>' object has no attribute 'ListId'
2026-06-22 03:43:07  DEBUG      Para 129: ListId error: '<win32com.gen_py.Microsoft Word 16.0 Object Library.ListFormat instance at 0x1925166538320>' object has no attribute 'ListId'
2026-06-22 03:43:07  DEBUG      Para 130: ListId error: '<win32com.gen_py.Microsoft Word 16.0 Object Library.ListFormat instance at 0x1925166053440>' object has no attribute 'ListId'
2026-06-22 03:43:07  DEBUG      Para 131: ListId error: '<win32com.gen_py.Microsoft Word 16.0 Object Library.ListFormat instance at 0x1925170072704>' object has no attribute 'ListId'
2026-06-22 03:43:07  DEBUG      Para 132: ListId error: '<win32com.gen_py.Microsoft Word 16.0 Object Library.ListFormat instance at 0x1925166538320>' object has no attribute 'ListId'
2026-06-22 03:43:07  DEBUG      Para 132 [Heading 2]: KeepWithNext -1 -> -1  '1.7 Colour Semantics'
2026-06-22 03:43:07  DEBUG      Para 133: ListId error: '<win32com.gen_py.Microsoft Word 16.0 Object Library.ListFormat instance at 0x1925166053440>' object has no attribute 'ListId'
2026-06-22 03:43:07  DEBUG      Para 133 [Heading 1]: KeepWithNext -1 -> -1  'Table 4. Colour-Semantic Mapping'
2026-06-22 03:43:07  DEBUG      Para 134: ListId error: '<win32com.gen_py.Microsoft Word 16.0 Object Library.ListFormat instance at 0x1925170072704>' object has no attribute 'ListId'
2026-06-22 03:43:07  DEBUG      Para 135: ListId error: '<win32com.gen_py.Microsoft Word 16.0 Object Library.ListFormat instance at 0x1925166538320>' object has no attribute 'ListId'
2026-06-22 03:43:07  DEBUG      Para 136: ListId error: '<win32com.gen_py.Microsoft Word 16.0 Object Library.ListFormat instance at 0x1925166053440>' object has no attribute 'ListId'
2026-06-22 03:43:07  DEBUG      Para 137: ListId error: '<win32com.gen_py.Microsoft Word 16.0 Object Library.ListFormat instance at 0x1925170072704>' object has no attribute 'ListId'
2026-06-22 03:43:07  WARNING    Para 137: KeepTogether SET but read back False!
2026-06-22 03:43:07  DEBUG      Para 138: ListId error: '<win32com.gen_py.Microsoft Word 16.0 Object Library.ListFormat instance at 0x1925166538320>' object has no attribute 'ListId'
2026-06-22 03:43:07  DEBUG      Para 139: ListId error: '<win32com.gen_py.Microsoft Word 16.0 Object Library.ListFormat instance at 0x1925170072704>' object has no attribute 'ListId'
2026-06-22 03:43:07  DEBUG      Para 140: ListId error: '<win32com.gen_py.Microsoft Word 16.0 Object Library.ListFormat instance at 0x1925166053440>' object has no attribute 'ListId'
2026-06-22 03:43:07  DEBUG      Para 141: ListId error: '<win32com.gen_py.Microsoft Word 16.0 Object Library.ListFormat instance at 0x1925166538320>' object has no attribute 'ListId'
2026-06-22 03:43:07  WARNING    Para 141: KeepTogether SET but read back False!
2026-06-22 03:43:07  DEBUG      Para 142: ListId error: '<win32com.gen_py.Microsoft Word 16.0 Object Library.ListFormat instance at 0x1925170072704>' object has no attribute 'ListId'
2026-06-22 03:43:07  DEBUG      Para 143: ListId error: '<win32com.gen_py.Microsoft Word 16.0 Object Library.ListFormat instance at 0x1925166053440>' object has no attribute 'ListId'
2026-06-22 03:43:07  DEBUG      Para 144: ListId error: '<win32com.gen_py.Microsoft Word 16.0 Object Library.ListFormat instance at 0x1925166538320>' object has no attribute 'ListId'
2026-06-22 03:43:07  DEBUG      Para 145: ListId error: '<win32com.gen_py.Microsoft Word 16.0 Object Library.ListFormat instance at 0x1925170072704>' object has no attribute 'ListId'
2026-06-22 03:43:07  WARNING    Para 145: KeepTogether SET but read back False!
2026-06-22 03:43:07  DEBUG      Para 146: ListId error: '<win32com.gen_py.Microsoft Word 16.0 Object Library.ListFormat instance at 0x1925166538320>' object has no attribute 'ListId'
2026-06-22 03:43:07  DEBUG      Para 147: ListId error: '<win32com.gen_py.Microsoft Word 16.0 Object Library.ListFormat instance at 0x1925166053440>' object has no attribute 'ListId'
2026-06-22 03:43:07  DEBUG      Para 148: ListId error: '<win32com.gen_py.Microsoft Word 16.0 Object Library.ListFormat instance at 0x1925170072704>' object has no attribute 'ListId'
2026-06-22 03:43:07  DEBUG      Para 149: ListId error: '<win32com.gen_py.Microsoft Word 16.0 Object Library.ListFormat instance at 0x1925166538320>' object has no attribute 'ListId'
2026-06-22 03:43:07  WARNING    Para 149: KeepTogether SET but read back False!
2026-06-22 03:43:07  DEBUG      Para 150: ListId error: '<win32com.gen_py.Microsoft Word 16.0 Object Library.ListFormat instance at 0x1925170072704>' object has no attribute 'ListId'
2026-06-22 03:43:07  DEBUG      Para 151: ListId error: '<win32com.gen_py.Microsoft Word 16.0 Object Library.ListFormat instance at 0x1925166053440>' object has no attribute 'ListId'
2026-06-22 03:43:08  DEBUG      Para 152: ListId error: '<win32com.gen_py.Microsoft Word 16.0 Object Library.ListFormat instance at 0x1925166538320>' object has no attribute 'ListId'
2026-06-22 03:43:08  DEBUG      Para 152 [Heading 1]: KeepWithNext -1 -> -1  'Section 2: Development Process'
2026-06-22 03:43:08  DEBUG      Para 153: ListId error: '<win32com.gen_py.Microsoft Word 16.0 Object Library.ListFormat instance at 0x1925170072704>' object has no attribute 'ListId'
2026-06-22 03:43:08  DEBUG      Para 153 [Heading 2]: KeepWithNext -1 -> -1  '2.1 Version Control'
2026-06-22 03:43:08  DEBUG      Para 154: ListId error: '<win32com.gen_py.Microsoft Word 16.0 Object Library.ListFormat instance at 0x1925166053440>' object has no attribute 'ListId'
2026-06-22 03:43:08  DEBUG      Para 155: ListId error: '<win32com.gen_py.Microsoft Word 16.0 Object Library.ListFormat instance at 0x1925166538320>' object has no attribute 'ListId'
2026-06-22 03:43:08  DEBUG      Para 155 [Heading 2]: KeepWithNext -1 -> -1  '2.2 Development Timeline'
2026-06-22 03:43:08  DEBUG      Para 156: ListId error: '<win32com.gen_py.Microsoft Word 16.0 Object Library.ListFormat instance at 0x1925170072704>' object has no attribute 'ListId'
2026-06-22 03:43:08  DEBUG      Para 156 [Heading 1]: KeepWithNext -1 -> -1  'Table 5. Development Sessions'
2026-06-22 03:43:08  DEBUG      Para 157: ListId error: '<win32com.gen_py.Microsoft Word 16.0 Object Library.ListFormat instance at 0x1925166053440>' object has no attribute 'ListId'
2026-06-22 03:43:08  DEBUG      Para 158: ListId error: '<win32com.gen_py.Microsoft Word 16.0 Object Library.ListFormat instance at 0x1925166538320>' object has no attribute 'ListId'
2026-06-22 03:43:08  DEBUG      Para 159: ListId error: '<win32com.gen_py.Microsoft Word 16.0 Object Library.ListFormat instance at 0x1925170072704>' object has no attribute 'ListId'
2026-06-22 03:43:08  WARNING    Para 159: KeepTogether SET but read back False!
2026-06-22 03:43:08  DEBUG      Para 160: ListId error: '<win32com.gen_py.Microsoft Word 16.0 Object Library.ListFormat instance at 0x1925166053440>' object has no attribute 'ListId'
2026-06-22 03:43:08  DEBUG      Para 161: ListId error: '<win32com.gen_py.Microsoft Word 16.0 Object Library.ListFormat instance at 0x1925166538320>' object has no attribute 'ListId'
2026-06-22 03:43:08  DEBUG      Para 162: ListId error: '<win32com.gen_py.Microsoft Word 16.0 Object Library.ListFormat instance at 0x1925170072704>' object has no attribute 'ListId'
2026-06-22 03:43:08  WARNING    Para 162: KeepTogether SET but read back False!
2026-06-22 03:43:08  DEBUG      Para 163: ListId error: '<win32com.gen_py.Microsoft Word 16.0 Object Library.ListFormat instance at 0x1925166538320>' object has no attribute 'ListId'
2026-06-22 03:43:08  DEBUG      Para 164: ListId error: '<win32com.gen_py.Microsoft Word 16.0 Object Library.ListFormat instance at 0x1925166053440>' object has no attribute 'ListId'
2026-06-22 03:43:08  DEBUG      Para 165: ListId error: '<win32com.gen_py.Microsoft Word 16.0 Object Library.ListFormat instance at 0x1925170072704>' object has no attribute 'ListId'
2026-06-22 03:43:08  WARNING    Para 165: KeepTogether SET but read back False!
2026-06-22 03:43:08  DEBUG      Para 166: ListId error: '<win32com.gen_py.Microsoft Word 16.0 Object Library.ListFormat instance at 0x1925166053440>' object has no attribute 'ListId'
2026-06-22 03:43:08  DEBUG      Para 167: ListId error: '<win32com.gen_py.Microsoft Word 16.0 Object Library.ListFormat instance at 0x1925166538320>' object has no attribute 'ListId'
2026-06-22 03:43:08  DEBUG      Para 168: ListId error: '<win32com.gen_py.Microsoft Word 16.0 Object Library.ListFormat instance at 0x1925170072704>' object has no attribute 'ListId'
2026-06-22 03:43:08  WARNING    Para 168: KeepTogether SET but read back False!
2026-06-22 03:43:08  DEBUG      Para 169: ListId error: '<win32com.gen_py.Microsoft Word 16.0 Object Library.ListFormat instance at 0x1925166053440>' object has no attribute 'ListId'
2026-06-22 03:43:08  DEBUG      Para 169 [Heading 2]: KeepWithNext -1 -> -1  '2.3 Significant Technical Challenges'
2026-06-22 03:43:08  DEBUG      Para 170: ListId error: '<win32com.gen_py.Microsoft Word 16.0 Object Library.ListFormat instance at 0x1925166538320>' object has no attribute 'ListId'
2026-06-22 03:43:08  DEBUG      Para 170 [Heading 3]: KeepWithNext -1 -> -1  'Dark and Light Theme (12 Bugs)'
2026-06-22 03:43:08  DEBUG      Para 171: ListId error: '<win32com.gen_py.Microsoft Word 16.0 Object Library.ListFormat instance at 0x1925170072704>' object has no attribute 'ListId'
2026-06-22 03:43:08  DEBUG      Para 172: ListId error: '<win32com.gen_py.Microsoft Word 16.0 Object Library.ListFormat instance at 0x1925166053440>' object has no attribute 'ListId'
2026-06-22 03:43:08  DEBUG      Para 172 [Heading 3]: KeepWithNext -1 -> -1  'ARIA Focus Ring (3 Attempts)'
2026-06-22 03:43:08  DEBUG      Para 173: ListId error: '<win32com.gen_py.Microsoft Word 16.0 Object Library.ListFormat instance at 0x1925166538320>' object has no attribute 'ListId'
2026-06-22 03:43:08  DEBUG      Para 174: ListId error: '<win32com.gen_py.Microsoft Word 16.0 Object Library.ListFormat instance at 0x1925170072704>' object has no attribute 'ListId'
2026-06-22 03:43:08  DEBUG      Para 174 [Heading 3]: KeepWithNext -1 -> -1  'Chrome Autofill Preview (3 Attempts)'
2026-06-22 03:43:08  DEBUG      Para 175: ListId error: '<win32com.gen_py.Microsoft Word 16.0 Object Library.ListFormat instance at 0x1925166053440>' object has no attribute 'ListId'
2026-06-22 03:43:08  DEBUG      Para 176: ListId error: '<win32com.gen_py.Microsoft Word 16.0 Object Library.ListFormat instance at 0x1925166538320>' object has no attribute 'ListId'
2026-06-22 03:43:09  DEBUG      Para 176 [Heading 2]: KeepWithNext -1 -> -1  '2.4 Final Validation'
2026-06-22 03:43:09  DEBUG      Para 177: ListId error: '<win32com.gen_py.Microsoft Word 16.0 Object Library.ListFormat instance at 0x1925170072704>' object has no attribute 'ListId'
2026-06-22 03:43:09  DEBUG      Para 178: ListId error: '<win32com.gen_py.Microsoft Word 16.0 Object Library.ListFormat instance at 0x1925166053440>' object has no attribute 'ListId'
2026-06-22 03:43:09  DEBUG      Para 179: ListId error: '<win32com.gen_py.Microsoft Word 16.0 Object Library.ListFormat instance at 0x1925166538320>' object has no attribute 'ListId'
2026-06-22 03:43:09  DEBUG      Para 180: ListId error: '<win32com.gen_py.Microsoft Word 16.0 Object Library.ListFormat instance at 0x1925170072704>' object has no attribute 'ListId'
2026-06-22 03:43:09  DEBUG      Pass complete -- KeepWithNext OK:23 FAIL:0 | KeepTogether OK:88 FAIL:25 | ListGroups:0
2026-06-22 03:43:09  DEBUG      Table 2: 8 rows (char 1830)
2026-06-22 03:43:09  DEBUG      Table 3: 4 rows (char 3083)
2026-06-22 03:43:09  DEBUG      Table 4: 5 rows (char 5378)
2026-06-22 03:43:09  DEBUG      Table 5: 4 rows (char 13651)
2026-06-22 03:43:09  DEBUG      Table 6: 4 rows (char 14582)
2026-06-22 03:43:09  DEBUG      Tables done -- rows OK:25 FAIL:0
2026-06-22 03:43:09  INFO       Formatting rules applied
2026-06-22 03:43:09  DEBUG      TOC tables found: 1
2026-06-22 03:43:09  DEBUG      toc.Update() called
2026-06-22 03:43:09  DEBUG      Fields.Update() called
2026-06-22 03:43:09  DEBUG      doc.Save() OK
2026-06-22 03:43:10  INFO       COM session COMPLETE -- toc_updated=True
2026-06-22 04:01:34  INFO     ============================================================
2026-06-22 04:01:34  INFO     COM session START: test 1.docx
2026-06-22 04:01:34  DEBUG      Platform: Windows
2026-06-22 04:01:34  DEBUG      pywin32 imported OK
2026-06-22 04:01:34  DEBUG      CoInitialize OK
2026-06-22 04:01:34  DEBUG      Word.Application dispatched OK
2026-06-22 04:01:34  DEBUG      word.Options.UpdateLinksAtOpen = False OK
2026-06-22 04:01:34  DEBUG      word.Options.ConfirmConversions = False OK
2026-06-22 04:01:34  DEBUG      word.DisplayAlerts = 0 OK
2026-06-22 04:01:34  DEBUG      Document opened OK: D:\.IT_Projects\_GIT_hub\CLI - Rhema\output\test 1.docx
2026-06-22 04:01:34  INFO       Applying professional formatting rules ...
2026-06-22 04:01:34  DEBUG      Total paragraphs in document: 203
2026-06-22 04:01:35  DEBUG      Body end:   para 29 (before 'CONTENTS' at 30)
2026-06-22 04:01:35  DEBUG      Body start: para 41 (Heading 1: 'Section 1: Technical Code Analysis')
2026-06-22 04:01:39  DEBUG      Body end:   para 180 (before 'REFERENCES' at 181)
2026-06-22 04:01:39  DEBUG      Body section: paras 41 to 180
2026-06-22 04:01:39  DEBUG      Para 41: ListId error: '<win32com.gen_py.Microsoft Word 16.0 Object Library.ListFormat instance at 0x2458680707120>' object has no attribute 'ListId'
2026-06-22 04:01:39  DEBUG      Para 41 [Heading 1]: KeepWithNext -1 -> -1  'Section 1: Technical Code Analysis'
2026-06-22 04:01:39  DEBUG      Para 42: ListId error: '<win32com.gen_py.Microsoft Word 16.0 Object Library.ListFormat instance at 0x2458668314576>' object has no attribute 'ListId'
2026-06-22 04:01:39  DEBUG      Para 42 [Heading 2]: KeepWithNext -1 -> -1  '1.1 Project Architecture'
2026-06-22 04:01:39  DEBUG      Para 43: ListId error: '<win32com.gen_py.Microsoft Word 16.0 Object Library.ListFormat instance at 0x2458668314576>' object has no attribute 'ListId'
2026-06-22 04:01:39  DEBUG      Para 44: ListId error: '<win32com.gen_py.Microsoft Word 16.0 Object Library.ListFormat instance at 0x2458668023008>' object has no attribute 'ListId'
2026-06-22 04:01:39  DEBUG      Para 45: ListId error: '<win32com.gen_py.Microsoft Word 16.0 Object Library.ListFormat instance at 0x2458668023008>' object has no attribute 'ListId'
2026-06-22 04:01:39  DEBUG      Para 45 [Heading 1]: KeepWithNext -1 -> -1  'Table 1. File Organisation and Governing'
2026-06-22 04:01:40  DEBUG      Para 46: ListId error: '<win32com.gen_py.Microsoft Word 16.0 Object Library.ListFormat instance at 0x2458684346960>' object has no attribute 'ListId'
2026-06-22 04:01:40  DEBUG      Para 47: ListId error: '<win32com.gen_py.Microsoft Word 16.0 Object Library.ListFormat instance at 0x2458668039936>' object has no attribute 'ListId'
2026-06-22 04:01:40  DEBUG      Para 48: ListId error: '<win32com.gen_py.Microsoft Word 16.0 Object Library.ListFormat instance at 0x2458668039936>' object has no attribute 'ListId'
2026-06-22 04:01:40  DEBUG      Para 49: ListId error: '<win32com.gen_py.Microsoft Word 16.0 Object Library.ListFormat instance at 0x2458668072272>' object has no attribute 'ListId'
2026-06-22 04:01:40  WARNING    Para 49: KeepTogether SET but read back False!
2026-06-22 04:01:40  DEBUG      Para 50: ListId error: '<win32com.gen_py.Microsoft Word 16.0 Object Library.ListFormat instance at 0x2458668072016>' object has no attribute 'ListId'
2026-06-22 04:01:40  DEBUG      Para 51: ListId error: '<win32com.gen_py.Microsoft Word 16.0 Object Library.ListFormat instance at 0x2458668179264>' object has no attribute 'ListId'
2026-06-22 04:01:40  DEBUG      Para 52: ListId error: '<win32com.gen_py.Microsoft Word 16.0 Object Library.ListFormat instance at 0x2458668179264>' object has no attribute 'ListId'
2026-06-22 04:01:40  DEBUG      Para 53: ListId error: '<win32com.gen_py.Microsoft Word 16.0 Object Library.ListFormat instance at 0x2458679771888>' object has no attribute 'ListId'
2026-06-22 04:01:40  WARNING    Para 53: KeepTogether SET but read back False!
2026-06-22 04:01:40  DEBUG      Para 54: ListId error: '<win32com.gen_py.Microsoft Word 16.0 Object Library.ListFormat instance at 0x2458679771888>' object has no attribute 'ListId'
2026-06-22 04:01:41  DEBUG      Para 55: ListId error: '<win32com.gen_py.Microsoft Word 16.0 Object Library.ListFormat instance at 0x2458667931824>' object has no attribute 'ListId'
2026-06-22 04:01:41  DEBUG      Para 56: ListId error: '<win32com.gen_py.Microsoft Word 16.0 Object Library.ListFormat instance at 0x2458667593232>' object has no attribute 'ListId'
2026-06-22 04:01:41  DEBUG      Para 57: ListId error: '<win32com.gen_py.Microsoft Word 16.0 Object Library.ListFormat instance at 0x2458667593232>' object has no attribute 'ListId'
2026-06-22 04:01:41  WARNING    Para 57: KeepTogether SET but read back False!
2026-06-22 04:01:41  DEBUG      Para 58: ListId error: '<win32com.gen_py.Microsoft Word 16.0 Object Library.ListFormat instance at 0x2458668266640>' object has no attribute 'ListId'
2026-06-22 04:01:41  DEBUG      Para 59: ListId error: '<win32com.gen_py.Microsoft Word 16.0 Object Library.ListFormat instance at 0x2458668266640>' object has no attribute 'ListId'
2026-06-22 04:01:41  DEBUG      Para 60: ListId error: '<win32com.gen_py.Microsoft Word 16.0 Object Library.ListFormat instance at 0x2458679814384>' object has no attribute 'ListId'
2026-06-22 04:01:41  DEBUG      Para 61: ListId error: '<win32com.gen_py.Microsoft Word 16.0 Object Library.ListFormat instance at 0x2458679814384>' object has no attribute 'ListId'
2026-06-22 04:01:41  WARNING    Para 61: KeepTogether SET but read back False!
2026-06-22 04:01:41  DEBUG      Para 62: ListId error: '<win32com.gen_py.Microsoft Word 16.0 Object Library.ListFormat instance at 0x2458679225392>' object has no attribute 'ListId'
2026-06-22 04:01:42  DEBUG      Para 63: ListId error: '<win32com.gen_py.Microsoft Word 16.0 Object Library.ListFormat instance at 0x2458684503760>' object has no attribute 'ListId'
2026-06-22 04:01:42  DEBUG      Para 64: ListId error: '<win32com.gen_py.Microsoft Word 16.0 Object Library.ListFormat instance at 0x2458684503760>' object has no attribute 'ListId'
2026-06-22 04:01:42  DEBUG      Para 65: ListId error: '<win32com.gen_py.Microsoft Word 16.0 Object Library.ListFormat instance at 0x2458668252896>' object has no attribute 'ListId'
2026-06-22 04:01:42  WARNING    Para 65: KeepTogether SET but read back False!
2026-06-22 04:01:42  DEBUG      Para 66: ListId error: '<win32com.gen_py.Microsoft Word 16.0 Object Library.ListFormat instance at 0x2458668252896>' object has no attribute 'ListId'
2026-06-22 04:01:42  DEBUG      Para 67: ListId error: '<win32com.gen_py.Microsoft Word 16.0 Object Library.ListFormat instance at 0x2458684399856>' object has no attribute 'ListId'
2026-06-22 04:01:42  DEBUG      Para 68: ListId error: '<win32com.gen_py.Microsoft Word 16.0 Object Library.ListFormat instance at 0x2458684402160>' object has no attribute 'ListId'
2026-06-22 04:01:42  DEBUG      Para 69: ListId error: '<win32com.gen_py.Microsoft Word 16.0 Object Library.ListFormat instance at 0x2458680278016>' object has no attribute 'ListId'
2026-06-22 04:01:42  WARNING    Para 69: KeepTogether SET but read back False!
2026-06-22 04:01:42  DEBUG      Para 70: ListId error: '<win32com.gen_py.Microsoft Word 16.0 Object Library.ListFormat instance at 0x2458684297200>' object has no attribute 'ListId'
2026-06-22 04:01:43  DEBUG      Para 71: ListId error: '<win32com.gen_py.Microsoft Word 16.0 Object Library.ListFormat instance at 0x2458680746432>' object has no attribute 'ListId'
2026-06-22 04:01:43  DEBUG      Para 72: ListId error: '<win32com.gen_py.Microsoft Word 16.0 Object Library.ListFormat instance at 0x2458680278016>' object has no attribute 'ListId'
2026-06-22 04:01:43  DEBUG      Para 73: ListId error: '<win32com.gen_py.Microsoft Word 16.0 Object Library.ListFormat instance at 0x2458684297200>' object has no attribute 'ListId'
2026-06-22 04:01:43  WARNING    Para 73: KeepTogether SET but read back False!
2026-06-22 04:01:43  DEBUG      Para 74: ListId error: '<win32com.gen_py.Microsoft Word 16.0 Object Library.ListFormat instance at 0x2458680746432>' object has no attribute 'ListId'
2026-06-22 04:01:43  DEBUG      Para 75: ListId error: '<win32com.gen_py.Microsoft Word 16.0 Object Library.ListFormat instance at 0x2458680278016>' object has no attribute 'ListId'
2026-06-22 04:01:43  DEBUG      Para 76: ListId error: '<win32com.gen_py.Microsoft Word 16.0 Object Library.ListFormat instance at 0x2458684297200>' object has no attribute 'ListId'
2026-06-22 04:01:43  DEBUG      Para 77: ListId error: '<win32com.gen_py.Microsoft Word 16.0 Object Library.ListFormat instance at 0x2458680746432>' object has no attribute 'ListId'
2026-06-22 04:01:43  WARNING    Para 77: KeepTogether SET but read back False!
2026-06-22 04:01:43  DEBUG      Para 78: ListId error: '<win32com.gen_py.Microsoft Word 16.0 Object Library.ListFormat instance at 0x2458684297200>' object has no attribute 'ListId'
2026-06-22 04:01:43  DEBUG      Para 78 [Heading 2]: KeepWithNext -1 -> -1  '1.2 Inline CSS Justification'
2026-06-22 04:01:44  DEBUG      Para 79: ListId error: '<win32com.gen_py.Microsoft Word 16.0 Object Library.ListFormat instance at 0x2458680278016>' object has no attribute 'ListId'
2026-06-22 04:01:44  DEBUG      Para 80: ListId error: '<win32com.gen_py.Microsoft Word 16.0 Object Library.ListFormat instance at 0x2458680746432>' object has no attribute 'ListId'
2026-06-22 04:01:44  DEBUG      Para 80 [Heading 1]: KeepWithNext -1 -> -1  'Table 2. Inline CSS Categories and Justi'
2026-06-22 04:01:44  DEBUG      Para 81: ListId error: '<win32com.gen_py.Microsoft Word 16.0 Object Library.ListFormat instance at 0x2458684297200>' object has no attribute 'ListId'
2026-06-22 04:01:44  DEBUG      Para 82: ListId error: '<win32com.gen_py.Microsoft Word 16.0 Object Library.ListFormat instance at 0x2458680278016>' object has no attribute 'ListId'
2026-06-22 04:01:44  DEBUG      Para 83: ListId error: '<win32com.gen_py.Microsoft Word 16.0 Object Library.ListFormat instance at 0x2458680746432>' object has no attribute 'ListId'
2026-06-22 04:01:44  WARNING    Para 83: KeepTogether SET but read back False!
2026-06-22 04:01:44  DEBUG      Para 84: ListId error: '<win32com.gen_py.Microsoft Word 16.0 Object Library.ListFormat instance at 0x2458684297200>' object has no attribute 'ListId'
2026-06-22 04:01:44  DEBUG      Para 85: ListId error: '<win32com.gen_py.Microsoft Word 16.0 Object Library.ListFormat instance at 0x2458680278016>' object has no attribute 'ListId'
2026-06-22 04:01:44  DEBUG      Para 86: ListId error: '<win32com.gen_py.Microsoft Word 16.0 Object Library.ListFormat instance at 0x2458680746432>' object has no attribute 'ListId'
2026-06-22 04:01:44  WARNING    Para 86: KeepTogether SET but read back False!
2026-06-22 04:01:45  DEBUG      Para 87: ListId error: '<win32com.gen_py.Microsoft Word 16.0 Object Library.ListFormat instance at 0x2458680278016>' object has no attribute 'ListId'
2026-06-22 04:01:45  DEBUG      Para 88: ListId error: '<win32com.gen_py.Microsoft Word 16.0 Object Library.ListFormat instance at 0x2458684297200>' object has no attribute 'ListId'
2026-06-22 04:01:45  DEBUG      Para 89: ListId error: '<win32com.gen_py.Microsoft Word 16.0 Object Library.ListFormat instance at 0x2458680746432>' object has no attribute 'ListId'
2026-06-22 04:01:45  WARNING    Para 89: KeepTogether SET but read back False!
2026-06-22 04:01:45  DEBUG      Para 90: ListId error: '<win32com.gen_py.Microsoft Word 16.0 Object Library.ListFormat instance at 0x2458684297200>' object has no attribute 'ListId'
2026-06-22 04:01:45  DEBUG      Para 91: ListId error: '<win32com.gen_py.Microsoft Word 16.0 Object Library.ListFormat instance at 0x2458680278016>' object has no attribute 'ListId'
2026-06-22 04:01:45  DEBUG      Para 92: ListId error: '<win32com.gen_py.Microsoft Word 16.0 Object Library.ListFormat instance at 0x2458680746432>' object has no attribute 'ListId'
2026-06-22 04:01:45  WARNING    Para 92: KeepTogether SET but read back False!
2026-06-22 04:01:45  DEBUG      Para 93: ListId error: '<win32com.gen_py.Microsoft Word 16.0 Object Library.ListFormat instance at 0x2458684297200>' object has no attribute 'ListId'
2026-06-22 04:01:45  DEBUG      Para 93 [Heading 2]: KeepWithNext -1 -> -1  '1.3 Shared Layer: common.js'
2026-06-22 04:01:45  DEBUG      Para 94: ListId error: '<win32com.gen_py.Microsoft Word 16.0 Object Library.ListFormat instance at 0x2458680278016>' object has no attribute 'ListId'
2026-06-22 04:01:45  DEBUG      Para 95: ListId error: '<win32com.gen_py.Microsoft Word 16.0 Object Library.ListFormat instance at 0x2458680746432>' object has no attribute 'ListId'
2026-06-22 04:01:46  DEBUG      Para 96: ListId error: '<win32com.gen_py.Microsoft Word 16.0 Object Library.ListFormat instance at 0x2458684297200>' object has no attribute 'ListId'
2026-06-22 04:01:46  DEBUG      Para 97: ListId error: '<win32com.gen_py.Microsoft Word 16.0 Object Library.ListFormat instance at 0x2458680278016>' object has no attribute 'ListId'
2026-06-22 04:01:46  DEBUG      Para 97 [Heading 2]: KeepWithNext -1 -> -1  '1.4 Page-Specific Behaviour'
2026-06-22 04:01:46  DEBUG      Para 98: ListId error: '<win32com.gen_py.Microsoft Word 16.0 Object Library.ListFormat instance at 0x2458680746432>' object has no attribute 'ListId'
2026-06-22 04:01:46  DEBUG      Para 98 [Heading 1]: KeepWithNext -1 -> -1  'Table 3. Page Features and Implementatio'
2026-06-22 04:01:46  DEBUG      Para 99: ListId error: '<win32com.gen_py.Microsoft Word 16.0 Object Library.ListFormat instance at 0x2458684297200>' object has no attribute 'ListId'
2026-06-22 04:01:46  DEBUG      Para 100: ListId error: '<win32com.gen_py.Microsoft Word 16.0 Object Library.ListFormat instance at 0x2458680278016>' object has no attribute 'ListId'
2026-06-22 04:01:46  DEBUG      Para 101: ListId error: '<win32com.gen_py.Microsoft Word 16.0 Object Library.ListFormat instance at 0x2458680746432>' object has no attribute 'ListId'
2026-06-22 04:01:46  DEBUG      Para 102: ListId error: '<win32com.gen_py.Microsoft Word 16.0 Object Library.ListFormat instance at 0x2458684297200>' object has no attribute 'ListId'
2026-06-22 04:01:46  WARNING    Para 102: KeepTogether SET but read back False!
2026-06-22 04:01:46  DEBUG      Para 103: ListId error: '<win32com.gen_py.Microsoft Word 16.0 Object Library.ListFormat instance at 0x2458680278016>' object has no attribute 'ListId'
2026-06-22 04:01:47  DEBUG      Para 104: ListId error: '<win32com.gen_py.Microsoft Word 16.0 Object Library.ListFormat instance at 0x2458684297200>' object has no attribute 'ListId'
2026-06-22 04:01:47  DEBUG      Para 105: ListId error: '<win32com.gen_py.Microsoft Word 16.0 Object Library.ListFormat instance at 0x2458680746432>' object has no attribute 'ListId'
2026-06-22 04:01:47  DEBUG      Para 106: ListId error: '<win32com.gen_py.Microsoft Word 16.0 Object Library.ListFormat instance at 0x2458680278016>' object has no attribute 'ListId'
2026-06-22 04:01:47  WARNING    Para 106: KeepTogether SET but read back False!
2026-06-22 04:01:47  DEBUG      Para 107: ListId error: '<win32com.gen_py.Microsoft Word 16.0 Object Library.ListFormat instance at 0x2458684297200>' object has no attribute 'ListId'
2026-06-22 04:01:47  DEBUG      Para 108: ListId error: '<win32com.gen_py.Microsoft Word 16.0 Object Library.ListFormat instance at 0x2458680746432>' object has no attribute 'ListId'
2026-06-22 04:01:47  DEBUG      Para 109: ListId error: '<win32com.gen_py.Microsoft Word 16.0 Object Library.ListFormat instance at 0x2458680278016>' object has no attribute 'ListId'
2026-06-22 04:01:47  DEBUG      Para 110: ListId error: '<win32com.gen_py.Microsoft Word 16.0 Object Library.ListFormat instance at 0x2458684297200>' object has no attribute 'ListId'
2026-06-22 04:01:47  WARNING    Para 110: KeepTogether SET but read back False!
2026-06-22 04:01:47  DEBUG      Para 111: ListId error: '<win32com.gen_py.Microsoft Word 16.0 Object Library.ListFormat instance at 0x2458680746432>' object has no attribute 'ListId'
2026-06-22 04:01:48  DEBUG      Para 112: ListId error: '<win32com.gen_py.Microsoft Word 16.0 Object Library.ListFormat instance at 0x2458680278016>' object has no attribute 'ListId'
2026-06-22 04:01:48  DEBUG      Para 113: ListId error: '<win32com.gen_py.Microsoft Word 16.0 Object Library.ListFormat instance at 0x2458684297200>' object has no attribute 'ListId'
2026-06-22 04:01:48  DEBUG      Para 114: ListId error: '<win32com.gen_py.Microsoft Word 16.0 Object Library.ListFormat instance at 0x2458680746432>' object has no attribute 'ListId'
2026-06-22 04:01:48  WARNING    Para 114: KeepTogether SET but read back False!
2026-06-22 04:01:48  DEBUG      Para 115: ListId error: '<win32com.gen_py.Microsoft Word 16.0 Object Library.ListFormat instance at 0x2458680278016>' object has no attribute 'ListId'
2026-06-22 04:01:48  DEBUG      Para 116: ListId error: '<win32com.gen_py.Microsoft Word 16.0 Object Library.ListFormat instance at 0x2458684297200>' object has no attribute 'ListId'
2026-06-22 04:01:48  DEBUG      Para 117: ListId error: '<win32com.gen_py.Microsoft Word 16.0 Object Library.ListFormat instance at 0x2458680746432>' object has no attribute 'ListId'
2026-06-22 04:01:48  DEBUG      Para 118: ListId error: '<win32com.gen_py.Microsoft Word 16.0 Object Library.ListFormat instance at 0x2458680278016>' object has no attribute 'ListId'
2026-06-22 04:01:48  WARNING    Para 118: KeepTogether SET but read back False!
2026-06-22 04:01:48  DEBUG      Para 119: ListId error: '<win32com.gen_py.Microsoft Word 16.0 Object Library.ListFormat instance at 0x2458684297200>' object has no attribute 'ListId'
2026-06-22 04:01:48  DEBUG      Para 119 [Heading 3]: KeepWithNext -1 -> -1  '1.4.1 Mouse-Tracking Parallax (index.js)'
2026-06-22 04:01:48  DEBUG      Para 120: ListId error: '<win32com.gen_py.Microsoft Word 16.0 Object Library.ListFormat instance at 0x2458680746432>' object has no attribute 'ListId'
2026-06-22 04:01:49  DEBUG      Para 121: ListId error: '<win32com.gen_py.Microsoft Word 16.0 Object Library.ListFormat instance at 0x2458680278016>' object has no attribute 'ListId'
2026-06-22 04:01:49  DEBUG      Para 121 [Heading 3]: KeepWithNext -1 -> -1  '1.4.2 Audio Player (index.js)'
2026-06-22 04:01:49  DEBUG      Para 122: ListId error: '<win32com.gen_py.Microsoft Word 16.0 Object Library.ListFormat instance at 0x2458684297200>' object has no attribute 'ListId'
2026-06-22 04:01:49  DEBUG      Para 123: ListId error: '<win32com.gen_py.Microsoft Word 16.0 Object Library.ListFormat instance at 0x2458680746432>' object has no attribute 'ListId'
2026-06-22 04:01:49  DEBUG      Para 123 [Heading 2]: KeepWithNext -1 -> -1  '1.5 Side Quests: The Quest State Machine'
2026-06-22 04:01:49  DEBUG      Para 124: ListId error: '<win32com.gen_py.Microsoft Word 16.0 Object Library.ListFormat instance at 0x2458680278016>' object has no attribute 'ListId'
2026-06-22 04:01:49  DEBUG      Para 125: ListId error: '<win32com.gen_py.Microsoft Word 16.0 Object Library.ListFormat instance at 0x2458684297200>' object has no attribute 'ListId'
2026-06-22 04:01:49  DEBUG      Para 126: ListId error: '<win32com.gen_py.Microsoft Word 16.0 Object Library.ListFormat instance at 0x2458680746432>' object has no attribute 'ListId'
2026-06-22 04:01:49  DEBUG      Para 127: ListId error: '<win32com.gen_py.Microsoft Word 16.0 Object Library.ListFormat instance at 0x2458680278016>' object has no attribute 'ListId'
2026-06-22 04:01:49  DEBUG      Para 127 [Heading 2]: KeepWithNext -1 -> -1  '1.6 Side Quests: The SVG Donut Chart'
2026-06-22 04:01:50  DEBUG      Para 128: ListId error: '<win32com.gen_py.Microsoft Word 16.0 Object Library.ListFormat instance at 0x2458684297200>' object has no attribute 'ListId'
2026-06-22 04:01:50  DEBUG      Para 129: ListId error: '<win32com.gen_py.Microsoft Word 16.0 Object Library.ListFormat instance at 0x2458680746432>' object has no attribute 'ListId'
2026-06-22 04:01:50  DEBUG      Para 130: ListId error: '<win32com.gen_py.Microsoft Word 16.0 Object Library.ListFormat instance at 0x2458680278016>' object has no attribute 'ListId'
2026-06-22 04:01:50  DEBUG      Para 131: ListId error: '<win32com.gen_py.Microsoft Word 16.0 Object Library.ListFormat instance at 0x2458684297200>' object has no attribute 'ListId'
2026-06-22 04:01:50  DEBUG      Para 132: ListId error: '<win32com.gen_py.Microsoft Word 16.0 Object Library.ListFormat instance at 0x2458680746432>' object has no attribute 'ListId'
2026-06-22 04:01:50  DEBUG      Para 132 [Heading 2]: KeepWithNext -1 -> -1  '1.7 Colour Semantics'
2026-06-22 04:01:50  DEBUG      Para 133: ListId error: '<win32com.gen_py.Microsoft Word 16.0 Object Library.ListFormat instance at 0x2458680278016>' object has no attribute 'ListId'
2026-06-22 04:01:50  DEBUG      Para 133 [Heading 1]: KeepWithNext -1 -> -1  'Table 4. Colour-Semantic Mapping'
2026-06-22 04:01:50  DEBUG      Para 134: ListId error: '<win32com.gen_py.Microsoft Word 16.0 Object Library.ListFormat instance at 0x2458684297200>' object has no attribute 'ListId'
2026-06-22 04:01:50  DEBUG      Para 135: ListId error: '<win32com.gen_py.Microsoft Word 16.0 Object Library.ListFormat instance at 0x2458680746432>' object has no attribute 'ListId'
2026-06-22 04:01:51  DEBUG      Para 136: ListId error: '<win32com.gen_py.Microsoft Word 16.0 Object Library.ListFormat instance at 0x2458680278016>' object has no attribute 'ListId'
2026-06-22 04:01:51  DEBUG      Para 137: ListId error: '<win32com.gen_py.Microsoft Word 16.0 Object Library.ListFormat instance at 0x2458684297200>' object has no attribute 'ListId'
2026-06-22 04:01:51  WARNING    Para 137: KeepTogether SET but read back False!
2026-06-22 04:01:51  DEBUG      Para 138: ListId error: '<win32com.gen_py.Microsoft Word 16.0 Object Library.ListFormat instance at 0x2458680746432>' object has no attribute 'ListId'
2026-06-22 04:01:51  DEBUG      Para 139: ListId error: '<win32com.gen_py.Microsoft Word 16.0 Object Library.ListFormat instance at 0x2458684297200>' object has no attribute 'ListId'
2026-06-22 04:01:51  DEBUG      Para 140: ListId error: '<win32com.gen_py.Microsoft Word 16.0 Object Library.ListFormat instance at 0x2458680278016>' object has no attribute 'ListId'
2026-06-22 04:01:51  DEBUG      Para 141: ListId error: '<win32com.gen_py.Microsoft Word 16.0 Object Library.ListFormat instance at 0x2458680746432>' object has no attribute 'ListId'
2026-06-22 04:01:51  WARNING    Para 141: KeepTogether SET but read back False!
2026-06-22 04:01:51  DEBUG      Para 142: ListId error: '<win32com.gen_py.Microsoft Word 16.0 Object Library.ListFormat instance at 0x2458684297200>' object has no attribute 'ListId'
2026-06-22 04:01:51  DEBUG      Para 143: ListId error: '<win32com.gen_py.Microsoft Word 16.0 Object Library.ListFormat instance at 0x2458680278016>' object has no attribute 'ListId'
2026-06-22 04:01:52  DEBUG      Para 144: ListId error: '<win32com.gen_py.Microsoft Word 16.0 Object Library.ListFormat instance at 0x2458680746432>' object has no attribute 'ListId'
2026-06-22 04:01:52  DEBUG      Para 145: ListId error: '<win32com.gen_py.Microsoft Word 16.0 Object Library.ListFormat instance at 0x2458684297200>' object has no attribute 'ListId'
2026-06-22 04:01:52  WARNING    Para 145: KeepTogether SET but read back False!
2026-06-22 04:01:52  DEBUG      Para 146: ListId error: '<win32com.gen_py.Microsoft Word 16.0 Object Library.ListFormat instance at 0x2458680746432>' object has no attribute 'ListId'
2026-06-22 04:01:52  DEBUG      Para 147: ListId error: '<win32com.gen_py.Microsoft Word 16.0 Object Library.ListFormat instance at 0x2458680278016>' object has no attribute 'ListId'
2026-06-22 04:01:52  DEBUG      Para 148: ListId error: '<win32com.gen_py.Microsoft Word 16.0 Object Library.ListFormat instance at 0x2458684297200>' object has no attribute 'ListId'
2026-06-22 04:01:52  DEBUG      Para 149: ListId error: '<win32com.gen_py.Microsoft Word 16.0 Object Library.ListFormat instance at 0x2458680746432>' object has no attribute 'ListId'
2026-06-22 04:01:52  WARNING    Para 149: KeepTogether SET but read back False!
2026-06-22 04:01:52  DEBUG      Para 150: ListId error: '<win32com.gen_py.Microsoft Word 16.0 Object Library.ListFormat instance at 0x2458684297200>' object has no attribute 'ListId'
2026-06-22 04:01:52  DEBUG      Para 151: ListId error: '<win32com.gen_py.Microsoft Word 16.0 Object Library.ListFormat instance at 0x2458680278016>' object has no attribute 'ListId'
2026-06-22 04:01:52  DEBUG      Para 152: ListId error: '<win32com.gen_py.Microsoft Word 16.0 Object Library.ListFormat instance at 0x2458680746432>' object has no attribute 'ListId'
2026-06-22 04:01:53  DEBUG      Para 152 [Heading 1]: KeepWithNext -1 -> -1  'Section 2: Development Process'
2026-06-22 04:01:53  DEBUG      Para 153: ListId error: '<win32com.gen_py.Microsoft Word 16.0 Object Library.ListFormat instance at 0x2458684297200>' object has no attribute 'ListId'
2026-06-22 04:01:53  DEBUG      Para 153 [Heading 2]: KeepWithNext -1 -> -1  '2.1 Version Control'
2026-06-22 04:01:53  DEBUG      Para 154: ListId error: '<win32com.gen_py.Microsoft Word 16.0 Object Library.ListFormat instance at 0x2458680278016>' object has no attribute 'ListId'
2026-06-22 04:01:53  DEBUG      Para 155: ListId error: '<win32com.gen_py.Microsoft Word 16.0 Object Library.ListFormat instance at 0x2458680746432>' object has no attribute 'ListId'
2026-06-22 04:01:53  DEBUG      Para 155 [Heading 2]: KeepWithNext -1 -> -1  '2.2 Development Timeline'
2026-06-22 04:01:53  DEBUG      Para 156: ListId error: '<win32com.gen_py.Microsoft Word 16.0 Object Library.ListFormat instance at 0x2458684297200>' object has no attribute 'ListId'
2026-06-22 04:01:53  DEBUG      Para 156 [Heading 1]: KeepWithNext -1 -> -1  'Table 5. Development Sessions'
2026-06-22 04:01:53  DEBUG      Para 157: ListId error: '<win32com.gen_py.Microsoft Word 16.0 Object Library.ListFormat instance at 0x2458680278016>' object has no attribute 'ListId'
2026-06-22 04:01:53  DEBUG      Para 158: ListId error: '<win32com.gen_py.Microsoft Word 16.0 Object Library.ListFormat instance at 0x2458680746432>' object has no attribute 'ListId'
2026-06-22 04:01:53  DEBUG      Para 159: ListId error: '<win32com.gen_py.Microsoft Word 16.0 Object Library.ListFormat instance at 0x2458684297200>' object has no attribute 'ListId'
2026-06-22 04:01:53  WARNING    Para 159: KeepTogether SET but read back False!
2026-06-22 04:01:53  DEBUG      Para 160: ListId error: '<win32com.gen_py.Microsoft Word 16.0 Object Library.ListFormat instance at 0x2458680278016>' object has no attribute 'ListId'
2026-06-22 04:01:54  DEBUG      Para 161: ListId error: '<win32com.gen_py.Microsoft Word 16.0 Object Library.ListFormat instance at 0x2458680746432>' object has no attribute 'ListId'
2026-06-22 04:01:54  DEBUG      Para 162: ListId error: '<win32com.gen_py.Microsoft Word 16.0 Object Library.ListFormat instance at 0x2458684297200>' object has no attribute 'ListId'
2026-06-22 04:01:54  WARNING    Para 162: KeepTogether SET but read back False!
2026-06-22 04:01:54  DEBUG      Para 163: ListId error: '<win32com.gen_py.Microsoft Word 16.0 Object Library.ListFormat instance at 0x2458680746432>' object has no attribute 'ListId'
2026-06-22 04:01:54  DEBUG      Para 164: ListId error: '<win32com.gen_py.Microsoft Word 16.0 Object Library.ListFormat instance at 0x2458680278016>' object has no attribute 'ListId'
2026-06-22 04:01:54  DEBUG      Para 165: ListId error: '<win32com.gen_py.Microsoft Word 16.0 Object Library.ListFormat instance at 0x2458684297200>' object has no attribute 'ListId'
2026-06-22 04:01:54  WARNING    Para 165: KeepTogether SET but read back False!
2026-06-22 04:01:54  DEBUG      Para 166: ListId error: '<win32com.gen_py.Microsoft Word 16.0 Object Library.ListFormat instance at 0x2458680278016>' object has no attribute 'ListId'
2026-06-22 04:01:54  DEBUG      Para 167: ListId error: '<win32com.gen_py.Microsoft Word 16.0 Object Library.ListFormat instance at 0x2458680746432>' object has no attribute 'ListId'
2026-06-22 04:01:54  DEBUG      Para 168: ListId error: '<win32com.gen_py.Microsoft Word 16.0 Object Library.ListFormat instance at 0x2458684297200>' object has no attribute 'ListId'
2026-06-22 04:01:55  WARNING    Para 168: KeepTogether SET but read back False!
2026-06-22 04:01:55  DEBUG      Para 169: ListId error: '<win32com.gen_py.Microsoft Word 16.0 Object Library.ListFormat instance at 0x2458680278016>' object has no attribute 'ListId'
2026-06-22 04:01:55  DEBUG      Para 169 [Heading 2]: KeepWithNext -1 -> -1  '2.3 Significant Technical Challenges'
2026-06-22 04:01:55  DEBUG      Para 170: ListId error: '<win32com.gen_py.Microsoft Word 16.0 Object Library.ListFormat instance at 0x2458680746432>' object has no attribute 'ListId'
2026-06-22 04:01:55  DEBUG      Para 170 [Heading 3]: KeepWithNext -1 -> -1  'Dark and Light Theme (12 Bugs)'
2026-06-22 04:01:55  DEBUG      Para 171: ListId error: '<win32com.gen_py.Microsoft Word 16.0 Object Library.ListFormat instance at 0x2458684297200>' object has no attribute 'ListId'
2026-06-22 04:01:55  DEBUG      Para 172: ListId error: '<win32com.gen_py.Microsoft Word 16.0 Object Library.ListFormat instance at 0x2458680278016>' object has no attribute 'ListId'
2026-06-22 04:01:55  DEBUG      Para 172 [Heading 3]: KeepWithNext -1 -> -1  'ARIA Focus Ring (3 Attempts)'
2026-06-22 04:01:55  DEBUG      Para 173: ListId error: '<win32com.gen_py.Microsoft Word 16.0 Object Library.ListFormat instance at 0x2458680746432>' object has no attribute 'ListId'
2026-06-22 04:01:55  DEBUG      Para 174: ListId error: '<win32com.gen_py.Microsoft Word 16.0 Object Library.ListFormat instance at 0x2458684297200>' object has no attribute 'ListId'
2026-06-22 04:01:55  DEBUG      Para 174 [Heading 3]: KeepWithNext -1 -> -1  'Chrome Autofill Preview (3 Attempts)'
2026-06-22 04:01:55  DEBUG      Para 175: ListId error: '<win32com.gen_py.Microsoft Word 16.0 Object Library.ListFormat instance at 0x2458680278016>' object has no attribute 'ListId'
2026-06-22 04:01:55  DEBUG      Para 176: ListId error: '<win32com.gen_py.Microsoft Word 16.0 Object Library.ListFormat instance at 0x2458680746432>' object has no attribute 'ListId'
2026-06-22 04:01:56  DEBUG      Para 176 [Heading 2]: KeepWithNext -1 -> -1  '2.4 Final Validation'
2026-06-22 04:01:56  DEBUG      Para 177: ListId error: '<win32com.gen_py.Microsoft Word 16.0 Object Library.ListFormat instance at 0x2458684297200>' object has no attribute 'ListId'
2026-06-22 04:01:56  DEBUG      Para 178: ListId error: '<win32com.gen_py.Microsoft Word 16.0 Object Library.ListFormat instance at 0x2458680278016>' object has no attribute 'ListId'
2026-06-22 04:01:56  DEBUG      Para 179: ListId error: '<win32com.gen_py.Microsoft Word 16.0 Object Library.ListFormat instance at 0x2458680746432>' object has no attribute 'ListId'
2026-06-22 04:01:56  DEBUG      Para 180: ListId error: '<win32com.gen_py.Microsoft Word 16.0 Object Library.ListFormat instance at 0x2458684297200>' object has no attribute 'ListId'
2026-06-22 04:01:56  DEBUG      Pass complete -- KeepWithNext OK:23 FAIL:0 | KeepTogether OK:88 FAIL:25 | ListGroups:0
2026-06-22 04:01:56  DEBUG      Table 2: 8 rows (char 1729)
2026-06-22 04:01:56  DEBUG      Table 3: 4 rows (char 2982)
2026-06-22 04:01:57  DEBUG      Table 4: 5 rows (char 5277)
2026-06-22 04:01:57  DEBUG      Table 5: 4 rows (char 13550)
2026-06-22 04:01:57  DEBUG      Table 6: 4 rows (char 14481)
2026-06-22 04:01:57  DEBUG      Tables done -- rows OK:25 FAIL:0
2026-06-22 04:01:57  INFO       Formatting rules applied
2026-06-22 04:01:57  DEBUG      TOC tables found: 1
2026-06-22 04:01:57  DEBUG      toc.Update() called
2026-06-22 04:01:57  DEBUG      Fields.Update() called
2026-06-22 04:01:58  DEBUG      doc.Save() OK
2026-06-22 04:01:58  INFO       COM session COMPLETE -- toc_updated=True
2026-06-22 04:01:58  DEBUG      doc.Close() OK
2026-06-22 04:01:58  DEBUG      word.Quit() OK
2026-06-22 04:01:59  DEBUG      CoUninitialize OK
